{"type": "FeatureCollection", "features": [{"type": "Feature", "geometry": {"type": "Polygon", "coordinates": [[[66.7200739, 44.1880497], [66.7199613, 44.188019], [66.7199371, 44.1880613], [66.7198325, 44.1880305], [66.7198567, 44.1879901], [66.7195375, 44.1878882], [66.7194597, 44.1880151], [66.7187355, 44.1878016], [66.7191378, 44.1871419], [66.7203824, 44.187517], [66.7200739, 44.1880497]]]}, "properties": {"id": "substation_0001", "name": "\"Шиели\" ПС 220/110/35/10 кВ", "object_type": "substation", "voltage": "220/110/35/10 кВ", "parent_id": null, "fed_from": null, "year": "07.10.1994", "power_kva": null, "balance": null, "inventory_no": null, "length": null, "description": "Дата ввода в эксплуатацию: 07.10.1994\nТ-1 мощность: 40 000 кВА\nТ-2 мощность: 16 000 кВА\nТип устр.РЗА: 7SJ825, 7SJ8042, 7SJ85, 7UT82, 7UT86", "links": [{"name": "Гео-схема", "url": "https://www.google.com/maps/d/viewer?hl=ru&mid=1UqN86d6VyzQL0MXQDKVtVRaLhrjvZd4&ll=44.17740384068313%2C66.71204850000001&z=15"}, {"name": "ТБ", "url": "https://tbkrekshieli.taplink.kz"}, {"name": "Версия 2.0", "url": "https://vabang747-lab.github.io/energo-map/"}, {"name": "Фото", "url": "https://mymaps.usercontent.google.com/hostedimage/m/*/3AAjQbR4wumQF_RPFFaAuG_QEr13tu3UhFogvFPet6ypFar3YhK1o4wxfKN1vCUGJqWYW0s3nqdIg4-C4bUcTFO4unlQ_waD9HG-QB1FMukr45ULLjhvWV-UnL6ztALrKofG0_M3lX_DIkxcElx4Wm0sZq8XcJ0u3qYt7vrOIIw2yS4-y0QdbMAmxuZucjX-WP1kfNWRKzEeAYD6UE8uZFCSlbFhswYzkqFFGGXX8Ty0PzW7CukhV4HgIZX1hhs0?authuser=0&fife=s16383"}], "source_folder": "Электроустановки"}}, {"type": "Feature", "geometry": {"type": "Polygon", "coordinates": [[[66.7392481, 44.1657996], [66.7390926, 44.1657775], [66.7391207, 44.1656909], [66.7392683, 44.165713], [66.7392481, 44.1657996]]]}, "properties": {"id": "substation_0002", "name": "\"ЦРП-10 кВ\" ПС", "object_type": "substation", "voltage": null, "parent_id": null, "fed_from": null, "year": "04.08.1982", "power_kva": null, "balance": null, "inventory_no": null, "length": null, "description": "Дата ввода в эксплуатацию: 04.08.1982", "links": [{"name": "Гео-схема", "url": "https://www.google.com/maps/d/u/0/viewer?hl=ru&mid=1ZiT75tuaCmxam5m6lNwi0OUH2rbWMyA&ll=44.161923076224305%2C66.73364400000001&z=17"}, {"name": "Однолинейная схема", "url": "https://miro.com/app/board/uXjVHVvZ-uQ=/?moveToWidget=3458764672747890157&cot=14"}, {"name": "Анимация", "url": "https://canva.link/sf1ipihpeiuxp3o"}, {"name": "Фото", "url": "https://mymaps.usercontent.google.com/hostedimage/m/*/3AAjQbR47NyxLBwq7vYq2O4ngfYr8cCUZzXiJmDfUHBrlQd3reeCrieM1e_zPyHaMaVhKKVh_QN-FZK3QVd6F3nMsKthunHAqUzdcpLpYj4eYTIUizPcRPqCZ_cLx8E0col_h9zICKBR5sumPu1gtW1FtyS1FOwTq-PrD9J9smISgvWKTQknPz3av8HAQM95zwJ44Z16TmS7RJLoYT-3tYDQFAqZvZ576slWEE9M2n_YKAq66o_2eLLYGhpRAG3g?authuser=0&fife=s16383"}], "source_folder": "Электроустановки"}}, {"type": "Feature", "geometry": {"type": "Polygon", "coordinates": [[[66.7421694, 44.198749], [66.7420635, 44.1983452], [66.7424645, 44.1982885], [66.7425664, 44.198699], [66.7421694, 44.198749]]]}, "properties": {"id": "substation_0003", "name": "\"ЦПП\" ПС-35/10 кВ", "object_type": "substation", "voltage": "35/10 кВ", "parent_id": null, "fed_from": null, "year": null, "power_kva": null, "balance": null, "inventory_no": null, "length": null, "description": null, "links": [{"name": "Гео-схема", "url": "https://www.google.com/maps/d/viewer?hl=ru&mid=1WD1p_gKwWDika1K0cKdssyo0tJmcJ4g&ll=44.196439796323105%2C66.73217550000001&z=15"}, {"name": "Фото", "url": "https://mymaps.usercontent.google.com/hostedimage/m/*/3AAjQbR7OJ-mDbcDSTWKUd2jleVLQyJ5zWjnCW_-H8wKnYh8oPxUFNuU-yMS44S4gWcyfnnmnb6IHxe5Y_r_0K-9Dp98fx3j_JPkO4QdiqnY7-IihfZXRetVgnky4GK1PGS8GNsqRh0ZKbmclVrs6sGBVRG2fh9Nezm4CAX-33_WyeJZYGIqT8ai-8HJHANEK0gwbcfplPTgc5dtbIQ-25Fug7CsJs9iGjdK2UrQeTsAzf5YbOzGvSxfEaTCDM4E?authuser=0&fife=s16383"}], "source_folder": "Электроустановки"}}, {"type": "Feature", "geometry": {"type": "Polygon", "coordinates": [[[66.7167499, 44.1676346], [66.7167083, 44.1675779], [66.7168437, 44.167525], [66.716888, 44.1675807], [66.7167499, 44.1676346]]]}, "properties": {"id": "rp_0001", "name": "РП \"Береке-10 кВ\"", "object_type": "rp", "voltage": null, "parent_id": null, "fed_from": null, "year": null, "power_kva": null, "balance": null, "inventory_no": null, "length": null, "description": null, "links": [{"name": "Гео-схема", "url": "https://www.google.com/maps/d/viewer?hl=ru&mid=1jvdXUKosieiJJ8Q0_oJGvgeisaznwPU&ll=44.15650501774134%2C66.71075350000001&z=14"}], "source_folder": "Электроустановки"}}, {"type": "Feature", "geometry": {"type": "Polygon", "coordinates": [[[66.7757588, 44.1583267], [66.7756435, 44.1582103], [66.775728, 44.1581651], [66.7758433, 44.1582796], [66.7757588, 44.1583267]]]}, "properties": {"id": "rp_0002", "name": "РП \"Шугыла-10 кВ\"", "object_type": "rp", "voltage": null, "parent_id": null, "fed_from": null, "year": null, "power_kva": null, "balance": null, "inventory_no": null, "length": null, "description": null, "links": [{"name": "Гео-схема", "url": "https://www.google.com/maps/d/u/1/viewer?hl=ru&mid=1EmTb9FZ_g90775aqOqVwYKgNEqFrfZk&ll=44.15983458577737%2C66.768957&z=16"}], "source_folder": "Электроустановки"}}, {"type": "Feature", "geometry": {"type": "Polygon", "coordinates": [[[66.784976, 44.1972362], [66.7848607, 44.1968958], [66.7852147, 44.196842], [66.78533, 44.1971785], [66.784976, 44.1972362]]]}, "properties": {"id": "substation_0004", "name": "\"Н.Бекежанов\" ПС-35/10 кВ", "object_type": "substation", "voltage": "35/10 кВ", "parent_id": null, "fed_from": null, "year": "08.12.1981", "power_kva": null, "balance": null, "inventory_no": null, "length": null, "description": "Дата ввода в эксплуатацию: 08.12.1981\nТ-1 мощность: 2500 кВА", "links": [{"name": "Гео-схема", "url": "https://www.google.com/maps/d/u/0/viewer?hl=ru&mid=1RrOxrUQ-HZ-U8HPg_yaaFdK4nJWZfNE&ll=44.176761464479725%2C66.81145570000001&z=14"}, {"name": "Однолинейная схема", "url": "https://miro.com/app/board/uXjVHVvZ-uQ=/?moveToWidget=3458764672749369424&cot=14"}], "source_folder": "Электроустановки"}}, {"type": "Feature", "geometry": {"type": "Polygon", "coordinates": [[[66.7460364, 44.127134], [66.7460096, 44.126774], [66.7466319, 44.1267644], [66.7466534, 44.1271244], [66.7460364, 44.127134]]]}, "properties": {"id": "substation_0005", "name": "\"Бидайколь\" ПС 35/10 кВ", "object_type": "substation", "voltage": "35/10 кВ", "parent_id": null, "fed_from": null, "year": "08.12.1980", "power_kva": null, "balance": null, "inventory_no": null, "length": null, "description": "Дата ввода в эксплуатацию: 08.12.1980\nКласс напряжения: 35/10 кВ\nГод ввода в эксплуатацию: 1979\nТип оборудования: РВС-35, Т-1, ВМ-35 Т-1, ТР-35, НАМИ-10, ВМ-35 Л-78\nМощность трансформатора: ТМН-2500/35", "links": [{"name": "Гео-схема", "url": "https://www.google.com/maps/d/viewer?hl=ru&mid=15vU5jBYTauFSASLwQyGPZK5InF5STFI&ll=44.141150216694264%2C66.74108499999998&z=14"}, {"name": "Фото", "url": "https://mymaps.usercontent.google.com/hostedimage/m/*/3AAjQbR6NLpybFyFPq-mcDhYVxl3nXXGDbVjjbHY4XZzrO_2OQFnaemS02y7eUwRRmQthjhyTgw6Tcm9BwSu71AWSsAWoFQk0YK6kOHsum8pZ-zHxmY4HnhrCbk5fMfIH0tBxYXds5W-9IwTJBtjBH9nW_6jATLMURJNJ5UJ51nKLN4paf7gIW3eo5Nn5ez4-Vc6gnQE8XZxIpt5p4zbW0RPWMqNgThn1wjgI94priwVkzH_j9tE8K6IXIPGXf_o?authuser=0&fife=s16383"}], "source_folder": "Электроустановки"}}, {"type": "Feature", "geometry": {"type": "Polygon", "coordinates": [[[66.7157494, 44.2911972], [66.7158285, 44.2910282], [66.7162067, 44.2910983], [66.7161289, 44.2912845], [66.7159519, 44.2912452], [66.7159305, 44.2912922], [66.7157896, 44.2912644], [66.7158111, 44.2912116], [66.7157494, 44.2911972]]]}, "properties": {"id": "substation_0006", "name": "\"Бестам\" ПС-35/10 кВ", "object_type": "substation", "voltage": "35/10 кВ", "parent_id": null, "fed_from": null, "year": "08.06.1989", "power_kva": null, "balance": null, "inventory_no": null, "length": null, "description": "Дата ввода в эксплуатацию: 08.06.1989", "links": [], "source_folder": "Электроустановки"}}, {"type": "Feature", "geometry": {"type": "Polygon", "coordinates": [[[66.8718107, 44.0959939], [66.8717169, 44.0957348], [66.8721822, 44.0956587], [66.8722828, 44.0959101], [66.8718107, 44.0959939]]]}, "properties": {"id": "substation_0007", "name": "\"Акмая\" ПС-35/10 кВ", "object_type": "substation", "voltage": "35/10 кВ", "parent_id": null, "fed_from": null, "year": "08.12.1979", "power_kva": null, "balance": null, "inventory_no": null, "length": null, "description": "Дата ввода в эксплуатацию:08.12.1979\nКласс напряжения: 35/10 кВ\nГод ввода в эксплуатацию: 1979\nТип оборудования: РВС-35, Т-1, ВМ-35, ТР-35, НАМИ-10\nМощность трансформатора: ТМН-1600/35", "links": [{"name": "Однолинейная схема", "url": "https://miro.com/app/board/uXjVHVvZ-uQ=/?moveToWidget=3458764672751015226&cot=14"}], "source_folder": "Электроустановки"}}, {"type": "Feature", "geometry": {"type": "Polygon", "coordinates": [[[66.8420601, 44.2443309], [66.8421674, 44.2441628], [66.8424906, 44.2442675], [66.8423819, 44.2444337], [66.8420601, 44.2443309]]]}, "properties": {"id": "substation_0008", "name": "\"Енбекши\" ПС-35/10 кВ", "object_type": "substation", "voltage": "35/10 кВ", "parent_id": null, "fed_from": null, "year": "31.12.2004", "power_kva": null, "balance": null, "inventory_no": null, "length": null, "description": "Дата ввода в эксплуатацию: 31.12.2004\nКласс напряжения: 35/10 кВ\nГод ввода в эксплуатацию: 1981\nТип оборудования: РВС-35, Т-1, ВМ-35, ПР Л-64\nМощность трансформатора: ТМН-1600/35", "links": [], "source_folder": "Электроустановки"}}, {"type": "Feature", "geometry": {"type": "Polygon", "coordinates": [[[66.8555246, 44.4135634], [66.8553154, 44.4134398], [66.8554294, 44.4133239], [66.8556426, 44.4134475], [66.8555246, 44.4135634]]]}, "properties": {"id": "substation_0009", "name": "\"Карамурын\" ПС-35/6 кВ", "object_type": "substation", "voltage": "35/6 кВ", "parent_id": null, "fed_from": null, "year": null, "power_kva": null, "balance": null, "inventory_no": null, "length": null, "description": "Дата ввода в эксплуатацию:\nТ-1 мощность: 2500 кВА", "links": [], "source_folder": "Электроустановки"}}, {"type": "Feature", "geometry": {"type": "Polygon", "coordinates": [[[66.6175745, 44.239912], [66.6178789, 44.2396833], [66.618245, 44.2398908], [66.6179406, 44.2401214], [66.6175745, 44.239912]]]}, "properties": {"id": "substation_0010", "name": "\"Алмалы\" ПС-35/10 кВ", "object_type": "substation", "voltage": "35/10 кВ", "parent_id": null, "fed_from": null, "year": "08.12.1979", "power_kva": null, "balance": null, "inventory_no": null, "length": null, "description": "Дата ввода в эксплуатацию: 08.12.1979\nКласс напряжения: 35/10 кВ\nГод ввода в эксплуатацию: 1979\nТип оборудования: ТСР-10, РВС – 35, Т-1, ПСН-35, ТР-35, НАМИ-10\nМощность трансформатора: ТМН-1600/35", "links": [], "source_folder": "Электроустановки"}}, {"type": "Feature", "geometry": {"type": "Polygon", "coordinates": [[[66.8539532, 44.4125578], [66.8540028, 44.4124342], [66.8542362, 44.4124754], [66.8541879, 44.4125923], [66.8539532, 44.4125578]]]}, "properties": {"id": "substation_0011", "name": "\"KazChinNur\" ПС-35/10 кВ", "object_type": "substation", "voltage": "35/10 кВ", "parent_id": null, "fed_from": null, "year": null, "power_kva": null, "balance": null, "inventory_no": null, "length": null, "description": "Дата ввода в эксплуатацию:\nТ-1 мощность: 1600 кВА", "links": [], "source_folder": "Электроустановки"}}, {"type": "Feature", "geometry": {"type": "Polygon", "coordinates": [[[66.6243573, 43.9005336], [66.6244672, 43.9003258], [66.6248991, 43.9004418], [66.6247878, 43.9006495], [66.6243573, 43.9005336]]]}, "properties": {"id": "substation_0012", "name": "\"Каргалы\" ПС-35/10 кВ", "object_type": "substation", "voltage": "35/10 кВ", "parent_id": null, "fed_from": null, "year": null, "power_kva": null, "balance": null, "inventory_no": null, "length": null, "description": "Дата ввода в эксплуатацию: 08.12.1979\nКласс напряжения: 35/10 кВ\nГод ввода в эксплуатацию: 1979\nТип оборудования: РВС-35, Т-1, ВМ-35, ТР-35, НАМИ-10\nМощность трансформатора: ТМН-1000/35", "links": [], "source_folder": "Электроустановки"}}, {"type": "Feature", "geometry": {"type": "Polygon", "coordinates": [[[66.9352282, 44.344872], [66.9352282, 44.3447271], [66.9356037, 44.3447262], [66.9355957, 44.3448739], [66.9352282, 44.344872]]]}, "properties": {"id": "substation_0013", "name": "\"Карьер\" ПС-35/10 кВ", "object_type": "substation", "voltage": "35/10 кВ", "parent_id": null, "fed_from": null, "year": null, "power_kva": null, "balance": null, "inventory_no": null, "length": null, "description": "Дата ввода в эксплуатацию:", "links": [], "source_folder": "Электроустановки"}}, {"type": "Feature", "geometry": {"type": "Polygon", "coordinates": [[[66.9643758, 44.3094569], [66.9624339, 44.3084665], [66.9640057, 44.3068773], [66.965953, 44.3078753], [66.9643758, 44.3094569]]]}, "properties": {"id": "substation_0014", "name": "\"РУ-6\" ПС", "object_type": "substation", "voltage": null, "parent_id": null, "fed_from": null, "year": null, "power_kva": null, "balance": null, "inventory_no": null, "length": null, "description": "Дата ввода в эксплуатацию:", "links": [], "source_folder": "Электроустановки"}}, {"type": "Feature", "geometry": {"type": "Polygon", "coordinates": [[[66.7137014, 44.2139119], [66.710466, 44.211808], [66.714757, 44.20747], [66.7193667, 44.2092306], [66.7137014, 44.2139119]]]}, "properties": {"id": "power_0001", "name": "СЭС 20 МВт \"Шиели-1\"", "object_type": "power_object", "voltage": null, "parent_id": null, "fed_from": null, "year": null, "power_kva": null, "balance": null, "inventory_no": null, "length": null, "description": null, "links": [], "source_folder": "Электроустановки"}}, {"type": "Feature", "geometry": {"type": "Polygon", "coordinates": [[[66.7050041, 44.2104666], [66.7092098, 44.2124199], [66.7115916, 44.2148807], [66.7071284, 44.217818], [66.7020215, 44.2145885], [66.7050041, 44.2104666]]]}, "properties": {"id": "power_0002", "name": "СЭС 20 МВт \"Шиели-2\"", "object_type": "power_object", "voltage": null, "parent_id": null, "fed_from": null, "year": null, "power_kva": null, "balance": null, "inventory_no": null, "length": null, "description": null, "links": [], "source_folder": "Электроустановки"}}, {"type": "Feature", "geometry": {"type": "Polygon", "coordinates": [[[66.96509, 44.31007], [66.97068, 44.30415], [66.97959, 44.30861], [66.9712381, 44.3158435], [66.96509, 44.31007]]]}, "properties": {"id": "power_0003", "name": "СЭС \"РУ-6\"", "object_type": "power_object", "voltage": null, "parent_id": null, "fed_from": null, "year": null, "power_kva": null, "balance": null, "inventory_no": null, "length": null, "description": "Дата ввода в эксплуатацию:", "links": [], "source_folder": "Электроустановки"}}, {"type": "Feature", "geometry": {"type": "Polygon", "coordinates": [[[66.7938068, 44.1734141], [66.7935869, 44.1734025], [66.7935788, 44.1732717], [66.7938095, 44.1732756], [66.7938068, 44.1734141]]]}, "properties": {"id": "power_0004", "name": "3-й подьем", "object_type": "power_object", "voltage": null, "parent_id": null, "fed_from": null, "year": null, "power_kva": null, "balance": null, "inventory_no": null, "length": null, "description": "Дата ввода в эксплуатацию:", "links": [], "source_folder": "Электроустановки"}}, {"type": "Feature", "geometry": {"type": "Polygon", "coordinates": [[[66.4997367, 44.2193555], [66.5000948, 44.2191258], [66.5003362, 44.2193238], [66.4999794, 44.2195487], [66.4997367, 44.2193555]]]}, "properties": {"id": "substation_0015", "name": "\"Ортакшыл\" ПС-35/10 кВ", "object_type": "substation", "voltage": "35/10 кВ", "parent_id": null, "fed_from": null, "year": null, "power_kva": null, "balance": null, "inventory_no": null, "length": null, "description": "Дата ввода в эксплуатацию: 08.12.1980\nКласс напряжения: 35/10 кВ\nГод ввода в эксплуатацию: 1980\nТип оборудования: ТСР-10, РВС – 35, Т-1, ПСН-35, ТР-35, НАМИ-10\nМощность трансформатора: ТМН-1000/35", "links": [], "source_folder": "Электроустановки"}}, {"type": "Feature", "geometry": {"type": "Polygon", "coordinates": [[[66.4294406, 44.2966691], [66.4291617, 44.2963898], [66.4294218, 44.2962535], [66.4297021, 44.2965299], [66.4294406, 44.2966691]]]}, "properties": {"id": "substation_0016", "name": "\"Джулек\" ПС-35/10 кВ", "object_type": "substation", "voltage": "35/10 кВ", "parent_id": null, "fed_from": null, "year": null, "power_kva": null, "balance": null, "inventory_no": null, "length": null, "description": "Дата ввода в эксплуатацию: 08.12.1968\nКласс напряжения: 35/10 кВ\nГод ввода в эксплуатацию: 1980\nТип оборудования: РВС-35, Т-1, ВМ-35, ТР-35, НАМИ-10, ПСН-35, ТСР-10\nМощность трансформатора: ТМН-1600/35", "links": [], "source_folder": "Электроустановки"}}, {"type": "Feature", "geometry": {"type": "Polygon", "coordinates": [[[66.5163948, 44.3230238], [66.5162647, 44.3227273], [66.5165838, 44.3226534], [66.5167005, 44.3229585], [66.5163948, 44.3230238]]]}, "properties": {"id": "substation_0017", "name": "\"Бала би\" ПС-35/10 кВ", "object_type": "substation", "voltage": "35/10 кВ", "parent_id": null, "fed_from": null, "year": null, "power_kva": null, "balance": null, "inventory_no": null, "length": null, "description": "Дата ввода в эксплуатацию: 08.12.1990\nКласс напряжения: 35/10 кВ\nГод ввода в эксплуатацию: 1990\nТип оборудования: РВС – 35, Т-2, ВМ-35, ТР-35, НАМИ-10\nМощность трансформатора: ТМН-1600/35", "links": [], "source_folder": "Электроустановки"}}, {"type": "Feature", "geometry": {"type": "Polygon", "coordinates": [[[66.25839, 44.4576947], [66.2581137, 44.4574908], [66.2585013, 44.4572209], [66.2587534, 44.4574382], [66.25839, 44.4576947]]]}, "properties": {"id": "substation_0018", "name": "\"Тартогай\" ПС-35/10 кВ", "object_type": "substation", "voltage": "35/10 кВ", "parent_id": null, "fed_from": null, "year": null, "power_kva": null, "balance": null, "inventory_no": null, "length": null, "description": "Дата ввода в эксплуатацию: 05.01.1972\nКласс напряжения: 35/10 кВ\nГод ввода в эксплуатацию: 1973\nТип оборудования: РВС-35, Т-1, ВМ-35, ТР-35, НАМИ-10, ТСР-10, ПР-1\nМощность трансформатора: ТМН-1000/35", "links": [], "source_folder": "Электроустановки"}}, {"type": "Feature", "geometry": {"type": "Polygon", "coordinates": [[[66.0484756, 44.6390719], [66.0481551, 44.63882], [66.0485011, 44.6385967], [66.048831, 44.6388667], [66.0484756, 44.6390719]]]}, "properties": {"id": "substation_0019", "name": "\"Солу-тобе\" ПС-35/10 кВ", "object_type": "substation", "voltage": "35/10 кВ", "parent_id": null, "fed_from": null, "year": null, "power_kva": null, "balance": null, "inventory_no": null, "length": null, "description": "Дата ввода в эксплуатацию: 05.01.1974", "links": [], "source_folder": "Электроустановки"}}, {"type": "Feature", "geometry": {"type": "Polygon", "coordinates": [[[66.7600838, 44.3802336], [66.7601657, 44.3801915], [66.7602247, 44.3802557], [66.7601402, 44.3802902], [66.7600838, 44.3802336]]]}, "properties": {"id": "substation_0020", "name": "ПС-35/0,4 кВ КХ \"Аширбеков\"", "object_type": "substation", "voltage": "35/0,4 кВ", "parent_id": null, "fed_from": null, "year": null, "power_kva": null, "balance": null, "inventory_no": null, "length": null, "description": "Дата ввода в эксплуатацию:", "links": [], "source_folder": "Электроустановки"}}, {"type": "Feature", "geometry": {"type": "Polygon", "coordinates": [[[66.6897761, 44.341298], [66.6897225, 44.3412539], [66.6897788, 44.3412184], [66.6898338, 44.3412654], [66.6897761, 44.341298]]]}, "properties": {"id": "substation_0021", "name": "ПС-35/0,4 кВ КХ \"Биби\"", "object_type": "substation", "voltage": "35/0,4 кВ", "parent_id": null, "fed_from": null, "year": null, "power_kva": null, "balance": null, "inventory_no": null, "length": null, "description": "Дата ввода в эксплуатацию:", "links": [], "source_folder": "Электроустановки"}}, {"type": "Feature", "geometry": {"type": "Polygon", "coordinates": [[[65.7526804, 44.7664433], [65.7528333, 44.7661329], [65.7532705, 44.7662405], [65.7531216, 44.766549], [65.7526804, 44.7664433]]]}, "properties": {"id": "substation_0022", "name": "ПС-35/10 кВ \"Бырказан\"", "object_type": "substation", "voltage": "35/10 кВ", "parent_id": null, "fed_from": null, "year": null, "power_kva": null, "balance": null, "inventory_no": null, "length": null, "description": "Дата ввода в эксплуатацию:", "links": [], "source_folder": "Электроустановки"}}, {"type": "Feature", "geometry": {"type": "Polygon", "coordinates": [[[67.0951904, 44.0689234], [67.0951166, 44.0685823], [67.0951461, 44.0685775], [67.0951381, 44.0685476], [67.0954425, 44.0685119], [67.095417, 44.0683838], [67.0956021, 44.0683626], [67.0957013, 44.0688694], [67.0951904, 44.0689234]]]}, "properties": {"id": "substation_0023", "name": "ПС-35/10 кВ \"Такыркол\"", "object_type": "substation", "voltage": "35/10 кВ", "parent_id": null, "fed_from": null, "year": null, "power_kva": null, "balance": null, "inventory_no": null, "length": null, "description": "Дата ввода в эксплуатацию: 31.12.1902\nКласс напряжения: 35/10 кВ\nГод ввода в эксплуатацию: 1988\nТип оборудования: РВС – 35, Т-1, ПР-35, ТР-35\nМощность трансформатора: ТМН-2500/35", "links": [], "source_folder": "Электроустановки"}}, {"type": "Feature", "geometry": {"type": "Polygon", "coordinates": [[[66.9657493, 44.1406191], [66.9655777, 44.1404815], [66.9657466, 44.1403882], [66.9659062, 44.1405296], [66.9657493, 44.1406191]]]}, "properties": {"id": "substation_0024", "name": "ПС-35/10 кВ \"Сунак Ата\"", "object_type": "substation", "voltage": "35/10 кВ", "parent_id": null, "fed_from": null, "year": null, "power_kva": null, "balance": null, "inventory_no": null, "length": null, "description": "Дата ввода в эксплуатацию:", "links": [], "source_folder": "Электроустановки"}}, {"type": "Feature", "geometry": {"type": "Point", "coordinates": [66.7579496, 44.1598957]}, "properties": {"id": "tp_0001", "name": "610 КТПН-10/0,4 кВ", "object_type": "tp", "voltage": "10/0,4 кВ", "parent_id": "feeder_0040", "fed_from": "ф.Шыгыс-3", "year": null, "power_kva": null, "balance": null, "inventory_no": null, "length": null, "description": null, "links": [{"name": "Фото 1", "url": "https://mymaps.usercontent.google.com/hostedimage/m/*/3AAjQbR4Cy6ezZLIhJ2S3g1F61BV6mMc2jzAYlVcsTDDa0klKGvsoChbDM-_cMQtKXeV-4Ywb0wGIoD3ix74DDm2k2dSIC-A1wScmQMzSg9VGU81h5oSwv3sbo7sFLWaY2QT9bTJWsPhZR_ATBrNkdy7NsRtfCWy_lSgiiuZxpZ8SirXS3tXyPXlsVQKIjFAdyRCfJsbNi4ruI6eJBziQKo9JqgJ6wSntDGBG_ukO-FuReRPn7hcFUVVZS2X_M8M?authuser=0&fife=s16383"}, {"name": "Фото 2", "url": "https://mymaps.usercontent.google.com/hostedimage/m/*/3AAjQbR79Y9fky5DzB2-eyI_DLU5Pqrw80_UPttO0t11tv1fdmGZgD8AF6eZ25qPIKdfDZnX98DsRh2u80eZbgc1zwa0KGr9A7IuAZk3hqaGr2aIACI7c1AWoKwbYnT0j75kaFDlGQmtXAd72lq75zA4yN0hj83D8QJI7Wdb_iIiXBq2yk0twNKFUXkBvnXr1J5UorS0LG5B66nvlBTfVGL23YEDhS5uhhptIFmx68FcVN94psaCMo5BBraeDg8A?authuser=0&fife=s16383"}], "source_folder": "Трансформаторные пункты"}}, {"type": "Feature", "geometry": {"type": "Point", "coordinates": [66.7548374, 44.1575105]}, "properties": {"id": "tp_0002", "name": "619 КТПН-10/0,4 кВ", "object_type": "tp", "voltage": "10/0,4 кВ", "parent_id": "feeder_0038", "fed_from": "ф.МКСО", "year": null, "power_kva": "250 кВА", "balance": null, "inventory_no": null, "length": null, "description": null, "links": [{"name": "Фото", "url": "https://mymaps.usercontent.google.com/hostedimage/m/*/3AAjQbR5ChKglf-l2QuOwS9xlsm4AvdrpkZX_OP3oVk6zmb9CYcbUZ5iG5Nlp6sQJNa4FDJkjnulyP1s3A11iW6YoaUuPcCqGMdJBEdHnZqn3seUvWVCkC4ckIbUgaOWZ_B5hnwRWVyuCHYHB_0p1ygUBW02T-KA67CVkyQLAcProtYaDnZtrT8ufvnhy9mXrZqL9tZUGoDLdvDXECeJFhkSFQuRgGuodQUSNy5sygKLDf7ioKTTUgyxopj08s38?authuser=0&fife=s16383"}], "source_folder": "Трансформаторные пункты"}}, {"type": "Feature", "geometry": {"type": "Point", "coordinates": [66.7295513, 44.1800093]}, "properties": {"id": "tp_0003", "name": "КТП-10/0,4 кВ №21", "object_type": "tp", "voltage": "10/0,4 кВ", "parent_id": "feeder_0048", "fed_from": "ф.Залинейный", "year": "11.01.1975", "power_kva": "100 кВА", "balance": "ШРЭС", "inventory_no": null, "length": null, "description": null, "links": [{"name": "Фото", "url": "https://mymaps.usercontent.google.com/hostedimage/m/*/3AAjQbR7v13P9EzR7G2PwgTJZHsOle4eelmXoQ_v_-vKrPW_umkZWTC-XAZx_Uk6z3iUL5JapyfUIzWdBZzS_aYPx5KX196qPQ3rn_TsX92FbQZS2QX9ejirLIJJmD4pjD4BBEH3A1M-rSAAKjrWZ6RZFxvyY5peeZhQts2wzk_U_jhK0YJbneI_R9JH5TR-s0DdmPT1HgeBsaSP47rh2VKqzqQIPx-NVXVPIyruBWDETuYmX0LA8H9bkOvOGqoI?authuser=0&fife=s16383"}], "source_folder": "Трансформаторные пункты"}}, {"type": "Feature", "geometry": {"type": "Point", "coordinates": [66.7069721, 44.1767862]}, "properties": {"id": "tp_0004", "name": "620 КТПН-10/0,4 кВ", "object_type": "tp", "voltage": "10/0,4 кВ", "parent_id": "feeder_0049", "fed_from": "Аэропорт", "year": "2010", "power_kva": "160 кВА", "balance": "ШРЭС", "inventory_no": null, "length": null, "description": "Выполнен летний замер нагрузок ТП, КТП(Н), КТПБ-10/0,4 кВ по Шиелииской РЭС на 2026 год", "links": [{"name": "Фото 1", "url": "https://mymaps.usercontent.google.com/hostedimage/m/*/3AAjQbR62mTy74ObxN5iJv1jqAx0RA3KQwW-F3w4azWw0qcRyw-3uSzl1Wr8S82FfrzcwJSV0wu6MxpIocJwWJvhmwDH5QJvuCelF5ZYe-sgYrfvy6GQX_wYtFuwZ2RH9zVKrBb7o-MrJkycCzhwi_fNxvJqbiPV_1I3HEbn1pyTRpXTag5zsoYU223UimU249M5aBEEDKcEs_MqisdX__ctZ9I_LOuvMbSXlWUaqf-9NvgTwpwSejo5Ak1T6Iws?authuser=0&fife=s16383"}, {"name": "Фото 2", "url": "https://mymaps.usercontent.google.com/hostedimage/m/*/3AAjQbR5a21_NVzP2ra6CGv5txARYFh0r3-UQPv0G0xNS4QURkY8Azc1yTH25caXkQJZeoMi-oqM7xov9M3XGDuvSUmisrsFSnXmEYlvVqdpQlrLaPKVoVWlSoDfg87TraqUFNGTzM0B5HGn0cGVxf-oyNxdRKeuJGq7k1KkmM_fNDS-vIbcHanQlUhUBEJf4V8BQoEvsF4vTzRJ9MtMHDGHUlFj8O7e13PkFK9EKTV7xtFvnxZ89fsTw7MpsjUk?authuser=0&fife=s16383"}], "source_folder": "Трансформаторные пункты"}}, {"type": "Feature", "geometry": {"type": "Point", "coordinates": [66.7189295, 44.1745248]}, "properties": {"id": "tp_0005", "name": "725 КТПН-10/0,4 кВ", "object_type": "tp", "voltage": "10/0,4 кВ", "parent_id": "feeder_0070", "fed_from": "ф.Райцентр", "year": "2014 г.", "power_kva": "250 кВА", "balance": "ШРЭС", "inventory_no": null, "length": null, "description": "Выполнен летний замер нагрузок ТП, КТП(Н), КТПБ-10/0,4 кВ по Шиелииской РЭС на 2026 год", "links": [{"name": "Фото 1", "url": "https://mymaps.usercontent.google.com/hostedimage/m/*/3AAjQbR5OctPcnRDvqaFCbtKiTWApdxUWiEyDrmHjiMI-FklDZx3UAJdAXiZ929vzXHsFz8g0-mo6AZFJh5oU-kPMUrDTgYASmDWoDCMECoN1bHmTDg3aNf62vw6zpjPJkb8hTU-pV0UK_WGYQUfvzmxhkVb4tnzLjMrJx4nhZX7geKgon3s6JM8n7yzOF_PMfqXetDP9_gD-MRjNbCtmTpjaoA3tjtDmn-OW4VmzTvDIvQ3BayLdJfAKSwICiuc?authuser=0&fife=s16383"}, {"name": "Фото 2", "url": "https://mymaps.usercontent.google.com/hostedimage/m/*/3AAjQbR4K2JpinZhzJ22IOyLhmxCW8bd0__Xd84Zp01w3S66lyxcjEqGW37oeict3GBRO38-c-sd8rmE0SmJl2sGVZ9HRloysDStRKz08DKe55ki8cH66A0wE5JXE7DcgZncVhJ1GmkhQbM6HsCYuD3U3SnvcvGuPkgTbn_kHTrbMI2BNb9g3VBmGL3CO2GRr974jyi4GF-Vh-Dl7FrO9X_fThSyQKvlA89ML8Yzu_nNyKGRbJxNuHphq-ZR2l1g?authuser=0&fife=s16383"}], "source_folder": "Трансформаторные пункты"}}, {"type": "Feature", "geometry": {"type": "Point", "coordinates": [66.7100767, 44.1756262]}, "properties": {"id": "tp_0006", "name": "799 КТПН-10/0,4 кВ", "object_type": "tp", "voltage": "10/0,4 кВ", "parent_id": "feeder_0049", "fed_from": "Аэропорт", "year": "2017", "power_kva": "400 кВА", "balance": null, "inventory_no": null, "length": null, "description": "Выполнен летний замер нагрузок ТП, КТП(Н), КТПБ-10/0,4 кВ по Шиелииской РЭС на 2026 год", "links": [{"name": "Фото 1", "url": "https://mymaps.usercontent.google.com/hostedimage/m/*/3AAjQbR7fqUnAQ0DDeaV8h7Hz7nN88eqv1e8tvxgDvklsc5DckhIfyPIc8auVSpyLXx0APcIR7M2tFBhbF2kLRus17ck9O6RrH_cKfcUf9uzn34w7izN0OrA3fhM5mFxpHmky8Qgeyns4oXVo8eMCSzUjn5ORi3VJbLmz2ae3S73qoSfTHzG6jh3qRZCe09W6RiQSdfF2u9wyhhyRkwezzpeJv-W3ji_ii3J4x0djoeRWuRSSxHz9hhzcPL3lq4o?authuser=0&fife=s16383"}, {"name": "Фото 2", "url": "https://mymaps.usercontent.google.com/hostedimage/m/*/3AAjQbR7OziiAU_oXTQpd_XuRsW_AziZ-FtTxG9O8yUL0H76kaL8loEPYLBnufFAqcFcUBsDYJQYE3cHuZ4z-QSHeVGD0p7VkQhjYwAKh26FfbhX2lHH572x8Tie6Y1jKYkt42WzQH1nWde5_pYbVDXX-H2PCA8XG5qSR6WG3Z2jyiiejSGyT-qheQ4QLWjOayWNYWKv3w54NeOzlacTaBy3sJzmWuMdSE_KvR-sdCiJ84HFCLh0MDb1RVIoxuOk?authuser=0&fife=s16383"}], "source_folder": "Трансформаторные пункты"}}, {"type": "Feature", "geometry": {"type": "Point", "coordinates": [66.724543, 44.1973419]}, "properties": {"id": "tp_0007", "name": "12 КТПН-10/0,4 кВ", "object_type": "tp", "voltage": "10/0,4 кВ", "parent_id": "feeder_0032", "fed_from": "ф.ЛЦ-4", "year": null, "power_kva": null, "balance": null, "inventory_no": null, "length": null, "description": null, "links": [], "source_folder": "Трансформаторные пункты"}}, {"type": "Feature", "geometry": {"type": "Point", "coordinates": [66.733212, 44.1686351]}, "properties": {"id": "tp_0008", "name": "308 ТП-10/0,4 кВ", "object_type": "tp", "voltage": "10/0,4 кВ", "parent_id": "feeder_0036", "fed_from": "ф.Реалбаза", "year": null, "power_kva": "400 кВА", "balance": null, "inventory_no": null, "length": null, "description": null, "links": [], "source_folder": "Трансформаторные пункты"}}, {"type": "Feature", "geometry": {"type": "Point", "coordinates": [66.7208743, 44.178382]}, "properties": {"id": "tp_0009", "name": "270 КТПБ-10/0,4 кВ", "object_type": "tp", "voltage": "10/0,4 кВ", "parent_id": "feeder_0070", "fed_from": "Райцентр", "year": "25.09.2020 г.", "power_kva": "250 кВА", "balance": "ШРЭС", "inventory_no": "20310", "length": null, "description": "Выполнен летний замер нагрузок ТП, КТП(Н), КТПБ-10/0,4 кВ по Шиелииской РЭС на 2026 год", "links": [], "source_folder": "Трансформаторные пункты"}}, {"type": "Feature", "geometry": {"type": "Point", "coordinates": [66.7482054, 44.155809]}, "properties": {"id": "tp_0010", "name": "698 КТПН-10/0,4 кВ", "object_type": "tp", "voltage": "10/0,4 кВ", "parent_id": null, "fed_from": null, "year": null, "power_kva": null, "balance": null, "inventory_no": null, "length": null, "description": null, "links": [], "source_folder": "Трансформаторные пункты"}}, {"type": "Feature", "geometry": {"type": "Point", "coordinates": [66.7126304, 44.1666309]}, "properties": {"id": "tp_0011", "name": "КТПН-10/0,4 кВ №661", "object_type": "tp", "voltage": "10/0,4 кВ", "parent_id": "feeder_0043", "fed_from": "ф.Береке-2", "year": null, "power_kva": "160 кВА", "balance": null, "inventory_no": null, "length": null, "description": null, "links": [{"name": "Гео-схема", "url": "https://www.google.com/maps/d/edit?hl=ru&mid=1M9fDh_HkTcZ0W60M9sWdTZRD9SStm1A&ll=44.16572111133702%2C66.71517480688478&z=17"}, {"name": "По опорная схема", "url": "https://docs.google.com/drawings/d/1eFuUWTHDSA01Fnz97_rS7t_oz0ty6p6U82WXMYbb_q8/edit"}], "source_folder": "Трансформаторные пункты"}}, {"type": "Feature", "geometry": {"type": "Point", "coordinates": [66.7355701, 44.166695]}, "properties": {"id": "tp_0012", "name": "145 КТПБ-10/0,4 кВ", "object_type": "tp", "voltage": "10/0,4 кВ", "parent_id": "feeder_0037", "fed_from": "ф.Кинотеатр", "year": "31.08.2019 г.", "power_kva": "400 кВА", "balance": null, "inventory_no": null, "length": null, "description": null, "links": [{"name": "Фото 1", "url": "https://mymaps.usercontent.google.com/hostedimage/m/*/3AAjQbR5xd7tje4k-WAfVhIeTNtx-tZLc07-EfYrOy6lg_REkJDMHRF6XzxSGHudOqSmL5H2bwa3M7gMrNz6iOEblUUhKz-MMOSuKYJq77ZVeP1O5RZNHg9Nv2Jt5ChF5_u9CpnqCAf3qGtY7gLfiSFvKqsnVdGRQuslgJ5YJYrxl5K43_GFWyPKcCPGG_6Qe9eIUEcw2RVNxBxFxPDspn1C4-7ae-24ZCm6huw4xOKUneGeLYYG7HDPqjsf1uoQ?authuser=0&fife=s16383"}, {"name": "Фото 2", "url": "https://mymaps.usercontent.google.com/hostedimage/m/*/3AAjQbR6WcoJbgFo3aDHcaT5YNsLfV60ivPxCQJ3g5JpZxQutAByRpGkZTuAuQXbfs556efaCko9u3mfq97yHbuZdFTXjN5v3f6VdYo45hTH2iB1xC_fwH5ndXrEMn_kGnMJwoQRMB4bHxws52VWb-GYT-ZlNyJqcThMbXVmMd2ceEMegT1B-7vNMTmK_Lt0A1cxJmqsfd6zxA2F63u0J94NRpsTCCuv_9fa5Yrajo0d3ZhVIR6faFUYDjg4lndE?authuser=0&fife=s16383"}, {"name": "Фото 3", "url": "https://mymaps.usercontent.google.com/hostedimage/m/*/3AAjQbR5RACUpe-AH2Z9Upu4vLC8LSx6SCw3xP4A4s1dgmwH-RoDa-cFHDnBaLUJcZw1g1FDsRsk9qj0TXid2jGYl5MmVwTYkCH6MJtt4gJC4uAl9iyxK6OtRn6SCXrDHuyFDOUNTp2ELmkcv4aNu2g6PHN05KwLXOzsCHiUaNNNND-87rVU1sS35m7_Y7lu-6B99_YwQYBo4s9zK_OjIkMbI5Np--eeIwO3O86G-Na_L_WLDsj8SbeItAP7Z3p8?authuser=0&fife=s16383"}], "source_folder": "Трансформаторные пункты"}}, {"type": "Feature", "geometry": {"type": "Point", "coordinates": [66.7351866, 44.1675944]}, "properties": {"id": "tp_0013", "name": "924 КТПН-10/0,4 кВ", "object_type": "tp", "voltage": "10/0,4 кВ", "parent_id": "feeder_0037", "fed_from": "ф.Кинотеатр", "year": null, "power_kva": null, "balance": null, "inventory_no": null, "length": null, "description": null, "links": [], "source_folder": "Трансформаторные пункты"}}, {"type": "Feature", "geometry": {"type": "Point", "coordinates": [66.7330348, 44.1647129]}, "properties": {"id": "tp_0014", "name": "814  КТП(Н)-10/0,4 кВ", "object_type": "tp", "voltage": "10/0,4 кВ", "parent_id": "feeder_0037", "fed_from": "ф.Кинотеатр", "year": null, "power_kva": null, "balance": null, "inventory_no": null, "length": null, "description": null, "links": [{"name": "Фото 1", "url": "https://mymaps.usercontent.google.com/hostedimage/m/*/3AAjQbR6fxNK8XpOX1mQMHxJZSkHSjSE_M7mN-q96V15PFhqSAuYL8f2pDp8DkD9LSkfp8f0wuz7PC3gFdl38SLy1gFkwV1Iha1nh69sS2i8vPFsOg9VGaD2brZC-nVESSRCx6RtElLhc3rUSL_iRc-cYeDwapMmCk6jo039ylsZHEFMkSgDvtCUnPMiZtWp5QlrgbdRVnwWvCaoLybTFyZ7PjEI7egl0iXIFueXXxeMR48lOBMcr0E7-DkWDd0Q?authuser=0&fife=s16383"}, {"name": "Фото 2", "url": "https://mymaps.usercontent.google.com/hostedimage/m/*/3AAjQbR5b4to8tL-kJ9iD32q1-rkZF1wrifKA1PcRnE3Iii6dSHj8j9BwpcdEeq1osY0PYe_PDrgg3xUyuBLIu3_-swZs22qLXyXKgB5sB5cyROhhYD1G1kQXFSwQmrK3OouBwZ-ZXxV_8m2tftFkewPU-aljesmZnCOLWHyURVjyar872J9SRJzg3eUiUTc8QrGUgym9xe25fw4LWDoGQX2SOuLdBnAbGykUFttVqXzhsvEQFk587K6sqbSo0F8?authuser=0&fife=s16383"}], "source_folder": "Трансформаторные пункты"}}, {"type": "Feature", "geometry": {"type": "Point", "coordinates": [66.7395293, 44.1552192]}, "properties": {"id": "tp_0015", "name": "847 КТПН-10/0,4 кВ", "object_type": "tp", "voltage": "10/0,4 кВ", "parent_id": null, "fed_from": "ф.ЦРП от ПС-35/10 кВ \"Бидайколь\"", "year": null, "power_kva": "100 кВА", "balance": null, "inventory_no": null, "length": null, "description": "Дренажный скважин №1", "links": [], "source_folder": "Трансформаторные пункты"}}, {"type": "Feature", "geometry": {"type": "Point", "coordinates": [66.7396468, 44.1542699]}, "properties": {"id": "tp_0016", "name": "722  КТП(Н)-10/0,4 кВ", "object_type": "tp", "voltage": "10/0,4 кВ", "parent_id": null, "fed_from": "ф.ЦРП Бидайколь Вв-1", "year": null, "power_kva": "40 кВА", "balance": null, "inventory_no": null, "length": null, "description": null, "links": [], "source_folder": "Трансформаторные пункты"}}, {"type": "Feature", "geometry": {"type": "Point", "coordinates": [66.742348, 44.1632347]}, "properties": {"id": "tp_0017", "name": "187 КТПБ-10/0,4 кВ", "object_type": "tp", "voltage": "10/0,4 кВ", "parent_id": "feeder_0038", "fed_from": "ф.МКСО", "year": null, "power_kva": "250 кВА", "balance": null, "inventory_no": null, "length": null, "description": null, "links": [{"name": "Фото", "url": "https://mymaps.usercontent.google.com/hostedimage/m/*/3AAjQbR6DAwxdHL75vsHFlZyNZxh_NnBv72dFzjL5KI2DA9EEpa5aSse_iDtPxPtgdsQKWVoPyRlFs3P8aZGwpCkqUHlQJiFptaW7gvi-AJBBcsBxh4-U9xIsBFOl6DPze9zpH9YobkKGU_u_UGnxs9UstcRS-oeuFJUdUbB3CHLauEg5tJnDagwVS9Pn1oePa1FlGQKK-Qiq4euzntU0AeGiVnoYI4tbxJP_YVoFbuXdM0BKvgehir8EqMkg2b8?authuser=0&fife=s16383"}], "source_folder": "Трансформаторные пункты"}}, {"type": "Feature", "geometry": {"type": "Point", "coordinates": [66.7476015, 44.1618563]}, "properties": {"id": "tp_0018", "name": "79 КТПБ-10/0,4 кВ", "object_type": "tp", "voltage": "10/0,4 кВ", "parent_id": "feeder_0038", "fed_from": "ф.МКСО", "year": null, "power_kva": "250 кВА", "balance": null, "inventory_no": null, "length": null, "description": null, "links": [{"name": "Фото", "url": "https://mymaps.usercontent.google.com/hostedimage/m/*/3AAjQbR68cRVPrpM9OhcKEgGXqgL0UfMVigBshCzkEzswLGnxy7R62Vn2-G3vZ8v01jH5m3pRrZ1DvnE7dH90zjYnxC6Toj73TQQPHL1i4rezqum-mQkiDlilPTACoQScaz1Qpi9GgwsRjGhKOcOity4lrsnGEjIOHiZ1ZNuq5bS7Ppe73AY6kHvG47J9PRXz-XzFuZ1ZcBvK_lxiWQOob1zOfSEXZ1TmVu9HzyfFFTUlckXOYr9S4h_aY0hCUM0?authuser=0&fife=s16383"}], "source_folder": "Трансформаторные пункты"}}, {"type": "Feature", "geometry": {"type": "Point", "coordinates": [66.7475019, 44.1585605]}, "properties": {"id": "tp_0019", "name": "626 КТП(Н)-10/0,4 кВ", "object_type": "tp", "voltage": "10/0,4 кВ", "parent_id": "feeder_0038", "fed_from": "ф.МКСО", "year": null, "power_kva": null, "balance": null, "inventory_no": null, "length": null, "description": null, "links": [], "source_folder": "Трансформаторные пункты"}}, {"type": "Feature", "geometry": {"type": "Point", "coordinates": [66.7525273, 44.1603939]}, "properties": {"id": "tp_0020", "name": "58 ТП-10/0,4 кВ", "object_type": "tp", "voltage": "10/0,4 кВ", "parent_id": "feeder_0038", "fed_from": "ф.МКСО", "year": null, "power_kva": null, "balance": null, "inventory_no": null, "length": null, "description": null, "links": [], "source_folder": "Трансформаторные пункты"}}, {"type": "Feature", "geometry": {"type": "Point", "coordinates": [66.7283119, 44.1627517]}, "properties": {"id": "tp_0021", "name": "82 КТПН-10/0,4 кВ", "object_type": "tp", "voltage": "10/0,4 кВ", "parent_id": "feeder_0034", "fed_from": "ф.Советский", "year": null, "power_kva": "400 кВА", "balance": null, "inventory_no": null, "length": null, "description": null, "links": [{"name": "Паспорт", "url": "https://docs.google.com/document/d/1zj5R9i-DyGRqS0G7sTyHnOGzT77ieXS5/edit?usp=sharing&ouid=111096388949918053885&rtpof=true&sd=true"}], "source_folder": "Трансформаторные пункты"}}, {"type": "Feature", "geometry": {"type": "Point", "coordinates": [66.7334121, 44.1623755]}, "properties": {"id": "tp_0022", "name": "490 КТПН-10/0,4 кВ", "object_type": "tp", "voltage": "10/0,4 кВ", "parent_id": "feeder_0034", "fed_from": "ф.Советский", "year": null, "power_kva": "250 кВА", "balance": null, "inventory_no": null, "length": null, "description": null, "links": [{"name": "Паспорт", "url": "https://docs.google.com/document/d/1V3ywngiBBvA2j2mXQCNX9CLet9tNYYxh/edit?usp=drive_link&ouid=111096388949918053885&rtpof=true&sd=true"}], "source_folder": "Трансформаторные пункты"}}, {"type": "Feature", "geometry": {"type": "Point", "coordinates": [66.7364201, 44.1612127]}, "properties": {"id": "tp_0023", "name": "672 КТПН-10/0,4 кВ", "object_type": "tp", "voltage": "10/0,4 кВ", "parent_id": "feeder_0034", "fed_from": "ф.Советский", "year": null, "power_kva": "400 кВА", "balance": null, "inventory_no": null, "length": null, "description": null, "links": [{"name": "Паспорт", "url": "https://docs.google.com/document/d/1cuHG_7CyAcU6uigbjrOvaGsydfQ6YBwi/edit?usp=drive_link&ouid=111096388949918053885&rtpof=true&sd=true"}], "source_folder": "Трансформаторные пункты"}}, {"type": "Feature", "geometry": {"type": "Point", "coordinates": [66.7341524, 44.1589254]}, "properties": {"id": "tp_0024", "name": "78 КТПБ-10/0,4 кВ", "object_type": "tp", "voltage": "10/0,4 кВ", "parent_id": "feeder_0034", "fed_from": "ф.Советский", "year": null, "power_kva": "250 кВА", "balance": null, "inventory_no": null, "length": null, "description": null, "links": [{"name": "Паспорт", "url": "https://docs.google.com/document/d/14p7KqFzMAPebvlO6PLQYmCoePgrCdE6K/edit?usp=drive_link&ouid=111096388949918053885&rtpof=true&sd=true"}], "source_folder": "Трансформаторные пункты"}}, {"type": "Feature", "geometry": {"type": "Point", "coordinates": [66.7382663, 44.1592798]}, "properties": {"id": "tp_0025", "name": "514 КТПН-10/0,4 кВ", "object_type": "tp", "voltage": "10/0,4 кВ", "parent_id": "feeder_0034", "fed_from": "ф.Советский", "year": null, "power_kva": "400 кВА", "balance": null, "inventory_no": null, "length": null, "description": null, "links": [{"name": "Паспорт", "url": "https://docs.google.com/document/d/1dbH3yZiss21s3l9AJ3ItqQG5CFBBTNEd/edit?usp=drive_link&ouid=111096388949918053885&rtpof=true&sd=true"}], "source_folder": "Трансформаторные пункты"}}, {"type": "Feature", "geometry": {"type": "Point", "coordinates": [66.6921432, 44.1686447]}, "properties": {"id": "tp_0026", "name": "419 КТПН-10/0,4 кВ", "object_type": "tp", "voltage": "10/0,4 кВ", "parent_id": "feeder_0050", "fed_from": "ф.Кызылту", "year": null, "power_kva": null, "balance": "Школа №149", "inventory_no": null, "length": null, "description": null, "links": [{"name": "Фото", "url": "https://mymaps.usercontent.google.com/hostedimage/m/*/3AAjQbR5uRzYjyRtsmqDaRiICzIVvtSEKhTOv4V5kviyhepSFpn_QJml7_tH1r1UBcMQ6sq0B1n6okTrIkPcbA-yrjyK1CEUMZU-pznPZ8W_b9Wq_Qnn6pPQa09S6lzZ79zqzVxgvzwnIsscwl64nEbq8oGbxdi1bpsSQJJUeKRx59d7DsaArlz1wWI-6lSYJM0BS0LSaC3047nIM610QMRauceB1JB2nIkf3pBNpPXbHijfKHuvkGF4bsWfIWoY?authuser=0&fife=s16383"}], "source_folder": "Трансформаторные пункты"}}, {"type": "Feature", "geometry": {"type": "Point", "coordinates": [66.6902524, 44.1741943]}, "properties": {"id": "tp_0027", "name": "171 КТПН-10/0,4 кВ", "object_type": "tp", "voltage": "10/0,4 кВ", "parent_id": "feeder_0050", "fed_from": "ф.Кызылту", "year": "2022 г.", "power_kva": "250 кВА", "balance": "ШРЭС", "inventory_no": null, "length": null, "description": "Выполнен летний замер нагрузок ТП, КТП(Н), КТПБ-10/0,4 кВ по Шиелииской РЭС на 2026 год", "links": [{"name": "Фото", "url": "https://mymaps.usercontent.google.com/hostedimage/m/*/3AAjQbR7WoMJDPwLw1tNH4iBG6pNaH1MZ1hiB8zHVGFRhaSFoa-dLxOzNziMJKKW6QP8anOrJqD1lLZxC82Lw_k58jYCrykulQje1nBhNwWHajsYwdFXbnRlwwjHbmVe94yas4IdpkIog_yubPh9AZhpUmR6GRpQk_KX-3Ck98EB082Ye_pM6AXa7BsfOviUrIFquvDSBUZOtIHPl9z-y4bIXt32OUQvc0i8PEhS257CZmzUWf80jZtSL4oCQsFs?authuser=0&fife=s16383"}], "source_folder": "Трансформаторные пункты"}}, {"type": "Feature", "geometry": {"type": "Point", "coordinates": [66.7424786, 44.1610147]}, "properties": {"id": "tp_0028", "name": "726 КТПН-10/0,4 кВ", "object_type": "tp", "voltage": "10/0,4 кВ", "parent_id": "feeder_0035", "fed_from": "ф.Райболница", "year": "2014 г.", "power_kva": "160 кВА", "balance": null, "inventory_no": null, "length": null, "description": null, "links": [{"name": "Фото 1", "url": "https://mymaps.usercontent.google.com/hostedimage/m/*/3AAjQbR7RKDZFmhcymHaGslHduevn5_2FUFkvRr-7V8AFqKzz_7-bKxOnsvlG3xs_KQeOuIfkou5ag8gtNFzIwBPISIPbkJNLLj46UWZM5HklSMpDNan_bjtFRJt89ni4T3y_XE4zAHgl0BgI4IX-4_eDVBgEh12ByYD96v4tGXtdMmUBjz6tzYnm-hjv6MFQJuKKwpmgj-JM2wHDlUiB1ZhL0H-sfsKimeZKNT6fmEHXgY7pPbzbFNUEZT68afg?authuser=0&fife=s16383"}, {"name": "Фото 2", "url": "https://mymaps.usercontent.google.com/hostedimage/m/*/3AAjQbR5_2_KTaqMKPji4ZmkW19RJ75Xq40bRWj5I3qmXiXqNwPrJq89lxx7vD6qgguHp0m3wn7LFkKSCBZOkozuakh7yRDCW9hSoser9jsKs9pS-MAudVxiiC21JpOOK9XrRTLZQy_8xV2_N6aeOWrE9yCn7CJMLUV4aDiRypvuH6OGXYOmYy5bcy0QSqSj686-Oqpa27WusNgmw37QFVs8pB5iiNf7FvFl6hOtAE0veRo1z76StiIubUNAH4Q4?authuser=0&fife=s16383"}], "source_folder": "Трансформаторные пункты"}}, {"type": "Feature", "geometry": {"type": "Point", "coordinates": [66.72902, 44.16841]}, "properties": {"id": "tp_0029", "name": "671 КТПН-10/0,4 кВ", "object_type": "tp", "voltage": "10/0,4 кВ", "parent_id": "feeder_0043", "fed_from": "ф.Береке-2", "year": null, "power_kva": "400 кВА", "balance": null, "inventory_no": null, "length": null, "description": null, "links": [], "source_folder": "Трансформаторные пункты"}}, {"type": "Feature", "geometry": {"type": "Point", "coordinates": [66.7505463, 44.1487685]}, "properties": {"id": "tp_0030", "name": "767 КТПН-10/0,4 кВ", "object_type": "tp", "voltage": "10/0,4 кВ", "parent_id": "feeder_0024", "fed_from": "ф.Ынтымак", "year": null, "power_kva": "400 кВА", "balance": null, "inventory_no": null, "length": null, "description": null, "links": [{"name": "Паспорт", "url": "https://docs.google.com/document/d/1fPSnh19KVaiZiH2qx7BOaNr6rTLP6vPE/edit?usp=drive_link&ouid=111096388949918053885&rtpof=true&sd=true"}], "source_folder": "Трансформаторные пункты"}}, {"type": "Feature", "geometry": {"type": "Point", "coordinates": [66.7446372, 44.1300293]}, "properties": {"id": "tp_0031", "name": "716 КТПН-10/0,4 кВ", "object_type": "tp", "voltage": "10/0,4 кВ", "parent_id": "feeder_0025", "fed_from": "ф.Бейбытшылык", "year": null, "power_kva": "160 кВА", "balance": null, "inventory_no": null, "length": null, "description": null, "links": [{"name": "Паспорт", "url": "https://drive.google.com/open?id=1ZSLGmSEuhBSH76bHClZFXGEzxNkSj2Q4&usp=drive_copy"}], "source_folder": "Трансформаторные пункты"}}, {"type": "Feature", "geometry": {"type": "Point", "coordinates": [66.7397454, 44.1368852]}, "properties": {"id": "tp_0032", "name": "666 ТП -10/0,4 кВ", "object_type": "tp", "voltage": "10/0,4 кВ", "parent_id": "feeder_0025", "fed_from": "ф.Бейбытшылык", "year": null, "power_kva": "250 кВА", "balance": null, "inventory_no": null, "length": null, "description": null, "links": [{"name": "Паспорт", "url": "https://drive.google.com/open?id=1RNI0rN7IDDp9xG2XSPiBLNdha-0GZm2c&usp=drive_copy"}], "source_folder": "Трансформаторные пункты"}}, {"type": "Feature", "geometry": {"type": "Point", "coordinates": [66.7406379, 44.1453546]}, "properties": {"id": "tp_0033", "name": "892 КТПН-10/0,4 кВ", "object_type": "tp", "voltage": "10/0,4 кВ", "parent_id": "feeder_0025", "fed_from": "ф.Бейбытшылык", "year": null, "power_kva": "100 кВА", "balance": null, "inventory_no": null, "length": null, "description": null, "links": [{"name": "Паспорт", "url": "https://drive.google.com/open?id=14HdN3mcx_GDbDWiNn8JymOdO-m68U-NN&usp=drive_copy"}], "source_folder": "Трансформаторные пункты"}}, {"type": "Feature", "geometry": {"type": "Point", "coordinates": [66.7401094, 44.1457992]}, "properties": {"id": "tp_0034", "name": "258 КТПН-10/0,4 кВ", "object_type": "tp", "voltage": "10/0,4 кВ", "parent_id": "feeder_0025", "fed_from": "ф.Бейбытшылык", "year": null, "power_kva": "63 кВА", "balance": null, "inventory_no": null, "length": null, "description": null, "links": [{"name": "Паспорт", "url": "https://drive.google.com/open?id=1LCxu0R2e_ar-zatc8ie9nQ2N76ppZSzW&usp=drive_copy"}], "source_folder": "Трансформаторные пункты"}}, {"type": "Feature", "geometry": {"type": "Point", "coordinates": [66.743143, 44.1489921]}, "properties": {"id": "tp_0035", "name": "709 КТП-10/0,4 кВ", "object_type": "tp", "voltage": "10/0,4 кВ", "parent_id": "feeder_0025", "fed_from": "ф.Бейбытшылык", "year": null, "power_kva": "25 кВА", "balance": null, "inventory_no": null, "length": null, "description": null, "links": [{"name": "Паспорт", "url": "https://drive.google.com/open?id=13Rlgd0BszvxCQY8yhyXvt2ppsaviQnWk&usp=drive_copy"}], "source_folder": "Трансформаторные пункты"}}, {"type": "Feature", "geometry": {"type": "Point", "coordinates": [66.7405292, 44.1531346]}, "properties": {"id": "tp_0036", "name": "894 КТП-10/0,4 кВ", "object_type": "tp", "voltage": "10/0,4 кВ", "parent_id": "feeder_0025", "fed_from": "ф.Бейбытшылык", "year": null, "power_kva": "100 кВА", "balance": null, "inventory_no": null, "length": null, "description": null, "links": [{"name": "Паспорт", "url": "https://drive.google.com/open?id=18n0yK-nqr-24CyFgVAP-GiULsSQzsdBU&usp=drive_copy"}], "source_folder": "Трансформаторные пункты"}}, {"type": "Feature", "geometry": {"type": "Point", "coordinates": [66.7475099, 44.1475451]}, "properties": {"id": "tp_0037", "name": "766 КТПН-10/0,4 кВ", "object_type": "tp", "voltage": "10/0,4 кВ", "parent_id": "feeder_0024", "fed_from": "ф.Ынтымак", "year": null, "power_kva": "250 кВА", "balance": null, "inventory_no": null, "length": null, "description": null, "links": [{"name": "Паспорт", "url": "https://docs.google.com/document/d/14e_GAgbyXTzGQEKzPqCMkGVkmTCEMCJx/edit?usp=drive_link&ouid=111096388949918053885&rtpof=true&sd=true"}], "source_folder": "Трансформаторные пункты"}}, {"type": "Feature", "geometry": {"type": "Point", "coordinates": [66.7108853, 44.2881861]}, "properties": {"id": "tp_0038", "name": "146 КТП(Н)-10/0,4 кВ", "object_type": "tp", "voltage": "10/0,4 кВ", "parent_id": "feeder_0004", "fed_from": "ф.Ленин", "year": null, "power_kva": "160 кВА", "balance": null, "inventory_no": null, "length": null, "description": null, "links": [], "source_folder": "Трансформаторные пункты"}}, {"type": "Feature", "geometry": {"type": "Point", "coordinates": [66.7228087, 44.2867624]}, "properties": {"id": "tp_0039", "name": "925 КТП(Н)-10/0,4 кВ", "object_type": "tp", "voltage": "10/0,4 кВ", "parent_id": "feeder_0004", "fed_from": "ф.Ленин", "year": null, "power_kva": null, "balance": null, "inventory_no": null, "length": null, "description": null, "links": [], "source_folder": "Трансформаторные пункты"}}, {"type": "Feature", "geometry": {"type": "Point", "coordinates": [66.7245276, 44.2854031]}, "properties": {"id": "tp_0040", "name": "151 КТП(Н)-10/0,4 кВ", "object_type": "tp", "voltage": "10/0,4 кВ", "parent_id": "feeder_0004", "fed_from": "ф.Ленин", "year": null, "power_kva": "160 кВА", "balance": null, "inventory_no": null, "length": null, "description": null, "links": [], "source_folder": "Трансформаторные пункты"}}, {"type": "Feature", "geometry": {"type": "Point", "coordinates": [66.726872, 44.2866109]}, "properties": {"id": "tp_0041", "name": "376 КТП(Н)-10/0,4 кВ", "object_type": "tp", "voltage": "10/0,4 кВ", "parent_id": "feeder_0004", "fed_from": "ф.Ленин", "year": null, "power_kva": null, "balance": null, "inventory_no": null, "length": null, "description": null, "links": [], "source_folder": "Трансформаторные пункты"}}, {"type": "Feature", "geometry": {"type": "Point", "coordinates": [66.727265, 44.2867712]}, "properties": {"id": "tp_0042", "name": "158 КТП(Н)-10/0,4 кВ", "object_type": "tp", "voltage": "10/0,4 кВ", "parent_id": "feeder_0004", "fed_from": "ф.Ленин", "year": null, "power_kva": "250 кВА", "balance": null, "inventory_no": null, "length": null, "description": null, "links": [], "source_folder": "Трансформаторные пункты"}}, {"type": "Feature", "geometry": {"type": "Point", "coordinates": [66.7146146, 44.2888087]}, "properties": {"id": "tp_0043", "name": "274 КТП(Н)-10/0,4 кВ", "object_type": "tp", "voltage": "10/0,4 кВ", "parent_id": "feeder_0004", "fed_from": "ф.Ленин", "year": null, "power_kva": null, "balance": null, "inventory_no": null, "length": null, "description": null, "links": [], "source_folder": "Трансформаторные пункты"}}, {"type": "Feature", "geometry": {"type": "Point", "coordinates": [66.7225747, 44.2803497]}, "properties": {"id": "tp_0044", "name": "153 КТП(Н)-10/0,4 кВ", "object_type": "tp", "voltage": "10/0,4 кВ", "parent_id": "feeder_0004", "fed_from": "ф.Ленин", "year": null, "power_kva": "250 кВа", "balance": null, "inventory_no": null, "length": null, "description": null, "links": [], "source_folder": "Трансформаторные пункты"}}, {"type": "Feature", "geometry": {"type": "Point", "coordinates": [66.7251242, 44.2804323]}, "properties": {"id": "tp_0045", "name": "642 КТП(Н)-10/0,4 кВ", "object_type": "tp", "voltage": "10/0,4 кВ", "parent_id": "feeder_0004", "fed_from": "ф.Ленин", "year": null, "power_kva": null, "balance": null, "inventory_no": null, "length": null, "description": null, "links": [], "source_folder": "Трансформаторные пункты"}}, {"type": "Feature", "geometry": {"type": "Point", "coordinates": [66.7409502, 44.2259834]}, "properties": {"id": "tp_0046", "name": "108 КТПН-10/0,4 кВ", "object_type": "tp", "voltage": "10/0,4 кВ", "parent_id": "feeder_0004", "fed_from": "ф.Ленин", "year": "12.07.1987 г.", "power_kva": "250 кВА", "balance": null, "inventory_no": null, "length": null, "description": "Выполнен летний замер нагрузок ТП, КТП(Н), КТПБ-10/0,4 кВ по Шиелииской РЭС на 2026 год", "links": [{"name": "Подробная информация", "url": "https://drive.google.com/drive/folders/1Jlg0hQgoPdqHeIYyuwaTkFlgTKCvxNit?usp=sharing"}], "source_folder": "Трансформаторные пункты"}}, {"type": "Feature", "geometry": {"type": "Point", "coordinates": [66.7392535, 44.2313563]}, "properties": {"id": "tp_0047", "name": "641 КТП(Н)-10/0,4 кВ", "object_type": "tp", "voltage": "10/0,4 кВ", "parent_id": "feeder_0004", "fed_from": "ф.Ленин", "year": null, "power_kva": null, "balance": null, "inventory_no": null, "length": null, "description": null, "links": [], "source_folder": "Трансформаторные пункты"}}, {"type": "Feature", "geometry": {"type": "Point", "coordinates": [66.7349339, 44.224456]}, "properties": {"id": "tp_0048", "name": "354 КТП(Н)-10/0,4 кВ", "object_type": "tp", "voltage": "10/0,4 кВ", "parent_id": "feeder_0004", "fed_from": "ф.Ленин", "year": null, "power_kva": null, "balance": null, "inventory_no": null, "length": null, "description": null, "links": [], "source_folder": "Трансформаторные пункты"}}, {"type": "Feature", "geometry": {"type": "Point", "coordinates": [66.7369347, 44.2231293]}, "properties": {"id": "tp_0049", "name": "266  КТП(Н)-10/0,4 кВ", "object_type": "tp", "voltage": "10/0,4 кВ", "parent_id": "feeder_0004", "fed_from": "ф.Ленин", "year": null, "power_kva": null, "balance": null, "inventory_no": null, "length": null, "description": null, "links": [], "source_folder": "Трансформаторные пункты"}}, {"type": "Feature", "geometry": {"type": "Point", "coordinates": [66.7387075, 44.2208813]}, "properties": {"id": "tp_0050", "name": "373-2 КТП-10/0,4 кВ", "object_type": "tp", "voltage": "10/0,4 кВ", "parent_id": "feeder_0004", "fed_from": "ф.Ленин", "year": "12.06.1980 г.", "power_kva": "100 кВА", "balance": null, "inventory_no": null, "length": null, "description": "Общ.кол.опор: 131\nВыполнен летний замер нагрузок ТП, КТП(Н), КТПБ-10/0,4 кВ по Шиелииской РЭС на 2026 год", "links": [], "source_folder": "Трансформаторные пункты"}}, {"type": "Feature", "geometry": {"type": "Point", "coordinates": [66.7354754, 44.2215185]}, "properties": {"id": "tp_0051", "name": "374-2 КТП(Н)-10/0,4 кВ", "object_type": "tp", "voltage": "10/0,4 кВ", "parent_id": "feeder_0004", "fed_from": "Ленин", "year": "1980", "power_kva": "63", "balance": null, "inventory_no": null, "length": null, "description": null, "links": [], "source_folder": "Трансформаторные пункты"}}, {"type": "Feature", "geometry": {"type": "Point", "coordinates": [66.7264649, 44.2268222]}, "properties": {"id": "tp_0052", "name": "771 КТП(Н)-10/0,4 кВ", "object_type": "tp", "voltage": "10/0,4 кВ", "parent_id": "feeder_0004", "fed_from": "Ленин", "year": null, "power_kva": null, "balance": null, "inventory_no": null, "length": null, "description": null, "links": [], "source_folder": "Трансформаторные пункты"}}, {"type": "Feature", "geometry": {"type": "Point", "coordinates": [66.7291352, 44.2224837]}, "properties": {"id": "tp_0053", "name": "770 КТП(Н)-10/0,4 кВ", "object_type": "tp", "voltage": "10/0,4 кВ", "parent_id": "feeder_0004", "fed_from": "Ленин", "year": null, "power_kva": null, "balance": null, "inventory_no": null, "length": null, "description": null, "links": [], "source_folder": "Трансформаторные пункты"}}, {"type": "Feature", "geometry": {"type": "Point", "coordinates": [66.7354095, 44.2246411]}, "properties": {"id": "tp_0054", "name": "811 КТП(Н)-10/0,4 кВ", "object_type": "tp", "voltage": "10/0,4 кВ", "parent_id": "feeder_0004", "fed_from": "Ленин", "year": null, "power_kva": null, "balance": null, "inventory_no": null, "length": null, "description": null, "links": [], "source_folder": "Трансформаторные пункты"}}, {"type": "Feature", "geometry": {"type": "Point", "coordinates": [66.7261716, 44.1651712]}, "properties": {"id": "tp_0055", "name": "848 КТПН-10/0,4 кВ", "object_type": "tp", "voltage": "10/0,4 кВ", "parent_id": "feeder_0043", "fed_from": "ф.Береке-2", "year": "2020", "power_kva": "100 кВА", "balance": "\"Казводхоз\"", "inventory_no": null, "length": null, "description": "Дренажный скважин №2", "links": [], "source_folder": "Трансформаторные пункты"}}, {"type": "Feature", "geometry": {"type": "Point", "coordinates": [66.72502, 44.17424]}, "properties": {"id": "tp_0056", "name": "856 КТПН-10/0,4 кВ", "object_type": "tp", "voltage": "10/0,4 кВ", "parent_id": "feeder_0070", "fed_from": "Райцентр", "year": "2020", "power_kva": "100 кВА", "balance": "КазВодХоз", "inventory_no": null, "length": null, "description": "Дренажный скважин №10", "links": [{"name": "Фото", "url": "https://mymaps.usercontent.google.com/hostedimage/m/*/3AAjQbR72a7cddI68Kb6yWULEOAI-UBdAG8wkXTUvuOfCUKfxkdwvpCCBnxnhXJIVPn1NuUqOO9xrWaD5gIJFejKU0_iyckH2dm-7F_6CL1TeOZlxHNqW3o9jdBPWhJJd8YEDGAIYs6JnwB-PbKefkx6UBtIYv5VJgmcUkfr3E_rLRwhDTcIkjZNuiBSvL5klsLdLpBYNedZY1OEchM03S76gM5NchLME-SgEMF84kCfLfcOcqfsaURMzgXizi_M?authuser=0&fife=s16383"}], "source_folder": "Трансформаторные пункты"}}, {"type": "Feature", "geometry": {"type": "Point", "coordinates": [66.72521, 44.17322]}, "properties": {"id": "tp_0057", "name": "327 КТПБ-10/0,4 кВ", "object_type": "tp", "voltage": "10/0,4 кВ", "parent_id": "feeder_0070", "fed_from": "Райцентр", "year": "25.09.2020", "power_kva": "250 кВА", "balance": "ШРЭС", "inventory_no": "20118068-57 / 20433", "length": null, "description": "Выполнен летний замер нагрузок ТП, КТП(Н), КТПБ-10/0,4 кВ по Шиелииской РЭС на 2026 год", "links": [], "source_folder": "Трансформаторные пункты"}}, {"type": "Feature", "geometry": {"type": "Point", "coordinates": [66.72397, 44.17168]}, "properties": {"id": "tp_0058", "name": "391 КТПН-10/0,4 кВ", "object_type": "tp", "voltage": "10/0,4 кВ", "parent_id": "feeder_0070", "fed_from": "Райцентр", "year": "30.09.2020", "power_kva": "160 кВА", "balance": "ШРЭС", "inventory_no": "20788", "length": null, "description": "Выполнен летний замер нагрузок ТП, КТП(Н), КТПБ-10/0,4 кВ по Шиелииской РЭС на 2026 год", "links": [{"name": "Фото", "url": "https://mymaps.usercontent.google.com/hostedimage/m/*/3AAjQbR66d6LbVUbj-JFTmwRRKnsAts0NYYqtB_eBBh53cdpealR6XkxdUq3eHXZzeeuOnuadQ1K-8PA23sxNZQ1hzG54XIuoJBmnywuDqOWYxiKYIi814dXE2W7DpyMa0lhkXT9ACbSNiBBTeYPCUC10BTEBR7d3_t0vvkyq6HArlhK3n4abgp3Mju0D0bVi1uPEaP9BbNhTMIJKW49P8OrQQdIGRV7ef29i-fLyvx-d0Ogh4x8RbqzGLwnCsBY?authuser=0&fife=s16383"}], "source_folder": "Трансформаторные пункты"}}, {"type": "Feature", "geometry": {"type": "Point", "coordinates": [66.72399, 44.16785]}, "properties": {"id": "tp_0059", "name": "КТПН-10/0,4 кВ №81", "object_type": "tp", "voltage": "10/0,4 кВ", "parent_id": "feeder_0043", "fed_from": "ф.Береке-2", "year": null, "power_kva": "160 кВА", "balance": null, "inventory_no": null, "length": null, "description": null, "links": [{"name": "Гео-схема", "url": "https://www.google.com/maps/d/edit?hl=ru&mid=1zxNRbzcyzg6Rpv9G7U0_WTp19zkFNQ4&ll=44.168179500805124%2C66.72426515741941&z=16"}, {"name": "По опорная схема", "url": "https://docs.google.com/drawings/d/1iguyCgrE6c-by-EdepRm4v4kMyz7NP3Sy23jmyH0koU/edit"}, {"name": "Фото", "url": "https://mymaps.usercontent.google.com/hostedimage/m/*/3AAjQbR4cHcQqigfm5FHHwCYybKzHg1REoaYgHM7oaBf_qhxuTcdArpbrKfcVpSrr3nv0mKWpi05s9Qih978MkTvtd1x9OWecQtsBe-_dORXjL8VhUn2MJY2g_Bw8rwhd3iuh4eUw4BVfHmOW1IEHeIvi4LWzYmZDgknQJN7qJoXoQx4SHEDPT5YeGMqhxhOMYGKzVj5s5xsQnxibRKyqMYj_wAHpYrKESiNiDlsb_lonsQuU41uDVvnZdwF-0Co?authuser=0&fife=s16383"}], "source_folder": "Трансформаторные пункты"}}, {"type": "Feature", "geometry": {"type": "Point", "coordinates": [66.0472568, 44.6313748]}, "properties": {"id": "tp_0060", "name": "568 КТП-10/0,4 кВ", "object_type": "tp", "voltage": "10/0,4 кВ", "parent_id": "feeder_0069", "fed_from": "Усадьба", "year": null, "power_kva": "100", "balance": null, "inventory_no": null, "length": null, "description": null, "links": [], "source_folder": "Трансформаторные пункты"}}, {"type": "Feature", "geometry": {"type": "Point", "coordinates": [66.7373067, 44.1644545]}, "properties": {"id": "tp_0061", "name": "491 КТПБ-10/0,4 кВ", "object_type": "tp", "voltage": "10/0,4 кВ", "parent_id": "feeder_0034", "fed_from": "Советский", "year": null, "power_kva": "250 кВА", "balance": null, "inventory_no": null, "length": null, "description": null, "links": [{"name": "Паспорт", "url": "https://docs.google.com/document/d/1lQXiElJtZh62OzQL0jRIw792yrE4873x/edit?usp=sharing&ouid=111096388949918053885&rtpof=true&sd=true"}], "source_folder": "Трансформаторные пункты"}}, {"type": "Feature", "geometry": {"type": "Point", "coordinates": [66.7035759, 44.1695261]}, "properties": {"id": "tp_0062", "name": "686 КТПН-10/0,4 кВ", "object_type": "tp", "voltage": "10/0,4 кВ", "parent_id": "feeder_0050", "fed_from": "Кызылту", "year": null, "power_kva": "160 кВА", "balance": "ШРЭС", "inventory_no": null, "length": null, "description": "Выполнен летний замер нагрузок ТП, КТП(Н), КТПБ-10/0,4 кВ по Шиелииской РЭС на 2026 год", "links": [{"name": "Фото", "url": "https://mymaps.usercontent.google.com/hostedimage/m/*/3AAjQbR7vfFmyLtUvj_1G3tYSsH2H1zJiYh8w8As22dBy4r7qig7K89Bqy0PlRUPohcpKrjFOR-JxTDYqtzWA4Sa7D-P9q6fY04lekBMXogMi-bFUuZdeRyEEtIZ3J4QJlS80mTzZRZXHKyneC3HwmhrOt1IrlTs9oi35kmiWyLmuIlfd3cnA8JUlSQN8VLVcGk_qgKXuO82DaEkZ8KncXee708XN5_FSYLwnkaXRHYxDuL0SADSXN1Q-Sn1_Q_k?authuser=0&fife=s16383"}], "source_folder": "Трансформаторные пункты"}}, {"type": "Feature", "geometry": {"type": "Point", "coordinates": [66.8645952, 44.0803194]}, "properties": {"id": "tp_0063", "name": "168 КТПН-10/0,4 кВ", "object_type": "tp", "voltage": "10/0,4 кВ", "parent_id": "feeder_0005", "fed_from": "ф.Акмая", "year": "2025 г.", "power_kva": "400 кВА", "balance": null, "inventory_no": null, "length": null, "description": "Изгот: ТОО \"KazElectroSnab\"\nГод выпуска: 2024 г.", "links": [{"name": "Фото 1", "url": "https://mymaps.usercontent.google.com/hostedimage/m/*/3AAjQbR4kMssB3XbSd_AyCLDBmV52IVks57DcbheO7RyrLi76csctfa5-PxrhXtuYuT1RLt6xIiaPSqi2YM9Ex_EYgWMrbrhPUemTyKGPRmHesHiM8usz5zUe51qAjIzHYg_RZ5s0K2eH4vfC0oIJ8oe6h3bsTdlPg_6HvLktXoiOaCLOkeHZbMzuaCj-RnwSRZPGz8c0hejeIDkUYkvMKJWH2KB45plxOPibwYfLVfnv41x3mEuk9Qya1IPzmmA?authuser=0&fife=s16383"}, {"name": "Фото 2", "url": "https://mymaps.usercontent.google.com/hostedimage/m/*/3AAjQbR7TdMLcC8ByYUOPKhuLfh-hIm_18XTc0AhWmeXiNH2yd9c28vCwbLyzgURurdq_HyTO3VSKzNp1_RFlxq0Fqc2OkPx_pfucGuIxWSHUwrQT8AwKUb1SGQHxSMiyhvu5oKhMJ69LMl6sT6IcQpJGqGc3pD0EcSzI_Y6hFpahCbLSqEUaj7YiGL2THOJ8_tDMR0_zVsnXP0WJ1-dKBvhlBMDnX5x6bdX8ga2cMtEMPbiGgLmPdhZtDnlS37Q?authuser=0&fife=s16383"}], "source_folder": "Трансформаторные пункты"}}, {"type": "Feature", "geometry": {"type": "Point", "coordinates": [66.7080593, 44.1448599]}, "properties": {"id": "tp_0064", "name": "176 КТПН-10/0,4 кВ", "object_type": "tp", "voltage": "10/0,4 кВ", "parent_id": "feeder_0043", "fed_from": "ф.Береке-2", "year": null, "power_kva": "160 кВА", "balance": null, "inventory_no": null, "length": null, "description": "Выполнен летний замер нагрузок ТП, КТП(Н), КТПБ-10/0,4 кВ по Шиелииской РЭС на 2026 год", "links": [], "source_folder": "Трансформаторные пункты"}}, {"type": "Feature", "geometry": {"type": "Point", "coordinates": [66.71704, 44.16803]}, "properties": {"id": "tp_0065", "name": "113 КТПН-10/0,4 кВ", "object_type": "tp", "voltage": "10/0,4 кВ", "parent_id": "feeder_0049", "fed_from": "Аэропорт", "year": "2019", "power_kva": "400 кВА", "balance": "ШРЭС", "inventory_no": null, "length": null, "description": "Выполнен летний замер нагрузок ТП, КТП(Н), КТПБ-10/0,4 кВ по Шиелииской РЭС на 2026 год", "links": [{"name": "Геосхема", "url": "https://www.google.com/maps/d/viewer?hl=ru&mid=1FKo-ulhFAxqA6lQlGtMeEMcG0E7bCAI&ll=44.16919801612057%2C66.71613300000003&z=18"}, {"name": "По опорную схема", "url": "https://docs.google.com/drawings/d/1PyvdMZT1Tr4OiSKoxPROlVIBCpdeP7dp6w6no1Wqmzc/edit?usp=sharing"}, {"name": "Таблица данных по опорам", "url": "https://docs.google.com/spreadsheets/d/1roTjYnERUEPvwfadRqAPdmBBHrHU-5KXc7MSCqP9Etg/edit?usp=sharing"}, {"name": "Фото", "url": "https://mymaps.usercontent.google.com/hostedimage/m/*/3AAjQbR4ubJzFXp2uqJE_wTESg8vL3Itff8k42y7-mYXivMnRlSB0mksg6pSHrFsQ0RYukqvITL4C8xu4GUA0pN5S6O9cJk49Ocy91bi8l8rSCJMTkRN3D3EQuqVrNkSpSYEzvLq70iGUT4hKTteHgiAYziVSZIszKvHRBsKPdk0W5tYTPZwQcnAu6jcnMNJocBLME5zcGkSXA_e9WoJE02ViKUEZGATgR-8Vd_DBbcS1yQnOIO9Mwg9gcg69LhU?authuser=0&fife=s16383"}], "source_folder": "Трансформаторные пункты"}}, {"type": "Feature", "geometry": {"type": "Point", "coordinates": [66.71341, 44.16724]}, "properties": {"id": "tp_0066", "name": "607 ТП-10/0,4 кВ", "object_type": "tp", "voltage": "10/0,4 кВ", "parent_id": "feeder_0043", "fed_from": "ф.Береке-2", "year": null, "power_kva": null, "balance": null, "inventory_no": null, "length": null, "description": null, "links": [], "source_folder": "Трансформаторные пункты"}}, {"type": "Feature", "geometry": {"type": "Point", "coordinates": [66.70858, 44.18452]}, "properties": {"id": "tp_0067", "name": "624 КТПН-10/0,4 кВ", "object_type": "tp", "voltage": "10/0,4 кВ", "parent_id": "feeder_0049", "fed_from": "Аэропорт", "year": null, "power_kva": "250 кВА", "balance": "Потребитель", "inventory_no": null, "length": null, "description": null, "links": [{"name": "Фото", "url": "https://mymaps.usercontent.google.com/hostedimage/m/*/3AAjQbR7MUJGBIeLPwtjm10_ai-VSsldAVfLySDGJzcVkcnFCkkkSlJxYdCktnnuNWn4JsOA9FBQp0qVriXkqjwt7hdAtNM4TW8GOpTvRnqEyn6rClz7xe4q-Y4jFZAgkwTcfQH9llX5cFzSq9VoSLeA1hi6JW28Jo_7TJZD6xxSQUKJz99OfuR1TGGHmQTiUcVpu94rSt8_jWyo9qjfQvO7eRghU5dflylvnxmjC6gZiGnX-f4S85-NhoRkWJD4?authuser=0&fife=s16383"}], "source_folder": "Трансформаторные пункты"}}, {"type": "Feature", "geometry": {"type": "Point", "coordinates": [66.71279, 44.17069]}, "properties": {"id": "tp_0068", "name": "371 КТПБ-10/0,4 кВ", "object_type": "tp", "voltage": "10/0,4 кВ", "parent_id": "feeder_0049", "fed_from": "Аэропорт", "year": "2020", "power_kva": "250 кВА", "balance": "ШРЭС", "inventory_no": "2018068-58 / 20435", "length": null, "description": "Для паспорта данные:\nЗавод изг: ТОО \"Инфраэнерго\"\nЗаводской № 2018068-58\nИнвентарный № 20435\nНом.ток: 360 361\nГруппа соед: У-УН-О\nТок холостого тока: 1,2\nНапр.кз: 4\nОбщая масса: 1230 кг\nМасса масла: 290 кг\nВ комплект: Корпус 1шт\nтип и количество:\n1) Разрядник РВН - 10кВ 1шт\n2) Прибор ЛВН-10кВ 1шт\n3) РЛНД-10кВ 1шт\n4) Проходной изолятор НП-10 3шт\n5) Предохранитель ПК-10 3шт\n6) Опорный изолятор НП-10 6шт\n7) Главный автомат 1шт\n8) Трансформатор тока 3шт\n9) Счетчик 1шт\n10) Автомат АП160А 250-400А 5шт\nЭлектрооборудование В.Н.\nматериал - Алюминий\nсечение - 35\nдлина - 10\nтип - ОП\nМесто присоед - Внутр.\nтип - РВО\nшт - 3\nВыполнен летний замер нагрузок ТП, КТП(Н), КТПБ-10/0,4 кВ по Шиелииской РЭС на 2026 год", "links": [{"name": "Гео-схема", "url": "https://www.google.com/maps/d/viewer?hl=ru&mid=1OQxpoWyJZ7rfBiKzvFNnqWZ-z3u6Xco&ll=44.17146789927494%2C66.71402629999999&z=17"}, {"name": "По опорная схема", "url": "https://docs.google.com/drawings/d/1PiYscOhJuK36S2MsGv-rpQ0Nnn0qSMDqO-omXM6jNk0/edit?usp=sharing"}, {"name": "Таблица данных по опорам", "url": "https://docs.google.com/spreadsheets/d/1iWtd2GoU0b-dkd669MCGUTbqbp0l_H7GdWPhcQjSwM8/edit?usp=sharing"}, {"name": "Фото", "url": "https://mymaps.usercontent.google.com/hostedimage/m/*/3AAjQbR6nBGEjivETr_k8OfcskkWgUtKpERGwNZwN-2rGGmsBwcAVFvj6odr4aX5p1i8YNMtW2RoitReZLREQ34WWDvEsHVsuw2Uf-T6didKRdR_KDmdmIFOqOq2OTxgSL-NU3rvloiz46qsvwnkV8Jg0lEEqNC4riJSRTAVzx5wPlgB8Wi_uhekZxuMqcAFkbo7Rk3QNWqJUwDhCJMJuRAssP_I11uAS7hjUvkzwbrER5atrRrkcDP7Vs1EWv3U?authuser=0&fife=s16383"}], "source_folder": "Трансформаторные пункты"}}, {"type": "Feature", "geometry": {"type": "Point", "coordinates": [66.7148, 44.17773]}, "properties": {"id": "tp_0069", "name": "310 ТП-10/0,4 кВ", "object_type": "tp", "voltage": "10/0,4 кВ", "parent_id": "feeder_0049", "fed_from": "Аэропорт", "year": "29.12.2006", "power_kva": "400 кВА", "balance": "ШРЭС", "inventory_no": null, "length": null, "description": "Выполнен летний замер нагрузок ТП, КТП(Н), КТПБ-10/0,4 кВ по Шиелииской РЭС на 2026 год", "links": [{"name": "Фото", "url": "https://mymaps.usercontent.google.com/hostedimage/m/*/3AAjQbR7wLYvZEvXjPNO2MrwBqSOOv_vPea_jTMeBcLN9XfHtwa5qlaUpDVzD5LmwawiCbA1sTMOSqER64dPf7qtM7qe32luav7BvdaV4X2CQAoNtpLD7ySSihfZgVpjTfk4Au8f3fn9qd7rkokaYpORLSHRVzVZPuvmDpEy_qG50-EhfSPXx_xTr7G2lGfU_NRhk23ClxS_eFCGM5kRibUo51p3UU4JhwfYQTcF6g1c3Lcma7J6jgc4sRurWGSI?authuser=0&fife=s16383"}], "source_folder": "Трансформаторные пункты"}}, {"type": "Feature", "geometry": {"type": "Point", "coordinates": [66.69884, 44.17023]}, "properties": {"id": "tp_0070", "name": "702 КТПН-10/0,4 кВ", "object_type": "tp", "voltage": "10/0,4 кВ", "parent_id": "feeder_0050", "fed_from": "ф.Кызылту", "year": null, "power_kva": "40 кВА", "balance": "Амбулотория \"Жахаев\"", "inventory_no": null, "length": null, "description": null, "links": [{"name": "Фото", "url": "https://mymaps.usercontent.google.com/hostedimage/m/*/3AAjQbR5L2pYZI3ZADRo9McODQp-5bxNGporvf9r_4qHXHx3ekOIwyknwaaYxylsOSqU5WkZNXIzp0SRrtcBcNm6hTpDk1aye2yTRUzbi6kGHWS0ct6DvGHgBNliRUB_3-1aOq-fgD0uMXP5So137j_AreMhpU6cqS-9uqHSaqvUArR5mU59FLCPJSPCHHzUecfrDO_TIGC6lqK9v5-ew0OssseCoVWp8njAJZumN20ourmF7jljscQ7wGoq4c1w?authuser=0&fife=s16383"}], "source_folder": "Трансформаторные пункты"}}, {"type": "Feature", "geometry": {"type": "Point", "coordinates": [66.0586761, 44.6314946]}, "properties": {"id": "tp_0071", "name": "559 КТП-10/0,4 кВ", "object_type": "tp", "voltage": "10/0,4 кВ", "parent_id": "feeder_0067", "fed_from": "Стар-Поселок", "year": "1972 г.", "power_kva": "63 кВА", "balance": null, "inventory_no": null, "length": null, "description": "Выполнен летний замер нагрузок ТП, КТП(Н), КТПБ-10/0,4 кВ по Шиелииской РЭС на 2026 год", "links": [], "source_folder": "Трансформаторные пункты"}}, {"type": "Feature", "geometry": {"type": "Point", "coordinates": [66.051354, 44.6354654]}, "properties": {"id": "tp_0072", "name": "560 КТП-10/0,4 кВ", "object_type": "tp", "voltage": "10/0,4 кВ", "parent_id": "feeder_0067", "fed_from": "Стар-Поселок", "year": null, "power_kva": "63", "balance": null, "inventory_no": null, "length": null, "description": null, "links": [], "source_folder": "Трансформаторные пункты"}}, {"type": "Feature", "geometry": {"type": "Point", "coordinates": [66.0893847, 44.6141681]}, "properties": {"id": "tp_0073", "name": "554 КТПН-10/0,4 кВ", "object_type": "tp", "voltage": "10/0,4 кВ", "parent_id": "feeder_0067", "fed_from": "Стар-Поселок", "year": "1988", "power_kva": "250", "balance": null, "inventory_no": null, "length": null, "description": null, "links": [], "source_folder": "Трансформаторные пункты"}}, {"type": "Feature", "geometry": {"type": "Point", "coordinates": [66.0969444, 44.6174519]}, "properties": {"id": "tp_0074", "name": "553 КТПН-10/0,4 кВ", "object_type": "tp", "voltage": "10/0,4 кВ", "parent_id": "feeder_0067", "fed_from": "Стар-Поселок", "year": "2022", "power_kva": "250", "balance": null, "inventory_no": null, "length": null, "description": null, "links": [], "source_folder": "Трансформаторные пункты"}}, {"type": "Feature", "geometry": {"type": "Point", "coordinates": [66.0848346, 44.615399]}, "properties": {"id": "tp_0075", "name": "557 КТПН-10/0,4 кВ", "object_type": "tp", "voltage": "10/0,4 кВ", "parent_id": "feeder_0067", "fed_from": "Стар-Поселок", "year": "1974", "power_kva": "100", "balance": null, "inventory_no": null, "length": null, "description": null, "links": [], "source_folder": "Трансформаторные пункты"}}, {"type": "Feature", "geometry": {"type": "Point", "coordinates": [66.084129, 44.685536]}, "properties": {"id": "tp_0076", "name": "562 КТП-10/0,4 кВ", "object_type": "tp", "voltage": "10/0,4 кВ", "parent_id": "feeder_0068", "fed_from": "Бырказан", "year": "1973", "power_kva": "100", "balance": null, "inventory_no": null, "length": null, "description": null, "links": [], "source_folder": "Трансформаторные пункты"}}, {"type": "Feature", "geometry": {"type": "Point", "coordinates": [66.0808214, 44.6887346]}, "properties": {"id": "tp_0077", "name": "563 КТП-10/0,4 кВ", "object_type": "tp", "voltage": "10/0,4 кВ", "parent_id": "feeder_0068", "fed_from": "Бырказан", "year": "1973", "power_kva": "63", "balance": null, "inventory_no": null, "length": null, "description": null, "links": [], "source_folder": "Трансформаторные пункты"}}, {"type": "Feature", "geometry": {"type": "Point", "coordinates": [66.064238, 44.6660247]}, "properties": {"id": "tp_0078", "name": "561 КТП-10/0,4 кВ", "object_type": "tp", "voltage": "10/0,4 кВ", "parent_id": "feeder_0068", "fed_from": "ф.Бырказан", "year": "1984 г.", "power_kva": "10 кВА", "balance": null, "inventory_no": null, "length": null, "description": "Выполнен летний замер нагрузок ТП, КТП(Н), КТПБ-10/0,4 кВ по Шиелииской РЭС на 2026 год", "links": [], "source_folder": "Трансформаторные пункты"}}, {"type": "Feature", "geometry": {"type": "Point", "coordinates": [66.1824848, 44.5020375]}, "properties": {"id": "tp_0079", "name": "550 КТПН-10/0,4 кВ", "object_type": "tp", "voltage": "10/0,4 кВ", "parent_id": "feeder_0067", "fed_from": "Стар-Поселок", "year": "2024", "power_kva": "250", "balance": null, "inventory_no": null, "length": null, "description": null, "links": [], "source_folder": "Трансформаторные пункты"}}, {"type": "Feature", "geometry": {"type": "Point", "coordinates": [66.2585634, 44.4466877]}, "properties": {"id": "tp_0080", "name": "536 КТПН-10/0,4 кВ", "object_type": "tp", "voltage": "10/0,4 кВ", "parent_id": "feeder_0065", "fed_from": "Тартогай", "year": "1980", "power_kva": "63", "balance": null, "inventory_no": null, "length": null, "description": null, "links": [], "source_folder": "Трансформаторные пункты"}}, {"type": "Feature", "geometry": {"type": "Point", "coordinates": [66.2552087, 44.450587]}, "properties": {"id": "tp_0081", "name": "573 КТП-10/0,4 кВ", "object_type": "tp", "voltage": "10/0,4 кВ", "parent_id": "feeder_0064", "fed_from": "Кирпич-завод", "year": "1991", "power_kva": "100", "balance": null, "inventory_no": null, "length": null, "description": null, "links": [], "source_folder": "Трансформаторные пункты"}}, {"type": "Feature", "geometry": {"type": "Point", "coordinates": [66.2513679, 44.4498661]}, "properties": {"id": "tp_0082", "name": "574 КТПН-10/0,4 кВ", "object_type": "tp", "voltage": "10/0,4 кВ", "parent_id": "feeder_0064", "fed_from": "Кирпич-завод", "year": "2022", "power_kva": "250", "balance": null, "inventory_no": null, "length": null, "description": null, "links": [], "source_folder": "Трансформаторные пункты"}}, {"type": "Feature", "geometry": {"type": "Point", "coordinates": [66.2411953, 44.4515185]}, "properties": {"id": "tp_0083", "name": "591 КТПН-10/0,4 кВ", "object_type": "tp", "voltage": "10/0,4 кВ", "parent_id": "feeder_0064", "fed_from": "Кирпич-завод", "year": null, "power_kva": "250", "balance": null, "inventory_no": null, "length": null, "description": null, "links": [], "source_folder": "Трансформаторные пункты"}}, {"type": "Feature", "geometry": {"type": "Point", "coordinates": [66.2495497, 44.4467418]}, "properties": {"id": "tp_0084", "name": "538 КТП-10/0,4 кВ", "object_type": "tp", "voltage": "10/0,4 кВ", "parent_id": "feeder_0065", "fed_from": "Тартогай", "year": "1988", "power_kva": "100", "balance": null, "inventory_no": null, "length": null, "description": null, "links": [], "source_folder": "Трансформаторные пункты"}}, {"type": "Feature", "geometry": {"type": "Point", "coordinates": [66.2476903, 44.4466948]}, "properties": {"id": "tp_0085", "name": "540 КТП-10/0,4 кВ", "object_type": "tp", "voltage": "10/0,4 кВ", "parent_id": "feeder_0065", "fed_from": "Тартогай", "year": "1990", "power_kva": "160", "balance": null, "inventory_no": null, "length": null, "description": null, "links": [], "source_folder": "Трансформаторные пункты"}}, {"type": "Feature", "geometry": {"type": "Point", "coordinates": [66.2413174, 44.4427548]}, "properties": {"id": "tp_0086", "name": "541 КТП-10/0,4 кВ", "object_type": "tp", "voltage": "10/0,4 кВ", "parent_id": "feeder_0065", "fed_from": "Тартогай", "year": "1991", "power_kva": "100", "balance": null, "inventory_no": null, "length": null, "description": null, "links": [], "source_folder": "Трансформаторные пункты"}}, {"type": "Feature", "geometry": {"type": "Point", "coordinates": [66.1925863, 44.3568208]}, "properties": {"id": "tp_0087", "name": "549 КТП-10/0,4 кВ", "object_type": "tp", "voltage": "10/0,4 кВ", "parent_id": "feeder_0065", "fed_from": "Тартогай", "year": "2010", "power_kva": "63", "balance": null, "inventory_no": null, "length": null, "description": null, "links": [], "source_folder": "Трансформаторные пункты"}}, {"type": "Feature", "geometry": {"type": "Point", "coordinates": [66.2018651, 44.345918]}, "properties": {"id": "tp_0088", "name": "544 КТПН-10/0,4 кВ", "object_type": "tp", "voltage": "10/0,4 кВ", "parent_id": "feeder_0065", "fed_from": "Тартогай", "year": "1975", "power_kva": "250", "balance": null, "inventory_no": null, "length": null, "description": null, "links": [], "source_folder": "Трансформаторные пункты"}}, {"type": "Feature", "geometry": {"type": "Point", "coordinates": [66.0582119, 44.6279546]}, "properties": {"id": "tp_0089", "name": "558 КТП-10/0,4 кВ", "object_type": "tp", "voltage": "10/0,4 кВ", "parent_id": "feeder_0067", "fed_from": "Стар-Поселок", "year": "1972", "power_kva": "63", "balance": null, "inventory_no": null, "length": null, "description": null, "links": [], "source_folder": "Трансформаторные пункты"}}, {"type": "Feature", "geometry": {"type": "Point", "coordinates": [66.1831134, 44.5103232]}, "properties": {"id": "tp_0090", "name": "551 КТПН-10/0,4 кВ", "object_type": "tp", "voltage": "10/0,4 кВ", "parent_id": "feeder_0067", "fed_from": "Стар-Поселок", "year": "2023", "power_kva": "250", "balance": null, "inventory_no": null, "length": null, "description": null, "links": [], "source_folder": "Трансформаторные пункты"}}, {"type": "Feature", "geometry": {"type": "Point", "coordinates": [66.2495443, 44.4447986]}, "properties": {"id": "tp_0091", "name": "542 КТП-10/0,4 кВ", "object_type": "tp", "voltage": "10/0,4 кВ", "parent_id": "feeder_0065", "fed_from": "Тартогай", "year": "1992", "power_kva": "160", "balance": null, "inventory_no": null, "length": null, "description": null, "links": [], "source_folder": "Трансформаторные пункты"}}, {"type": "Feature", "geometry": {"type": "Point", "coordinates": [66.2302072, 44.436296]}, "properties": {"id": "tp_0092", "name": "543 КТП-10/0,4 кВ", "object_type": "tp", "voltage": "10/0,4 кВ", "parent_id": "feeder_0065", "fed_from": "ф.Тартогай", "year": "1969 г.", "power_kva": "40 кВА", "balance": null, "inventory_no": null, "length": null, "description": "Выполнен летний замер нагрузок ТП, КТП(Н), КТПБ-10/0,4 кВ по Шиелииской РЭС на 2026 год", "links": [], "source_folder": "Трансформаторные пункты"}}, {"type": "Feature", "geometry": {"type": "Point", "coordinates": [66.2169743, 44.4225698]}, "properties": {"id": "tp_0093", "name": "545 КТП-10/0,4 кВ", "object_type": "tp", "voltage": "10/0,4 кВ", "parent_id": "feeder_0065", "fed_from": "Тартогай", "year": "1969 г.", "power_kva": "40 кВА", "balance": null, "inventory_no": null, "length": null, "description": "Выполнен летний замер нагрузок ТП, КТП(Н), КТПБ-10/0,4 кВ по Шиелииской РЭС на 2026 год", "links": [], "source_folder": "Трансформаторные пункты"}}, {"type": "Feature", "geometry": {"type": "Point", "coordinates": [66.2004306, 44.3528608]}, "properties": {"id": "tp_0094", "name": "547 КТПН-10/0,4 кВ", "object_type": "tp", "voltage": "10/0,4 кВ", "parent_id": "feeder_0065", "fed_from": "Тартогай", "year": "2022", "power_kva": "250", "balance": null, "inventory_no": null, "length": null, "description": null, "links": [], "source_folder": "Трансформаторные пункты"}}, {"type": "Feature", "geometry": {"type": "Point", "coordinates": [66.1977008, 44.348502]}, "properties": {"id": "tp_0095", "name": "548 КТПН-10/0,4 кВ", "object_type": "tp", "voltage": "10/0,4 кВ", "parent_id": "feeder_0065", "fed_from": "ф.Тартогай", "year": null, "power_kva": "160 кВА", "balance": null, "inventory_no": null, "length": null, "description": "Выполнен летний замер нагрузок ТП, КТП(Н), КТПБ-10/0,4 кВ по Шиелииской РЭС на 2026 год", "links": [], "source_folder": "Трансформаторные пункты"}}, {"type": "Feature", "geometry": {"type": "Point", "coordinates": [66.77755, 44.16081]}, "properties": {"id": "tp_0096", "name": "7 КТПН-10/0,4 кВ", "object_type": "tp", "voltage": "10/0,4 кВ", "parent_id": "feeder_0040", "fed_from": "Шыгыс-3", "year": null, "power_kva": null, "balance": null, "inventory_no": null, "length": null, "description": null, "links": [{"name": "Фото 1", "url": "https://mymaps.usercontent.google.com/hostedimage/m/*/3AAjQbR6cGBH__WpWjw9KgPQ33WLKIT5toqNsFYb03EzKSYZvVtvq-2QAuyMDFtXQrYgjeraI4hOhwN17prsDrm4xhTVIZpGhzBBUmL8Vo3v6rFWLYYzHw3iTutf6X2Ycb4ztQRP3yPZwi5DoiM5MZthcxJjuFWoihS9QNVdbycjG6Pr40ylfLaq-STXGhW_f8Eta3pLhDRZRCRXlzqPqABSiRFociS0qTYrTOFz6m1OaT1zaNQiXemMQkzb4-eo?authuser=0&fife=s16383"}, {"name": "Фото 2", "url": "https://mymaps.usercontent.google.com/hostedimage/m/*/3AAjQbR4fYrvGLkx3ybYt7L8b0HSMxxPNuRTRgPGDkqjL6OpaCTCUfr4E367ktTLBNk788a8bcGsJg0WyUUuKoM2sg8T3VFhmJkXWGUvLzmYB0aWOAYg76l_4KqwLsR8syQ80_oBuFYuLLCSxdKTwZOfRK-B9Se0ovsAjtRPCGM3Xq4N6tEbmHZKJK5TXXx05h5Bu_HBJi3am3n6q44HgjdsvWfa4UZ5L4gQwo4RPPMQWrETpdXPXWDO_5fcrUH8?authuser=0&fife=s16383"}, {"name": "Фото 3", "url": "https://mymaps.usercontent.google.com/hostedimage/m/*/3AAjQbR7oIh-Q4TdTpvbOgwSTO3PJtLAt5DBtoEwdFZjQ7iyzVaq8w3dWv12WOgrGiX0zg0Y1VkAGTYsy_UdQvj_jQx0LTc_CbihjHGOejNSmhfqxtHfTMj7XZlqREPVGZVlrN4yZMik26057gp3d_sfZYRnBhlttWNb1X9S45AhQeoP7uegcrvheaW8_7dO50JUdP7WM1e9iNqK2YXunhqJvi5zDsdpl4N-Eo7n0PexZGLrrFaKoxMQSt2Tf85o?authuser=0&fife=s16383"}], "source_folder": "Трансформаторные пункты"}}, {"type": "Feature", "geometry": {"type": "Point", "coordinates": [66.77905, 44.16235]}, "properties": {"id": "tp_0097", "name": "8 КТПН-10/0,4 кВ", "object_type": "tp", "voltage": "10/0,4 кВ", "parent_id": "feeder_0040", "fed_from": "Шыгыс-3", "year": "2018", "power_kva": "250", "balance": null, "inventory_no": null, "length": null, "description": null, "links": [{"name": "Фото 1", "url": "https://mymaps.usercontent.google.com/hostedimage/m/*/3AAjQbR4nO7sW_PVj5W4LicYsU9RGqSPZwnbKw5itaQUjOV0KhToCe7FAXKvkUS0Yr8yJXs4giHpwu6X4TBwFKvs-bpW4vtSN0o0WjR2HdnkXQI6OICuM_RZBJbYzFitYcycfnimsMdpwXylbTlakyPJiQhhD9lyito-XIJJtncCRasmTXZ0E2Wh7rC_fl_DHl07ucKACkPVe2Mr0hQy9A06bMyfdIMgsAwj5sM18jWl9mPPXqKrkCbtzX6FnaJQ?authuser=0&fife=s16383"}, {"name": "Фото 2", "url": "https://mymaps.usercontent.google.com/hostedimage/m/*/3AAjQbR5CVeAqkfAK1i_6lMIgLKj7Qoz-UzPd0wfn21zyr3lKjElhXJ0Xy6nAS4k6tbuUy-C0Cqe61oJsaXSvSr-hpsoCkjBSQpCT1mJee_gM3BhXDkeGbNWc8VJl70VnS2Cl7EdMThWD74MOPQICvH41sdg2zeBS5g8F9fMgPg0gN_jvDO4H8g_u5pcl0Lbz9DIPqIEpWdwpwOqyP9bTHZ0gdiYpPgnVKMDBR4OPocfIO-x2Cy1ItfDE24GlZ78?authuser=0&fife=s16383"}, {"name": "Фото 3", "url": "https://mymaps.usercontent.google.com/hostedimage/m/*/3AAjQbR5D76KxdF8DZTjjacCL02TLGrtv7boZ1wE1j4se7kNTcNORLY3BT8Nk73LJXBgLfZEVnCLYHXnSeYnWT1pGMrOIFi_uA06Wf2l3ocTDT6Q7l2woNZXCp2BHor-7xs-doXEdrfIViXwmd-ux2fho0OmEaFivrFp7eaLRr_saesHaQEUMyCdFdEtfMr0N0YjqItEb5rysO3lJGjm76tGUFlaqu9C123_iW-_1i6CGzXCPhje7KxkDb5jg61w?authuser=0&fife=s16383"}, {"name": "Фото 4", "url": "https://mymaps.usercontent.google.com/hostedimage/m/*/3AAjQbR60jPdUbo4zN8GC6D48bfzEl_2u76NSJ4csrfZci-R9uG69v-yrCH1NZh7LT0aYosxlVXcmSsPyf0yGayVa_4U25ySVViDb14bD1iRJ2bS__wZd0DTKO-l4qVdxWDUteieg2U3xASerWc8QevB43s4Kyz9hKqMV7LSXhrygsHASdJ324YafgAwUeuwyZVAzZKET83fyE67CgeFFvUo-OJU9gwDU_7NrJS5CH7czzJvqxrj_xVQO65euGdM?authuser=0&fife=s16383"}], "source_folder": "Трансформаторные пункты"}}, {"type": "Feature", "geometry": {"type": "Point", "coordinates": [66.78177, 44.16536]}, "properties": {"id": "tp_0098", "name": "9 КТПН-10/0,4 кВ", "object_type": "tp", "voltage": "10/0,4 кВ", "parent_id": "feeder_0040", "fed_from": "Шыгыс-3", "year": null, "power_kva": null, "balance": null, "inventory_no": null, "length": null, "description": null, "links": [{"name": "Фото 1", "url": "https://mymaps.usercontent.google.com/hostedimage/m/*/3AAjQbR4J3ETeEZ83nrwaot70dfRJIjL8FAtDUo0j3FJtcU33p4bLxQRgjj3ng2_y6Uhw831R2p_goZppx9J1iFxZU6Ns8Siag6rTAI1-TD7rd-ub1EvOIZA0K7KsHBcag9zF5ziEuUxY5HlSs8RXhN3ZQ9OyDRztJm99ap4_ePtgbX7-Pgrq8nnk57DBz6XSHntrTtfM_qK4-QKyw5_1JT33v8fiNr2WEt4AMrx7086J08gzWU1GFh7XkvtnzNc?authuser=0&fife=s16383"}, {"name": "Фото 2", "url": "https://mymaps.usercontent.google.com/hostedimage/m/*/3AAjQbR6pbJ5uj-0GkMAB-McDfOmCxf627zTKQ7LoL0Ef3KyuX35hYTALVOXgp4eEOK0t8Gukz1Rirp9gQicPfvnjDmXfRt8aHBlYyeVHWvniSjTMMfqezjinFjnJv0RX4kyHbnMQF-2RjH1L2nH4LlcoaVFwGJCL_8X2tjpOp0H4Gzlfy1yTWtv-FUkr8Bm2bXa6e9M6h8WmSBV5sa3WWwzDs-l9eZ5kohTrUpM3AdPJeDTDZHzn_VQbznCGGKY?authuser=0&fife=s16383"}, {"name": "Фото 3", "url": "https://mymaps.usercontent.google.com/hostedimage/m/*/3AAjQbR69yxvLKftNZylbX9hOsbHShaPGyfvI8rpXjhz38RrbGlIIPreqT7KT00MYqfgjd-rslDH1k3MIiI4U6HDDmLn_SUcO7kd1gqILZAtwyuGksNgrd5YLvsg8CamKR22QxZxXURJxCIDdHfSD-hTdZ_kMTywc-b1bAEjXHaUopPicGhQFJ1Xv1RvdjjGxgl_5YeUOv_4pOVOQUyWRqds0BMBAi40Nx5xmYQxPHDsw-pElZGSluU-a8T1Nh-U?authuser=0&fife=s16383"}], "source_folder": "Трансформаторные пункты"}}, {"type": "Feature", "geometry": {"type": "Point", "coordinates": [66.78293, 44.16605]}, "properties": {"id": "tp_0099", "name": "10 КТПН-10/0,4 кВ", "object_type": "tp", "voltage": "10/0,4 кВ", "parent_id": "feeder_0040", "fed_from": "Шыгыс-3", "year": null, "power_kva": null, "balance": null, "inventory_no": null, "length": null, "description": null, "links": [{"name": "Фото 1", "url": "https://mymaps.usercontent.google.com/hostedimage/m/*/3AAjQbR7kxcn5bMxdnicr6UuS3-JcWjlmfQ8uBCptJXoIfk5q8w6BkRX21XtIhErfWzsH5OBCPpbMCi9nX6jLEnSePYpPu-TTKAJB554AJELIYOxeEgaG9wJ_wFQdMBVcWHPMwdThy6tcydbQQ9PlYcCxT64cpIDc-kPkuNIxWLQjFbzK-Sv4Zb-302uPKTvtIPJ2Frn4VIWuK83lfokAabwgkKEjuvZqwCrYXFoto0R_fq_08Jj8PjO5cUc2KMA?authuser=0&fife=s16383"}, {"name": "Фото 2", "url": "https://mymaps.usercontent.google.com/hostedimage/m/*/3AAjQbR6WDDeGMUbgfV13JU9-w_BC99hMSfHHBd21QWt3gud7E3_5kghJh-ol0v0y2-bFwwY89dshyIJNRnscB4maAwDYHSsoqJaLy5omNgXp7tCjdt1NqSG_uvTXQ8djAuIib3RYO80UM2iQ2upBNtWVnZfKsPGL_lB-Yau_sHoE48coZKKppnXWLQJ6DZ3XUMpNxoywDHsNLK05OWP35DVIDcuvpZ4u7jmwOyfJjhHzOqiQTPE0lGMpBgqnvkE?authuser=0&fife=s16383"}, {"name": "Фото 3", "url": "https://mymaps.usercontent.google.com/hostedimage/m/*/3AAjQbR6a81BoRzckYJepMbtFtJpvCRenGP2A5jB55rczN-uyWDQOY2WiOlWvijF7UVhfsxLmdGuzdrbxmm89lnu9C5eKm4h_l71qFV7kIbq6xEYa3Xzrydeqz0scIBrJaoZzG4rJ4FiFMbPVGX_eNczpfg8CI4OfXRwNMIJ3aA2Jg5t6jgT13LKqV_IsLCC4ZLr2nuIo4tIR8GmczArGRkZOtAeelClDrA-1lgl4zOJKN4umzVen8p4e41CT0fQ?authuser=0&fife=s16383"}], "source_folder": "Трансформаторные пункты"}}, {"type": "Feature", "geometry": {"type": "Point", "coordinates": [66.78415, 44.16819]}, "properties": {"id": "tp_0100", "name": "11 КТПН-10/0,4 кВ", "object_type": "tp", "voltage": "10/0,4 кВ", "parent_id": "feeder_0040", "fed_from": "Шыгыс-3", "year": null, "power_kva": null, "balance": null, "inventory_no": null, "length": null, "description": null, "links": [{"name": "Фото 1", "url": "https://mymaps.usercontent.google.com/hostedimage/m/*/3AAjQbR4CJoJZNl3cfC0MNhhBLtRl9yfFUMmYy4kkklxque6OOE5qKAXYNx2rIDoUsarGyAe7rs_HsvZo402I83otiTcFgeLoAiUa6vPzbqTjNYwWultOwEAYDhZHTghRiYHo_ww_YUM6CMFBVFxhpL9H1EGF55bj7owXA3ywppjz2Y75hHJyMDtJ4pZnH9Fnc0SzBg2exRRBDlKDtT6GGvLB5XjapAZs2C0A3tXirFtESZiBoVkAh__Mcngg89Y?authuser=0&fife=s16383"}, {"name": "Фото 2", "url": "https://mymaps.usercontent.google.com/hostedimage/m/*/3AAjQbR64ihVxrfHynFgHJAKOUhdFYp222dxykwiO-oWs09ja_oTQCEOImHihhp0lxBVooiInUqvHlcMubqmpuAc85imjheKGgCplNBIFtZN7CiguYc6Yk-mBrnq0zlIM2vJXODoOeS_MvjE6IJg9xoXjh-ciC19K1dEfrVh0b-pdDxIy17Vt1YFOsR0XzX9v4dgM0Nqy34n1qbDHyNi8d5utlcnC7Qu1RyP5PB2X6x_YbyOad7kkNmqcrjpjw2A?authuser=0&fife=s16383"}, {"name": "Фото 3", "url": "https://mymaps.usercontent.google.com/hostedimage/m/*/3AAjQbR7vFuIDzt2CO39y2J3f8z_7je5BewDiwfsrhr4K4aRf0dUo5_ikdgQIZYysN7ewGD3otb4lsSLA5mslJezckKktqOmvpWgBeuBQepzH-apVph3D5JMAfUV9j7Qfi8iHAb5_ngfvuIHAvDL1a6YgYnblqBC0BcisK013VBoEhmtBfoK25yWAOdVsWMF2EgwXQc4D5FgpJyTJh2eQYn0CY1kRh-zzk_7ORVbIjKWOCeAGzh2Au2jHuXqKmyw?authuser=0&fife=s16383"}], "source_folder": "Трансформаторные пункты"}}, {"type": "Feature", "geometry": {"type": "Point", "coordinates": [66.78067, 44.17222]}, "properties": {"id": "tp_0101", "name": "12 КТПН-10/0,4 кВ", "object_type": "tp", "voltage": "10/0,4 кВ", "parent_id": "feeder_0040", "fed_from": "Шыгыс-3", "year": null, "power_kva": null, "balance": null, "inventory_no": null, "length": null, "description": null, "links": [{"name": "Фото 1", "url": "https://mymaps.usercontent.google.com/hostedimage/m/*/3AAjQbR6FAqqN1WxIsUEoIaLo2cdHOTwwS8rnrXiV0G2l23OQPV93rqk9vcxfIqAv-uGmN1APqwdwJ-YcY2TKinoak2JP0imxQqKD_ScLlijPJFsPa_Amx9dwCH-9h_WBcKLzjqBUb6zRBtTFEMLjJuP3Qe3Gq6Ad3fWN5UbEZFHQakZwuvs73zEFhQzB5kV4LakXfbhQLNz7B1mNI70EMcDUtb-LtBuw-vE7HP68_ah0HjH4cl5IyFrNS103qQU?authuser=0&fife=s16383"}, {"name": "Фото 2", "url": "https://mymaps.usercontent.google.com/hostedimage/m/*/3AAjQbR4aiMgr0heyrm5uTLYEbl1hKwfc352bzIgKqpHKr5TjyuUPrvqP6_mUqYW2DaYJ9Z6LpGIMLLI4fkr3DnNTIcpM-hC_aXwuM6jbmIWomtnAwm0PIz9q1GF3jsL5P358gKXHJOMpNv6xceE-_pgZ7nuQtZQepK_8TxvRIr7gN_fNJnC6olCbUjRIy2JOpyNNW8JfTocc6bHF8EvUSfjBe8ZpRk4cH7kUr6r2q0-NqF2Tcfaa6riZ6He3_A0?authuser=0&fife=s16383"}], "source_folder": "Трансформаторные пункты"}}, {"type": "Feature", "geometry": {"type": "Point", "coordinates": [66.77717, 44.17225]}, "properties": {"id": "tp_0102", "name": "13 КТПН-10/0,4 кВ", "object_type": "tp", "voltage": "10/0,4 кВ", "parent_id": "feeder_0040", "fed_from": "Шыгыс-3", "year": null, "power_kva": null, "balance": null, "inventory_no": null, "length": null, "description": null, "links": [{"name": "Фото 1", "url": "https://mymaps.usercontent.google.com/hostedimage/m/*/3AAjQbR5v1avblQJdzlWCVWLIBzScKZQkvEDU82KYgIiq8XZeE2ov1DhUsHJdPIm5bqyCb7VYBRQE4rwxl4in2DH2SlEkGO9hEJ3ihyAl0IwhXk7b1TQJcUuLauMB19LGTlsnWiEv16xi8fcEvohUWLKJcxsmwB1ACZ0Ved989Omc72yUfzhaXjI-vBwoZESAkDn6iYKvaUNlKfXJNO8MuQ6NCAt5pfvD40CYJptR--az8Cu3J4g6O-dIJ-hUIcE?authuser=0&fife=s16383"}, {"name": "Фото 2", "url": "https://mymaps.usercontent.google.com/hostedimage/m/*/3AAjQbR7YgoM89xDFJs8xFaTSQmHN8KlzDzJ6r3EKdzfvW4RDLNctbSTA0dG0aWoES5qW_WQaG11yaz6Q4FDvJozzmrdhscUR30o0xRYzquBS2c59n7IUYHet-mKNo-mLI_RqTl3pPevzA9Q6wU4kclgrVEFW_3viqS6Hez8LwQCqvYTS18v6ytaNWxB-0mTgZvDqcnmYz3n8judj_4iFSgkfIk5rtrWNPMo1mJZvagT5WG66a4rEkhWLz7SIxE0?authuser=0&fife=s16383"}], "source_folder": "Трансформаторные пункты"}}, {"type": "Feature", "geometry": {"type": "Point", "coordinates": [66.77714, 44.16889]}, "properties": {"id": "tp_0103", "name": "14 КТПН-10/0,4 кВ", "object_type": "tp", "voltage": "10/0,4 кВ", "parent_id": "feeder_0040", "fed_from": "Шыгыс-3", "year": null, "power_kva": null, "balance": null, "inventory_no": null, "length": null, "description": null, "links": [{"name": "Фото 1", "url": "https://mymaps.usercontent.google.com/hostedimage/m/*/3AAjQbR6m1vltVpKvxuOl0M8tK6hsokpm9__Fzb6uy4ajp6yfJ3IiWUL8_v_fm7HvdSdGy9fwuY_cnQEn69IIyvUWQA45fdrOVmZ40Fe6q0ck-RK6NDsZJE5ipJqkBV9ja4A2mmObTIQO8H_nfvb6Kb1yCo0DgqV8sYCHDI8Yp8PYQAgXHpIdH0Oq8Mc_OFsb6YnckunHwcFOsTIfF9RnbBrDX0U21EabC5yXhEHaKCtOd3YejeMUPojk6OoT1dA?authuser=0&fife=s16383"}, {"name": "Фото 2", "url": "https://mymaps.usercontent.google.com/hostedimage/m/*/3AAjQbR5FoGiP_IdyHztzVne0LJAuzQcgP7s75dzG3ydco_ql9jSbpgz3gRa-cg63dnPnteA8FNIMw0ih7tihM8BW1rkd95hY2TWZpRTl919SEZGZNIS2NzYsmj67GPMlVibaW7aDrm0lgwUKvRYpxlSTn1lDoOzH5DSVSy8sW0rzj7JPLbeEdH1F3iNWRRyzGdBTFaZkMrVTQhAVkAPrbH-XpsDiiBcoJw8gyeoN2rltgYS_f5eb3-avENZcMjM?authuser=0&fife=s16383"}], "source_folder": "Трансформаторные пункты"}}, {"type": "Feature", "geometry": {"type": "Point", "coordinates": [66.77345, 44.16501]}, "properties": {"id": "tp_0104", "name": "15 КТПН-10/0,4 кВ", "object_type": "tp", "voltage": "10/0,4 кВ", "parent_id": "feeder_0040", "fed_from": "Шыгыс-3", "year": null, "power_kva": null, "balance": null, "inventory_no": null, "length": null, "description": null, "links": [{"name": "Фото 1", "url": "https://mymaps.usercontent.google.com/hostedimage/m/*/3AAjQbR69nNmNHnzVQyjYOsm1-awL1UE4luImC8ysmXk6S8wFGKwpn9m-I9ZGhG6gIh2mvvE3nqQjoZh8BPcKoma8d3_M4f1GPvwgma_pVsYondDFxmya7DQ7U8wmjExT-rnUTlT_n3l8351ic6YZsV0t8TAWjQuJoBEkPi73S9OQKeEqBqqhXaAdbeze8BX-e5jL1JfsOCE7gDmM5CCk3nab_TSQ6YTwWslrDvekSL2nwDiHvA7vNAkyUN-cKCQ?authuser=0&fife=s16383"}, {"name": "Фото 2", "url": "https://mymaps.usercontent.google.com/hostedimage/m/*/3AAjQbR44DgBV7xK--O5Y5Mfc3dGCe4LwlTRLU8QxJY3udpBtNsxcTx1Vskyby46NnV5vFfoXD-yrsftdIxtMNS0Rmjyur5nux5WdKDUS8lTiGCXrzn51CJsLUCApjvYeRdXTJ8-GnLa0Wjf6nRwkIgmg7Q4MiTpKalB7uQ8zPbjeQBPgC2MF3-HPcmt9BP37Rd3Z9y3h_0EOSgItMaeMxNZx_rbFtoMk4Om_s5GjfUBkv97boxqnLIBFaMd9xkM?authuser=0&fife=s16383"}, {"name": "Фото 3", "url": "https://mymaps.usercontent.google.com/hostedimage/m/*/3AAjQbR7YykQsSY02PYpPGsnOFQ4Imt5Ha1oLUkVM5AertnZtHNhssxYjsPVQDgdFsQTUZDIbt4dCm5EWqBdDeD9utow3beInq5fPz9PyipmoDHWp1t-R69FkDY9jmqFMYlSYcUiHNueZr3-Dx2RtTdZNZv-xS6lOXJgR8dK-Jc1dFYJgF9zVgnI7MZbMaR8zdQjaXNQuFHQhR7ftC_10hqk-IYqRcfP1S3Es2b1_ByaaWQPfIJYWrF3OGbq1dn8?authuser=0&fife=s16383"}], "source_folder": "Трансформаторные пункты"}}, {"type": "Feature", "geometry": {"type": "Point", "coordinates": [66.77045, 44.16637]}, "properties": {"id": "tp_0105", "name": "16 КТПН-10/0,4 кВ", "object_type": "tp", "voltage": "10/0,4 кВ", "parent_id": "feeder_0040", "fed_from": "Шыгыс-3", "year": "2021", "power_kva": "160", "balance": null, "inventory_no": null, "length": null, "description": null, "links": [{"name": "Фото 1", "url": "https://mymaps.usercontent.google.com/hostedimage/m/*/3AAjQbR6-4nawr-J-SudEsWBM5XS9om6qjwMXLfE2Xsb2V50NyzeNjJFnl_YN5xrz2CecuIDna58OO0hkQZCuzUIrDmWFkKMK44rv-DgMs2xYZRvbq5A9zwKSGHOH9jM3WmGT41tJetJCp6ubYLZuM0KoDz66ex-xf6V8GLpNdmr88RXkm9qjPi-Fa_trIgL3sZtjiFjeolBQKgecXvaek1_CbKZ2tBVEh_OoZ8qO5EkUuhilQyc31DPpL-mi6Bc?authuser=0&fife=s16383"}, {"name": "Фото 2", "url": "https://mymaps.usercontent.google.com/hostedimage/m/*/3AAjQbR4DkuNC6-OTKvlU-SmgRHGrY542zCdCnpCYWSrYX7PMzn4Ys5L1HtRhicZnBaiiWIzzEoacKlGV0gsf1-icQxUsUTbPe7Vl2rvul7gaxGYlsUndVTzhIoYcRsHuzs885lgeg3m0f5g-kAPaPAPrybqewouF8RWEBGofqkJskYxYgECbVkOj91CpUyr7akrGjWutRMjRKmc2kBGWzlO0UCB9NAFfiNAJKzz9Dqr8OvavlLMmlLzqMXX38vQ?authuser=0&fife=s16383"}, {"name": "Фото 3", "url": "https://mymaps.usercontent.google.com/hostedimage/m/*/3AAjQbR4WTuYFPhEVHdNSenTBCppTv609Ig_QqniZKXKfC3G7gNLG25cgF3bg7SvVyJseSUAB_uc_kBA83_lG4s_nyWC-UtviXItMIpxivjH9p72qHdc7VDLBYLYMkMeG7z2h8Wii7lfxhLkbW1UbQAWuFf5z3ujPzUpoMQadvwkFLxxqE0AKEV9GRy1dFzHLQ_3a2kcsr2hwn8zd3awX2OIF1sU-uZaSgm6YXbpxU4DF179Tz1xr0Stkglnv90I?authuser=0&fife=s16383"}, {"name": "Фото 4", "url": "https://mymaps.usercontent.google.com/hostedimage/m/*/3AAjQbR6RHKJd1rWlSfsx3ds1xCkU1tO9hOjjWxW3_OcQEWHrhfD7rRuU_NhbsPWd-asMBsEZhIWkgdjVNhRY-lPtcZvTpcDlXjivwtsFWU03ZS-leAyqwTbgIjhqn1o9imRFaYb6mo5XVsAyJYhYVtt8NBgVukC3TUD8WRcarG2ZZ8BvlHLBBJiqwktw9YbVVli9NC_VnSOdMC23npho6dXI9lqdgi5aamUTEn-lbzWlR2KkWxWbmB5UCiSJYk4?authuser=0&fife=s16383"}], "source_folder": "Трансформаторные пункты"}}, {"type": "Feature", "geometry": {"type": "Point", "coordinates": [66.76945, 44.16707]}, "properties": {"id": "tp_0106", "name": "17 КТПН-10/0,4 кВ", "object_type": "tp", "voltage": "10/0,4 кВ", "parent_id": "feeder_0040", "fed_from": "Шыгыс-3", "year": "2024", "power_kva": "160", "balance": null, "inventory_no": null, "length": null, "description": null, "links": [{"name": "Фото 1", "url": "https://mymaps.usercontent.google.com/hostedimage/m/*/3AAjQbR5mL0LYZrrfqstu0muDbD2sm6tR4qWJSHfy5X6Ei_GHJ5wpiG9YOfAJNe9GT1LgQdCfg6o-sgli3KWzoY_19_kotYNbhZiqoFQifVEu8ZCMM64rURZ-XWFKazaePWMrw3Y0l70TFpdPVBdC_Po1NzK4wQXaNAubVlhvEkZ3pHfkW5GDEPJ0l-WWZAjNKs9YUTu3xr-jNY1w8tvK83OrQ8csnr4mmtsuhGerRPAEsk_1aQQMUA1P0WFj1Hk?authuser=0&fife=s16383"}, {"name": "Фото 2", "url": "https://mymaps.usercontent.google.com/hostedimage/m/*/3AAjQbR42QG8G46gDR7Se_QdWN8nkBhi_mu4nZLvT7CrT31w0zmEef3zHnBmqRJkgL-FUnpLD9IcTL59STPoCTpKSpFiDb6VGohuqhGXAmHBJD7AanVdcXGqmJMBavGrwPRh1TGsMuuw_BUrJthcDe1J9m3Y3yRc3ELZHzqnkcBueCL3JE8qCAG0yuvlEi_fuQVEQGtmu3oC44mmYYbayvl_OvHSqdv9Ncv3DKFDRMjXWS1kI9QSPWEdE_tSNOpw?authuser=0&fife=s16383"}, {"name": "Фото 3", "url": "https://mymaps.usercontent.google.com/hostedimage/m/*/3AAjQbR6MVw-ha4SdQlzsTHcSecTePbo0hp77IdGQU1JkNxXlJCxZhCfie2BEa4WCCdH-mCQHo2BDE6LP5NJ0lDUHJeM7jOs-vRC-U0cVDBk6tSsiZ0onxIJLGHN1vBm301F3qNb5K-T9L52kkRBzf5qlal8VklZiaJeW02BhTN1B6jqRXyOwCuhpsGgUFiGmtVnPDQi173q050f7rzF287rbPY6YvRWJhQaGAfsHQMPYz4K7HKT-X7OHC261RIc?authuser=0&fife=s16383"}], "source_folder": "Трансформаторные пункты"}}, {"type": "Feature", "geometry": {"type": "Point", "coordinates": [66.7661, 44.16874]}, "properties": {"id": "tp_0107", "name": "18 КТПН-10/0,4 кВ", "object_type": "tp", "voltage": "10/0,4 кВ", "parent_id": "feeder_0040", "fed_from": "Шыгыс-3", "year": null, "power_kva": null, "balance": null, "inventory_no": null, "length": null, "description": null, "links": [], "source_folder": "Трансформаторные пункты"}}, {"type": "Feature", "geometry": {"type": "Point", "coordinates": [66.72585, 44.18582]}, "properties": {"id": "tp_0108", "name": "КТП-10/0,4 кВ №601", "object_type": "tp", "voltage": "10/0,4 кВ", "parent_id": "feeder_0048", "fed_from": "Залинейный", "year": "2009", "power_kva": "160 кВА", "balance": "ШРЭС", "inventory_no": null, "length": null, "description": null, "links": [], "source_folder": "Трансформаторные пункты"}}, {"type": "Feature", "geometry": {"type": "Point", "coordinates": [66.74041, 44.18187]}, "properties": {"id": "tp_0109", "name": "ТП-10/0,4 кВ №292", "object_type": "tp", "voltage": "10/0,4 кВ", "parent_id": "feeder_0048", "fed_from": "Залинейный", "year": "25.09.2020", "power_kva": "250 кВА", "balance": "ШРЭС", "inventory_no": "20311", "length": null, "description": "L=5.445 km\nЕБРР", "links": [], "source_folder": "Трансформаторные пункты"}}, {"type": "Feature", "geometry": {"type": "Point", "coordinates": [66.7398, 44.17577]}, "properties": {"id": "tp_0110", "name": "КТПБ-10/0,4 кВ №80", "object_type": "tp", "voltage": "10/0,4 кВ", "parent_id": "feeder_0048", "fed_from": "Залинейный", "year": "25.09.2020", "power_kva": "250 кВА", "balance": "ШРЭС", "inventory_no": "20321", "length": null, "description": "ЕБРР", "links": [], "source_folder": "Трансформаторные пункты"}}, {"type": "Feature", "geometry": {"type": "Point", "coordinates": [66.74118, 44.17113]}, "properties": {"id": "tp_0111", "name": "КТП-10/0,4 кВ №299", "object_type": "tp", "voltage": "10/0,4 кВ", "parent_id": "feeder_0048", "fed_from": "Залинейный", "year": "11.01.1975", "power_kva": "250 кВА", "balance": "ШРЭС", "inventory_no": "21549", "length": null, "description": "Общ.кол.опор: 119\nВыполнен летний замер нагрузок ТП, КТП(Н), КТПБ-10/0,4 кВ по Шиелииской РЭС на 2026 год", "links": [], "source_folder": "Трансформаторные пункты"}}, {"type": "Feature", "geometry": {"type": "Point", "coordinates": [66.74928, 44.17215]}, "properties": {"id": "tp_0112", "name": "КТП-10/0,4 кВ №53", "object_type": "tp", "voltage": "10/0,4 кВ", "parent_id": "feeder_0048", "fed_from": "Залинейный", "year": "1979", "power_kva": "250 кВА", "balance": "(П) ТОО \"Аргымак\"", "inventory_no": null, "length": null, "description": null, "links": [], "source_folder": "Трансформаторные пункты"}}, {"type": "Feature", "geometry": {"type": "Point", "coordinates": [66.74973, 44.17208]}, "properties": {"id": "tp_0113", "name": "КТПБ-10/0,4 кВ №268", "object_type": "tp", "voltage": "10/0,4 кВ", "parent_id": "feeder_0048", "fed_from": "Залинейный", "year": "30.09.2020", "power_kva": "250 кВА", "balance": "ШРЭС", "inventory_no": "2018068-60 / 20429", "length": null, "description": "ЕБРР", "links": [], "source_folder": "Трансформаторные пункты"}}, {"type": "Feature", "geometry": {"type": "Point", "coordinates": [66.74722, 44.1684]}, "properties": {"id": "tp_0114", "name": "269 КТПБ-10/0,4 кВ", "object_type": "tp", "voltage": "10/0,4 кВ", "parent_id": "feeder_0048", "fed_from": "Залинейный", "year": "30.09.2020", "power_kva": "250 кВА", "balance": "ШРЭС", "inventory_no": "2018068-44 / 20430", "length": null, "description": "ЕБРР", "links": [], "source_folder": "Трансформаторные пункты"}}, {"type": "Feature", "geometry": {"type": "Point", "coordinates": [66.76152, 44.17305]}, "properties": {"id": "tp_0115", "name": "КТП-10/0,4 кВ №695", "object_type": "tp", "voltage": "10/0,4 кВ", "parent_id": "feeder_0048", "fed_from": "Залинейный", "year": "2013", "power_kva": "250 кВА", "balance": "СШ №47", "inventory_no": null, "length": null, "description": "АС-50", "links": [], "source_folder": "Трансформаторные пункты"}}, {"type": "Feature", "geometry": {"type": "Point", "coordinates": [66.75347, 44.16708]}, "properties": {"id": "tp_0116", "name": "КТП-10/0,4 кВ №83", "object_type": "tp", "voltage": "10/0,4 кВ", "parent_id": "feeder_0048", "fed_from": "ф.Залинейный", "year": "2008 г", "power_kva": "160 кВА", "balance": "ШРЭС", "inventory_no": "20297", "length": null, "description": "Летний замер:\nДата замера - 29.06.2026\nВремя замера - 21:40", "links": [], "source_folder": "Трансформаторные пункты"}}, {"type": "Feature", "geometry": {"type": "Point", "coordinates": [66.7354, 44.17965]}, "properties": {"id": "tp_0117", "name": "99 КТПБ-10/0,4 кВ", "object_type": "tp", "voltage": "10/0,4 кВ", "parent_id": "feeder_0048", "fed_from": "Залинейный", "year": "25.09.2020", "power_kva": "250 кВА", "balance": "ШРЭС", "inventory_no": "20317", "length": null, "description": "ЕББР", "links": [], "source_folder": "Трансформаторные пункты"}}, {"type": "Feature", "geometry": {"type": "Point", "coordinates": [66.71877, 44.16674]}, "properties": {"id": "tp_0118", "name": "602 КТП(Н)-10/0,4 кВ", "object_type": "tp", "voltage": "10/0,4 кВ", "parent_id": "feeder_0043", "fed_from": "ф.Береке-2", "year": null, "power_kva": "63 кВА", "balance": null, "inventory_no": null, "length": null, "description": null, "links": [], "source_folder": "Трансформаторные пункты"}}, {"type": "Feature", "geometry": {"type": "Point", "coordinates": [66.7260085, 44.1714]}, "properties": {"id": "tp_0119", "name": "676 КТП(Н)-10/0,4 кВ", "object_type": "tp", "voltage": "10/0,4 кВ", "parent_id": "feeder_0070", "fed_from": "Райцентр", "year": "2012", "power_kva": "63 кВА", "balance": "Потребитель \"Бекзатхан Бекару\"", "inventory_no": null, "length": null, "description": null, "links": [], "source_folder": "Трансформаторные пункты"}}, {"type": "Feature", "geometry": {"type": "Point", "coordinates": [66.71893, 44.16725]}, "properties": {"id": "tp_0120", "name": "721 КТП(Н)-10/0,4 кВ", "object_type": "tp", "voltage": "10/0,4 кВ", "parent_id": "feeder_0043", "fed_from": "ф.Береке-2", "year": "2013 г.", "power_kva": "40 кВА", "balance": null, "inventory_no": null, "length": null, "description": null, "links": [{"name": "Фото", "url": "https://mymaps.usercontent.google.com/hostedimage/m/*/3AAjQbR7nDt3bnsVnLsiZFKqACW4QWJIW2SW3N5OCmc5f7_o93ZnSkf4eFuV3JiutwPK9pXqZz2eECIUntyxlATby2jG4gjuMhp9abrH8ULe7dAE6pI1WEWc-MYmuIccdrwtDq7TjKv4B576xGEoh6XaZpcWuxKGstX_eSWFY1VXk7PUer34uWh80dDbj7UQuf5gedq5hKt4gOi0b0dW2Ee5cAdLRvnAazooVb_b8kbhQqeB9-shyw6TrssowMlw?authuser=0&fife=s16383"}], "source_folder": "Трансформаторные пункты"}}, {"type": "Feature", "geometry": {"type": "Point", "coordinates": [66.7101, 44.17457]}, "properties": {"id": "tp_0121", "name": "850 КТПН-10/0,4 кВ", "object_type": "tp", "voltage": "10/0,4 кВ", "parent_id": "feeder_0049", "fed_from": "Аэропорт", "year": null, "power_kva": "100 кВА", "balance": "КазВодХоз", "inventory_no": null, "length": null, "description": "Дренажный скважин №4", "links": [{"name": "Фото", "url": "https://mymaps.usercontent.google.com/hostedimage/m/*/3AAjQbR7GKiWrE6ZT-Qd967NGbtLv1UhN5v1YJtwI5ygW2TXyAQjGXNCsJr5EUtCPzxlXzU77KRISlghU15jYC_4o_Bkz7vxLcv6kTL22pZgxV_ZujFB7RPK3J9ny-0MA9Z82M_efGSqqYwVv9iv0lMKLcY4qFawerPYoPtr28sCH71B_Wfr4qMu-WNlQfJrOq3Dl-Si7d8HK6ivjnTcB4pr6lWB_X4Nmet58zWjIbL93vrqr0dmE1p4vkiG0t_s?authuser=0&fife=s16383"}], "source_folder": "Трансформаторные пункты"}}, {"type": "Feature", "geometry": {"type": "Point", "coordinates": [66.7434863, 44.1485726]}, "properties": {"id": "tp_0122", "name": "000 КТП(Н)-10/0,4 кВ", "object_type": "tp", "voltage": "10/0,4 кВ", "parent_id": "feeder_0025", "fed_from": "Бейбытшылык", "year": null, "power_kva": null, "balance": null, "inventory_no": null, "length": null, "description": null, "links": [], "source_folder": "Трансформаторные пункты"}}, {"type": "Feature", "geometry": {"type": "Point", "coordinates": [66.71118, 44.1782]}, "properties": {"id": "tp_0123", "name": "603 ТП-10/0,4 кВ СШ-244", "object_type": "tp", "voltage": "10/0,4 кВ", "parent_id": "feeder_0049", "fed_from": "Аэропорт", "year": null, "power_kva": "250 кВА", "balance": "Школа №244", "inventory_no": null, "length": null, "description": null, "links": [{"name": "Фото", "url": "https://mymaps.usercontent.google.com/hostedimage/m/*/3AAjQbR6rxtHLGuPHaUhG9cU8dyPV3naj_mSBIXC1YY9iim7wXIeWbiBBRi58FGwjsgiKvtZFVCHFpgxjmLsPfO0t1EwaHHXfw0vqnzoS5e9CSeoSAerEbXJ-KPsqHUV_geMLO0o7vehj377RDkhUcrvhKN4VbOuAvD5Vfu7dKsOGqSxLFN_5ZD_1K9_MIKaSSNLga0F6xgL5d_iz37mpCu7s3Z20UU4qeDub925GibCTaMYBOfnO2QccZ1_PMVk?authuser=0&fife=s16383"}], "source_folder": "Трансформаторные пункты"}}, {"type": "Feature", "geometry": {"type": "Point", "coordinates": [66.70621, 44.18128]}, "properties": {"id": "tp_0124", "name": "877 КТП(Н)-10/0,4 кВ", "object_type": "tp", "voltage": "10/0,4 кВ", "parent_id": "feeder_0049", "fed_from": "Аэропорт", "year": "2023", "power_kva": "160 кВА", "balance": "Спорткомплекс", "inventory_no": null, "length": null, "description": null, "links": [], "source_folder": "Трансформаторные пункты"}}, {"type": "Feature", "geometry": {"type": "Point", "coordinates": [66.74247, 44.16185]}, "properties": {"id": "tp_0125", "name": "000 КТП(Н)-10/0,4 кВ", "object_type": "tp", "voltage": "10/0,4 кВ", "parent_id": "feeder_0035", "fed_from": "Райболница", "year": null, "power_kva": null, "balance": null, "inventory_no": null, "length": null, "description": null, "links": [{"name": "Фото", "url": "https://mymaps.usercontent.google.com/hostedimage/m/*/3AAjQbR62DD1QuDvB9Azm0gn7JmL1EOpT-VaCc7J_0tpDC63jYrDDqbDhL6X4MXnAucTaJpbHhVVJROewQG7CfV9-cBsNSqxzIKv3IJoKVzzE21xdPLjythpIjREG4WlnHOO1dPqhPY7r_VDN3ueyb5CRw4uMsKsYlY8IdFbULOPsptSpX-AJz3mb0pKmJ963h_3c1NsyQQQQTv3xMIp5SyX3KtgXS9OKnQWaB9X6zanLMefJVmi9gGGoRA9b17g?authuser=0&fife=s16383"}], "source_folder": "Трансформаторные пункты"}}, {"type": "Feature", "geometry": {"type": "Point", "coordinates": [66.7395811, 44.163018]}, "properties": {"id": "tp_0126", "name": "000 КТП(Н)-10/0,4 кВ", "object_type": "tp", "voltage": "10/0,4 кВ", "parent_id": null, "fed_from": "ЦРП Бидайкол ВВ-1", "year": null, "power_kva": null, "balance": null, "inventory_no": null, "length": null, "description": null, "links": [], "source_folder": "Трансформаторные пункты"}}, {"type": "Feature", "geometry": {"type": "Point", "coordinates": [66.71743, 44.17276]}, "properties": {"id": "tp_0127", "name": "852 КТПН-10/0,4 кВ", "object_type": "tp", "voltage": "10/0,4 кВ", "parent_id": "feeder_0049", "fed_from": "ф.Аэропорт", "year": "2020", "power_kva": "100 кВА", "balance": "КазВодХоз", "inventory_no": null, "length": null, "description": "Дренажный скважин №6", "links": [], "source_folder": "Трансформаторные пункты"}}, {"type": "Feature", "geometry": {"type": "Point", "coordinates": [66.71454, 44.17828]}, "properties": {"id": "tp_0128", "name": "000 КТП(Н)-10/0,4 кВ", "object_type": "tp", "voltage": "10/0,4 кВ", "parent_id": "feeder_0049", "fed_from": "Аэропорт", "year": "2007", "power_kva": "63 кВА", "balance": "Потребитель", "inventory_no": null, "length": null, "description": null, "links": [{"name": "Фото", "url": "https://mymaps.usercontent.google.com/hostedimage/m/*/3AAjQbR5V6JmB3TQAMAFdNLkxLQre-FqJ4hOPAYwa4m3fOBU0nc8AJr9ZLNKNDXSCyW3ovvqezXcK7RLIJUi2H5T5ZYLtPQ8ZRNe69JgUhDL547KiJCFBDNlFxauISnfXcx82QX81IgkXczT1hCRRxaK3qifc3z4jyYpNQO3139jpcvnxEdxfUNnlHeicQQGwkONi0CDHEBD2Xlk4JjxX2j7uP432LX4FKU_mfoHoezsXbl4ynQakYtwz0cY2A2c?authuser=0&fife=s16383"}], "source_folder": "Трансформаторные пункты"}}, {"type": "Feature", "geometry": {"type": "Point", "coordinates": [66.69987, 44.18459]}, "properties": {"id": "tp_0129", "name": "174 ТП-10/0,4 кВ", "object_type": "tp", "voltage": "10/0,4 кВ", "parent_id": "feeder_0050", "fed_from": "ф.Кызылту", "year": null, "power_kva": null, "balance": null, "inventory_no": null, "length": null, "description": null, "links": [{"name": "Фото", "url": "https://mymaps.usercontent.google.com/hostedimage/m/*/3AAjQbR46lrnx5x_49X4BiGs97WpnkaY028sqRdDondD-kgznxIai1MNn6egoXUSvjcR36UsN3WADnvXA6RAcQG47U9crF8qeBsX-yDWhzPtgbYQGdXCpnWoGfUN86XAlzfenCO2C6o69GW7axACCnOvdSiXXgfzAa6dpzswaTKWxpBYxDgEI4TTa-DT4qEP8EgkwJPOkpl5-cV-ryQPrYnbyaTiMf_RyHelRpOOvo8izSvlvr6h_r5Hve-ZTqVs?authuser=0&fife=s16383"}], "source_folder": "Трансформаторные пункты"}}, {"type": "Feature", "geometry": {"type": "Point", "coordinates": [66.742, 44.16303]}, "properties": {"id": "tp_0130", "name": "000 КТП(Н)-10/0,4 кВ", "object_type": "tp", "voltage": "10/0,4 кВ", "parent_id": "feeder_0035", "fed_from": "Райболница", "year": null, "power_kva": null, "balance": null, "inventory_no": null, "length": null, "description": null, "links": [{"name": "Фото", "url": "https://mymaps.usercontent.google.com/hostedimage/m/*/3AAjQbR6D-agbq60mzR_cBPtNJYPsxgp5lBfTtz7nlXT0mPY3n0LfGzGqfj73i3v2QKF1D94B-nsKILLsft5UWM9k0Pcccy6r7nNwVt3qcfzOyN8yymbq2FkJPvKFRVzD_O-C1uZ24W0wLCLfnTQHrThwppfMFX9viQpyzgGVlgmqE321E-8Ds7qYnVzQavs0RIy4i0JrXlqnal2DrrpNccaYvKpzPMpt9ttKH5vIfqTyXzWyWMHda69rbcCY-E8?authuser=0&fife=s16383"}], "source_folder": "Трансформаторные пункты"}}, {"type": "Feature", "geometry": {"type": "Point", "coordinates": [66.7488, 44.15811]}, "properties": {"id": "tp_0131", "name": "000 КТП(Н)-10/0,4 кВ", "object_type": "tp", "voltage": "10/0,4 кВ", "parent_id": "feeder_0038", "fed_from": "ф.МКСО", "year": null, "power_kva": null, "balance": null, "inventory_no": null, "length": null, "description": "Детский-оздоровительный центр", "links": [{"name": "Фото", "url": "https://mymaps.usercontent.google.com/hostedimage/m/*/3AAjQbR4ayA2WPB6sWP0i5tmoc_Lfv5A9nzVlwXOlOl3nardv3XXrmnR0Q5FW4MDOODp1ivo0AzRUcbB4wYmjwDAl_nnWk0SG4baH2JeWYaO2yjFoSrTi9M9Dxc2QSojOEhcmcMJYF6X-l658c9xXh2l5_on-kjmhMcXO4caTxI-IbzeGbcBnREtpDOFhL2MHm8cMuxcUSLAtUPVqQnqHqIlRFT_Gj7Dln9dxKlkUJlE1NaUJyG5kIkxe8oOOCU4?authuser=0&fife=s16383"}], "source_folder": "Трансформаторные пункты"}}, {"type": "Feature", "geometry": {"type": "Point", "coordinates": [66.7372544, 44.1641281]}, "properties": {"id": "tp_0132", "name": "000 КТП(Н)-10/0,4 кВ", "object_type": "tp", "voltage": "10/0,4 кВ", "parent_id": null, "fed_from": "ЦРП Бидайкол ВВ-1", "year": null, "power_kva": null, "balance": null, "inventory_no": null, "length": null, "description": null, "links": [], "source_folder": "Трансформаторные пункты"}}, {"type": "Feature", "geometry": {"type": "Point", "coordinates": [66.74285, 44.18418]}, "properties": {"id": "tp_0133", "name": "864 КТПН-10/0,4 кВ", "object_type": "tp", "voltage": "10/0,4 кВ", "parent_id": "feeder_0047", "fed_from": "УП", "year": null, "power_kva": null, "balance": null, "inventory_no": null, "length": null, "description": null, "links": [], "source_folder": "Трансформаторные пункты"}}, {"type": "Feature", "geometry": {"type": "Point", "coordinates": [66.74242, 44.17848]}, "properties": {"id": "tp_0134", "name": "ТП-10/0,4 кВ №370", "object_type": "tp", "voltage": "10/0,4 кВ", "parent_id": "feeder_0047", "fed_from": "УП", "year": "1978", "power_kva": "215 кВА", "balance": "СШ-219", "inventory_no": null, "length": null, "description": "АС-35", "links": [], "source_folder": "Трансформаторные пункты"}}, {"type": "Feature", "geometry": {"type": "Point", "coordinates": [66.77246, 44.18995]}, "properties": {"id": "tp_0135", "name": "765 КТПН-10/0,4 кВ", "object_type": "tp", "voltage": "10/0,4 кВ", "parent_id": "feeder_0047", "fed_from": "УП", "year": null, "power_kva": null, "balance": null, "inventory_no": null, "length": null, "description": null, "links": [{"name": "Фото", "url": "https://mymaps.usercontent.google.com/hostedimage/m/*/3AAjQbR7YjGngX7f2aWEwY3OkNfShhxfSu_ETQMaPJR9J6Q8QnDiCz7HGbmT_rqz6uGNPj1PAKyt7YQn3AExLvKAOAFcJySHQaKPqhhg6c7v8qSYrm4uc1j8LCx6MVxpB90YvIN0SV-dEWJFCk6NszaOw5ifctvQKJ4hUcIWYwuRIqYHyfisnTOE9GTeJBVkSiIdONItD8AUW9ZY1Mwze0IWV-7sJp5q2d9FeiAXIPhhkxlfSVmFR2vGjY-2UoKs?authuser=0&fife=s16383"}], "source_folder": "Трансформаторные пункты"}}, {"type": "Feature", "geometry": {"type": "Point", "coordinates": [66.7091808, 44.1844442]}, "properties": {"id": "tp_0136", "name": "85 КТПБ-10/0,4 кВ", "object_type": "tp", "voltage": "10/0,4 кВ", "parent_id": "feeder_0070", "fed_from": "Райцентр", "year": "30.09.2020", "power_kva": "250 кВА", "balance": "ШРЭС", "inventory_no": "20296", "length": null, "description": "Выполнен летний замер нагрузок ТП, КТП(Н), КТПБ-10/0,4 кВ по Шиелииской РЭС на 2026 год", "links": [{"name": "Фото 1", "url": "https://mymaps.usercontent.google.com/hostedimage/m/*/3AAjQbR6_gIRsn4NKvxpc7CBKXIvnEGqTUUkPqEuHzMDt26WbOm3t3Alr_BXo7whVvI7xOso2Dp2C5-Q7_a1hy-Q-yZCsqthntW_nZjGoczjQGkGUL2ZnL5lz8c7AQYDMqqCSrg1LmDXEyTJKETsM6mUR8UZKK6F6M-Bj7d_LFrDavMmokrw9Z2cNESkUWlR24FesI97XSci8OoLTRUZfHddty6DzEB0CNHRsM_mPY9NZTdufO9J_5AZzOvTHkMc?authuser=0&fife=s16383"}, {"name": "Фото 2", "url": "https://mymaps.usercontent.google.com/hostedimage/m/*/3AAjQbR5tN72lEwh0I-26-tMGUZeNcYEA6gbfBRwcQECItThgat6h75NiLdvD0Q5szbvVzZLkUhn6uy0zrKEttpqotDKslpn8tVHpxCFDg8fXhJzA6SQGt5qiE163h4Y3PkSvH92RllBlOC-LI2V_GTLN3J2vn_Gj6tEiRdLoESfMzwLL2QUrPaejvctk0__XGZ0b5B-H_cgM19rpO7ui_8jbdIHgZ9nUrON016DTMZV0u0kcIdIRm_wk3L06kdA?authuser=0&fife=s16383"}], "source_folder": "Трансформаторные пункты"}}, {"type": "Feature", "geometry": {"type": "Point", "coordinates": [66.71696, 44.16401]}, "properties": {"id": "tp_0137", "name": "ТП-10/0,4 кВ №286", "object_type": "tp", "voltage": "10/0,4 кВ", "parent_id": "feeder_0043", "fed_from": "Береке-2", "year": null, "power_kva": "160", "balance": null, "inventory_no": null, "length": null, "description": null, "links": [{"name": "Гео-схема", "url": "https://www.google.com/maps/d/edit?hl=ru&mid=1pg09iu5_y3ayN6VhT9dyX8y28_8cax8&ll=44.16348753903636%2C66.71762854387701&z=17"}, {"name": "По опорная схема", "url": "https://docs.google.com/drawings/d/1ydgCmzv9iOKhz-Azpv_rN0QJN_yzcv5_KdlecSV3MmY/edit"}, {"name": "Таблица данный по опорам", "url": "https://docs.google.com/spreadsheets/d/1c9dYZvEYm9fYA7IXm7PfO1AiwAVE_6xZVnN5GfeVU_k/edit?gid=0#gid=0"}], "source_folder": "Трансформаторные пункты"}}, {"type": "Feature", "geometry": {"type": "Point", "coordinates": [66.71538, 44.15698]}, "properties": {"id": "tp_0138", "name": "785 КТПН-10/0,4 кВ", "object_type": "tp", "voltage": "10/0,4 кВ", "parent_id": null, "fed_from": null, "year": null, "power_kva": "250", "balance": null, "inventory_no": null, "length": null, "description": null, "links": [], "source_folder": "Трансформаторные пункты"}}, {"type": "Feature", "geometry": {"type": "Point", "coordinates": [66.70995, 44.17108]}, "properties": {"id": "tp_0139", "name": "778 КТПН-10/0,4 кВ", "object_type": "tp", "voltage": "10/0,4 кВ", "parent_id": null, "fed_from": null, "year": null, "power_kva": null, "balance": null, "inventory_no": null, "length": null, "description": null, "links": [], "source_folder": "Трансформаторные пункты"}}, {"type": "Feature", "geometry": {"type": "Point", "coordinates": [66.70322, 44.17277]}, "properties": {"id": "tp_0140", "name": "779 КТПН-10/0,4 кВ", "object_type": "tp", "voltage": "10/0,4 кВ", "parent_id": null, "fed_from": null, "year": null, "power_kva": null, "balance": null, "inventory_no": null, "length": null, "description": null, "links": [], "source_folder": "Трансформаторные пункты"}}, {"type": "Feature", "geometry": {"type": "Point", "coordinates": [66.72093, 44.16433]}, "properties": {"id": "tp_0141", "name": "КТП-10/0,4 кВ 112", "object_type": "tp", "voltage": "10/0,4 кВ", "parent_id": "feeder_0043", "fed_from": "Береке-2", "year": null, "power_kva": "400 кВА", "balance": null, "inventory_no": null, "length": null, "description": null, "links": [{"name": "Гео-схема", "url": "https://www.google.com/maps/d/edit?hl=ru&mid=1r-WHaVB7WstqHSnl7V0lVWYkPOEFhqs&ll=44.16360138154499%2C66.72209776205631&z=16"}, {"name": "По опорная схема", "url": "https://docs.google.com/drawings/d/1WLPqaP1lH6mzBGjXcryPm1_YuIxehIx0LOuPkPH37EA/edit"}, {"name": "Фото", "url": "https://mymaps.usercontent.google.com/hostedimage/m/*/3AAjQbR6MlMCYO78IzUMaSpoH9Lx74N6nstrroNvFtd4M1pqlIbinUHjZk9Z2BykCJNMOtjDYOgtUDUtWEpmt97hekDFyipr-25YV75A5G5uUVvuwDeyjQ-oMa-0G26xkfJA3c2zOIJa_C_cuGzwEQD_5W7ZLQGkuGvxvFxH7BTbfz0d-hJBBmRhjh3cRRgPj8jzcPVYaGtTVxZA26RLnrTd0Uu9LHQBpwqntrSbYjNk8_dDzXxuFutJNLzEmmUA?authuser=0&fife=s16383"}], "source_folder": "Трансформаторные пункты"}}, {"type": "Feature", "geometry": {"type": "Point", "coordinates": [66.71091, 44.16318]}, "properties": {"id": "tp_0142", "name": "851 КТПН-10/0,4 кВ", "object_type": "tp", "voltage": "10/0,4 кВ", "parent_id": null, "fed_from": null, "year": null, "power_kva": "100 кВА", "balance": null, "inventory_no": null, "length": null, "description": "Дренажный скважин №5", "links": [], "source_folder": "Трансформаторные пункты"}}, {"type": "Feature", "geometry": {"type": "Point", "coordinates": [66.7181, 44.15612]}, "properties": {"id": "tp_0143", "name": "787 КТПН-10/0,4 кВ", "object_type": "tp", "voltage": "10/0,4 кВ", "parent_id": null, "fed_from": null, "year": null, "power_kva": "250", "balance": null, "inventory_no": null, "length": null, "description": null, "links": [], "source_folder": "Трансформаторные пункты"}}, {"type": "Feature", "geometry": {"type": "Point", "coordinates": [66.70952, 44.15731]}, "properties": {"id": "tp_0144", "name": "895 КТПН-10/0,4 кВ", "object_type": "tp", "voltage": "10/0,4 кВ", "parent_id": null, "fed_from": null, "year": null, "power_kva": "160 кВА", "balance": null, "inventory_no": null, "length": null, "description": null, "links": [], "source_folder": "Трансформаторные пункты"}}, {"type": "Feature", "geometry": {"type": "Point", "coordinates": [66.72293, 44.15573]}, "properties": {"id": "tp_0145", "name": "789 КТПН-10/0,4 кВ", "object_type": "tp", "voltage": "10/0,4 кВ", "parent_id": null, "fed_from": null, "year": null, "power_kva": "250", "balance": null, "inventory_no": null, "length": null, "description": null, "links": [], "source_folder": "Трансформаторные пункты"}}, {"type": "Feature", "geometry": {"type": "Point", "coordinates": [66.71042, 44.15859]}, "properties": {"id": "tp_0146", "name": "784 КТПН-10/0,4 кВ", "object_type": "tp", "voltage": "10/0,4 кВ", "parent_id": null, "fed_from": null, "year": null, "power_kva": "100", "balance": null, "inventory_no": null, "length": null, "description": null, "links": [], "source_folder": "Трансформаторные пункты"}}, {"type": "Feature", "geometry": {"type": "Point", "coordinates": [66.7204347, 44.1921551]}, "properties": {"id": "tp_0147", "name": "93 ТП-10/0,4 кВ", "object_type": "tp", "voltage": "10/0,4 кВ", "parent_id": "feeder_0033", "fed_from": "ЛЦ-14", "year": null, "power_kva": null, "balance": null, "inventory_no": null, "length": null, "description": null, "links": [], "source_folder": "Трансформаторные пункты"}}, {"type": "Feature", "geometry": {"type": "Point", "coordinates": [66.72888, 44.16713]}, "properties": {"id": "tp_0148", "name": "175 ТП-10/0,4 кВ", "object_type": "tp", "voltage": "10/0,4 кВ", "parent_id": "feeder_0043", "fed_from": "ф.Береке-2", "year": null, "power_kva": "160 кВА", "balance": null, "inventory_no": null, "length": null, "description": "Выполнен летний замер нагрузок ТП, КТП(Н), КТПБ-10/0,4 кВ по Шиелииской РЭС на 2026 год", "links": [], "source_folder": "Трансформаторные пункты"}}, {"type": "Feature", "geometry": {"type": "Point", "coordinates": [66.72984, 44.16782]}, "properties": {"id": "tp_0149", "name": "856 КТП(Н)-10/0,4 кВ", "object_type": "tp", "voltage": "10/0,4 кВ", "parent_id": "feeder_0043", "fed_from": "ф.Береке-2", "year": null, "power_kva": "100 кВА", "balance": null, "inventory_no": null, "length": null, "description": null, "links": [], "source_folder": "Трансформаторные пункты"}}, {"type": "Feature", "geometry": {"type": "Point", "coordinates": [66.71286, 44.18188]}, "properties": {"id": "tp_0150", "name": "26 ТП-10/0,4 кВ", "object_type": "tp", "voltage": "10/0,4 кВ", "parent_id": "feeder_0070", "fed_from": "Райцентр", "year": "1992", "power_kva": "100 кВА", "balance": "ТОО \"Курастырушы\"", "inventory_no": null, "length": null, "description": "Кол.опор: 16\nМарка пров: АС-50", "links": [], "source_folder": "Трансформаторные пункты"}}, {"type": "Feature", "geometry": {"type": "Point", "coordinates": [66.7319338, 44.1701609]}, "properties": {"id": "tp_0151", "name": "86 КТП-10/0,4 кВ", "object_type": "tp", "voltage": "10/0,4 кВ", "parent_id": "feeder_0043", "fed_from": "ф.Береке-2", "year": "1971", "power_kva": "100 кВА", "balance": "Баня", "inventory_no": null, "length": null, "description": null, "links": [], "source_folder": "Трансформаторные пункты"}}, {"type": "Feature", "geometry": {"type": "Point", "coordinates": [66.7329825, 44.1707926]}, "properties": {"id": "tp_0152", "name": "728 КТПН-10/0,4 кВ", "object_type": "tp", "voltage": "10/0,4 кВ", "parent_id": "feeder_0043", "fed_from": "ф.Береке-2", "year": "2014", "power_kva": "160 кВА", "balance": "СШ №252", "inventory_no": null, "length": null, "description": null, "links": [], "source_folder": "Трансформаторные пункты"}}, {"type": "Feature", "geometry": {"type": "Point", "coordinates": [66.72745, 44.17485]}, "properties": {"id": "tp_0153", "name": "862 КТП(Н)-10/0,4 кВ", "object_type": "tp", "voltage": "10/0,4 кВ", "parent_id": "feeder_0070", "fed_from": "Райцентр", "year": null, "power_kva": "160 кВА", "balance": "Потребитель", "inventory_no": null, "length": null, "description": null, "links": [], "source_folder": "Трансформаторные пункты"}}, {"type": "Feature", "geometry": {"type": "Point", "coordinates": [66.8731033, 44.0864397]}, "properties": {"id": "tp_0154", "name": "167 КТПН-10/0,4 кВ", "object_type": "tp", "voltage": "10/0,4 кВ", "parent_id": "feeder_0005", "fed_from": "ф.Акмая", "year": "2025 г.", "power_kva": "250 кВА", "balance": null, "inventory_no": null, "length": null, "description": "Изгот: ТОО \"KazElectroSnab\"\nГод выпуска: 2024 г.", "links": [{"name": "Фото 1", "url": "https://mymaps.usercontent.google.com/hostedimage/m/*/3AAjQbR6_5avAzDIwkCB8zvrl0KJELYzlq2DoK-lqVkIcEneynDcuMF8_wggev63J0EzIb9_lWNEGe3mo1nLjhFXtquTrKHnzewVdSF8_wOBJNf8u10nWf8qp45Dt3eoSQQTCIsvgTY-vF916Vkl2fKLy_tj_2JcBQ_GwczHOaUvSmhM3yXNN0imyoB_qv-rLXjrx0FTUxPh4Ci6-i6NLlJqIa-TYlyVIaK3lyA-n-qoKi1-wki-Skod7kaZ0Hc0?authuser=0&fife=s16383"}, {"name": "Фото 2", "url": "https://mymaps.usercontent.google.com/hostedimage/m/*/3AAjQbR5kUu277Y-JlygHjS-jRwYlfKbHG7HvdyDG64Ul1R4epOt7hJfcMpeP14ag6dJ3ADJ6MNf3h0GUIEhvcXCU-oICXTXN2uk7WsIVNz38C2nB42VRJ6YU3EexZHmYJ1o-NbaueKBBD8vrgNxhGwMI03nPj2F9X8w6edIdCPEh8vb73_seka7RehzVCaWVjT8vVG4-FmGHNdZmc_9Zh4aD6rHX_jfWRrTIcK9TKKaNpTXNQ5s_yrpsilWaBNU?authuser=0&fife=s16383"}], "source_folder": "Трансформаторные пункты"}}, {"type": "Feature", "geometry": {"type": "Point", "coordinates": [66.8639425, 44.0891834]}, "properties": {"id": "tp_0155", "name": "300 ТП-10/0,4 кВ", "object_type": "tp", "voltage": "10/0,4 кВ", "parent_id": "feeder_0005", "fed_from": "ф.Акмая", "year": "1975", "power_kva": "250 кВА", "balance": null, "inventory_no": null, "length": null, "description": null, "links": [], "source_folder": "Трансформаторные пункты"}}, {"type": "Feature", "geometry": {"type": "Point", "coordinates": [66.817724, 44.1797515]}, "properties": {"id": "tp_0156", "name": "621 КТП(Н)-10/0,4 кВ", "object_type": "tp", "voltage": "10/0,4 кВ", "parent_id": "feeder_0031", "fed_from": "Тонкерыс", "year": null, "power_kva": "100", "balance": null, "inventory_no": null, "length": null, "description": null, "links": [], "source_folder": "Трансформаторные пункты"}}, {"type": "Feature", "geometry": {"type": "Point", "coordinates": [66.8638647, 44.0886882]}, "properties": {"id": "tp_0157", "name": "813 КТПН-10/0,4 кВ", "object_type": "tp", "voltage": "10/0,4 кВ", "parent_id": "feeder_0005", "fed_from": "ф.Акмая", "year": null, "power_kva": "160 кВА", "balance": null, "inventory_no": null, "length": null, "description": null, "links": [], "source_folder": "Трансформаторные пункты"}}, {"type": "Feature", "geometry": {"type": "Point", "coordinates": [66.8630385, 44.0892691]}, "properties": {"id": "tp_0158", "name": "165 КТПН-10/0,4 кВ", "object_type": "tp", "voltage": "10/0,4 кВ", "parent_id": "feeder_0005", "fed_from": "ф.Акмая", "year": "2025 г.", "power_kva": "250 кВА", "balance": null, "inventory_no": null, "length": null, "description": "Изгот: ТОО \"KazElectroSnab\"\nГод выпуска: 2024 г.", "links": [{"name": "Фото 1", "url": "https://mymaps.usercontent.google.com/hostedimage/m/*/3AAjQbR7H3JuksQsFYOaed6HiTGrGaCF9yaBRU73T9CIGXNiAyrLuUGOHprDx2iAWTz-QQ2DNrs_YC87CjJ8cnBxRPyvvyt3zL2GFkctlikSbR6pzZRNRwHQnlBaMfvrxlIH5qaevzmAiNqLrqxHSlgtJs5RbjDqcyKEvZNK67HizfnIvM_1Fb0YD6QCJuXVxLNsIvmuaifnzdlmHTgwDNjqFqUq08bYqQJweQicZ-1cM_8XhWs38WsnY6wFHBYI?authuser=0&fife=s16383"}, {"name": "Фото 2", "url": "https://mymaps.usercontent.google.com/hostedimage/m/*/3AAjQbR5JqxSxZSHi_xdHStd1QKQOkbUQjkJGuh2sO-g_Rg3YXohu6Vfo7Qv47aFAVqAJmN7rZi7GEjIFR3if-LQRzVMyfMG-DypzKrSCNPfWWYkGC4fPgkAvIVN-KF-QPFhbtiKSxZoksPauBNinZDIklfnmtjOsRChwY3o2YiZskq2yPh5BX4Owqj7PNJENW8VadSzb04dUJKc47o5oEopI4TNlG4lR9tJsg0W2o5cPDGmW-ssgSpofYwuSkr0?authuser=0&fife=s16383"}, {"name": "Фото 3", "url": "https://mymaps.usercontent.google.com/hostedimage/m/*/3AAjQbR6r2sPh97oTPIfumPlbrd67EbHNYS9okLZz0CFl5qnXOgXPKl8jAs4RxAJrBUvWazAkV_jo90HnL3dSaSCjKwc3x5iNWSV4G_t5G-lCQkbrALbu6mpvnate5Aw2NGowWqUXfOo6UFFHoVuB3lZFKYpArAF7ckNHfwmuU6pACAvEb_qVTNw5HRszsVAealSmP8ZO_69HqYKFmxHmsl5gbRm9Gedah5ezqxMpB6VnAJVgMxFvfcqY0heLl5E?authuser=0&fife=s16383"}], "source_folder": "Трансформаторные пункты"}}, {"type": "Feature", "geometry": {"type": "Point", "coordinates": [66.7383635, 44.1592921]}, "properties": {"id": "tp_0159", "name": "000 КТП(Н)-10/0,4 кВ", "object_type": "tp", "voltage": "10/0,4 кВ", "parent_id": "feeder_0034", "fed_from": "Советский", "year": null, "power_kva": null, "balance": null, "inventory_no": null, "length": null, "description": null, "links": [], "source_folder": "Трансформаторные пункты"}}, {"type": "Feature", "geometry": {"type": "Point", "coordinates": [66.8651348, 44.0956016]}, "properties": {"id": "tp_0160", "name": "163 КТПН-10/0,4 кВ", "object_type": "tp", "voltage": "10/0,4 кВ", "parent_id": "feeder_0005", "fed_from": "ф.Акмая", "year": "2025 г.", "power_kva": "250 кВА", "balance": null, "inventory_no": null, "length": null, "description": "Изгот: ТОО \"KazElectroSnab\"\nГод выпуска: 2024 г.", "links": [{"name": "Фото 1", "url": "https://mymaps.usercontent.google.com/hostedimage/m/*/3AAjQbR7VwS0y2bk6F1a193qunt73Qnhp7ZrucuRybCnce6pOveJ8KaBQqAcV2WJb-toBAXi92FkKgwlp5lOda_EC5FnTSu7WSP74KkJ2kaNtoZgl0Q2ar_9JTilVc23mFri9rVxSMM9KRV455MDLuOebxBnmrr-DEdndxJr--EHbenobtFUVl-GiiaL9Zi_7wHbHeUkEuOEz8xn-uRNIagZ0v0ONBfBro_Oa16Mrmk2J-P_cE2JjKmH5xvRP-mE?authuser=0&fife=s16383"}, {"name": "Фото 2", "url": "https://mymaps.usercontent.google.com/hostedimage/m/*/3AAjQbR5aVX2HXx1isAtwB5JaBkWBGy4keGMEprUuS-VEa8WYmk4R0_wVmqyVa5Vth0aQJVc_FSI4J9sK5QKZvVRXGgXLHKGT_lNe8okcKcSDza88rWgOXl_rcVI_L3MQhqcgJaNaBeNvbmsfOJJgb_APpkHREncqgi2EjKKIqTaEyQTt1BKz9Q69IqXnR2ULB29jxh-lqzmKS8m_x8D1RklNqhe6VyaW93JMgDVb1r4_JC2-d0BXGyzkIazXrm8?authuser=0&fife=s16383"}, {"name": "Фото 3", "url": "https://mymaps.usercontent.google.com/hostedimage/m/*/3AAjQbR5tETOjghkSkO3Qzqq7_P2NXStdT3jo-5gH9bxJu1_hTHEmIZRAIrTP1dJBa4wF0fFXEEwioUrJmUwoTlLdW7tcFnzw5HWQv8Z5dXvsWo3KJEgpXvPmsHhbgV8q9V3GwxxXGX0tD1_wm87GYbwFVzvjDLmkirCUtonI0w-EoM2oPxN3ipRF0XfBfLuRcRQU3ZXA6J-LcmzXMWmhynXmqPuDK56ERzy2jLct7UgQLFRTAM4UV1Q3nqUN0ms?authuser=0&fife=s16383"}], "source_folder": "Трансформаторные пункты"}}, {"type": "Feature", "geometry": {"type": "Point", "coordinates": [66.8724174, 44.1014497]}, "properties": {"id": "tp_0161", "name": "169 КТПН-10/0,4 кВ", "object_type": "tp", "voltage": "10/0,4 кВ", "parent_id": "feeder_0005", "fed_from": "ф.Акмая", "year": "2025 г.", "power_kva": "160 кВА", "balance": null, "inventory_no": null, "length": null, "description": "Изгот: ТОО \"KazElectroSnab\"\nГод выпуска: 2024 г.", "links": [{"name": "Фото 1", "url": "https://mymaps.usercontent.google.com/hostedimage/m/*/3AAjQbR6rwwp5XsfQ3KO6r5QrjLymJhy2mCYiUaOjUGsKTpDLwQgEUVMkDb5NCvUJ5QstLr3UvcXwvNj3TDzlaAKM0f7XRg5Q1ncOvmpdJNjnvPmaxBiO7s0aGwOJ475RA60pAkiyu6Vj27eLGsi0slkoX0jzWJUS3C0GC9e-XYO3sREYj951vRTRf_6L_Bplx9qHRNey9Ct9H0wJYulmKy9ZTeEZBP0icCSTgwYsCZsokEvuO03i1mx4V6RWjvY?authuser=0&fife=s16383"}, {"name": "Фото 2", "url": "https://mymaps.usercontent.google.com/hostedimage/m/*/3AAjQbR6zlC0naO4cXRLil7WvYs-rOpa2oN4EGLEpN-WgRHKp17Amn2XjYin_de7HjnYv1y2rJNSWqWCwXfeiPVDV9dArtRY3usQmEn51t47OBJ7_BpsqhHvzvPI0GHc_SOZ5l4mUplOSS73mMEan6Ok4hMXJTupH5PmwSimFqescSgcCB6OlLLiNZdMsrafBKVlcteCMggWybo7cGX6RBcTOmzBzR3rBQr0dRUuOjG2Lsr689Irc-fPSTWq1XQc?authuser=0&fife=s16383"}, {"name": "Фото 3", "url": "https://mymaps.usercontent.google.com/hostedimage/m/*/3AAjQbR5C19bv_EriEoWn6_r23CQfI8_jlniRHHQZdUiI6bop2CpfrCGluDv_eAoRM5CZ6lR8KOSjbV4j4adhhGiNYD72CciHqpClji-bQlYxN3DqW0dMdVqctPWxCxixA1GTwJ3Z043fGUfImePjjWzFniWp0O1lqtX4eITIahEAfEel09NwOLBYNybGZzKXipCPwZ1xl8vnB49tt17HrYb_WPa_4OEuUDKzoDAwjPC5bW5h2h0UtugvG5SsQLA?authuser=0&fife=s16383"}], "source_folder": "Трансформаторные пункты"}}, {"type": "Feature", "geometry": {"type": "Point", "coordinates": [66.7262, 44.16999]}, "properties": {"id": "tp_0162", "name": "803 КТП(Н)-10/0,4 кВ", "object_type": "tp", "voltage": "10/0,4 кВ", "parent_id": "feeder_0070", "fed_from": "Райцентр", "year": "2017", "power_kva": "100 кВА", "balance": "Торговый дом \"Казына\"", "inventory_no": null, "length": null, "description": null, "links": [], "source_folder": "Трансформаторные пункты"}}, {"type": "Feature", "geometry": {"type": "Point", "coordinates": [66.72902, 44.17082]}, "properties": {"id": "tp_0163", "name": "141КТП(Н)-10/0,4 кВ", "object_type": "tp", "voltage": "10/0,4 кВ", "parent_id": "feeder_0043", "fed_from": "ф.Береке-2", "year": null, "power_kva": "160 кВА", "balance": "ЖД \"Водокачка Токтаров\"", "inventory_no": null, "length": null, "description": null, "links": [], "source_folder": "Трансформаторные пункты"}}, {"type": "Feature", "geometry": {"type": "Point", "coordinates": [66.732084, 44.1701598]}, "properties": {"id": "tp_0164", "name": "718 КТП(Н)-10/0,4 кВ", "object_type": "tp", "voltage": "10/0,4 кВ", "parent_id": "feeder_0043", "fed_from": "ф.Береке-2", "year": "2014", "power_kva": "100 кВА", "balance": "Т/Д \"Барс\"", "inventory_no": null, "length": null, "description": null, "links": [], "source_folder": "Трансформаторные пункты"}}, {"type": "Feature", "geometry": {"type": "Point", "coordinates": [66.71187, 44.18541]}, "properties": {"id": "tp_0165", "name": "845 КТП-10/0,4 кВ", "object_type": "tp", "voltage": "10/0,4 кВ", "parent_id": "feeder_0070", "fed_from": "Райцентр", "year": "2020", "power_kva": "100 кВА", "balance": "\"Мырзахметов Н. Айгерим\"", "inventory_no": null, "length": null, "description": null, "links": [], "source_folder": "Трансформаторные пункты"}}, {"type": "Feature", "geometry": {"type": "Point", "coordinates": [66.71856, 44.16781]}, "properties": {"id": "tp_0166", "name": "850 КТП(Н)-10/0,4 кВ", "object_type": "tp", "voltage": "10/0,4 кВ", "parent_id": "feeder_0049", "fed_from": "Аэропорт", "year": null, "power_kva": null, "balance": "Потребитель", "inventory_no": null, "length": null, "description": null, "links": [], "source_folder": "Трансформаторные пункты"}}, {"type": "Feature", "geometry": {"type": "Point", "coordinates": [66.70307, 44.18627]}, "properties": {"id": "tp_0167", "name": "808 КТП(Н)-10/0,4 кВ", "object_type": "tp", "voltage": "10/0,4 кВ", "parent_id": "feeder_0050", "fed_from": "ф.Кызылту", "year": "2017", "power_kva": "40 кВА", "balance": null, "inventory_no": null, "length": null, "description": null, "links": [{"name": "Фото", "url": "https://mymaps.usercontent.google.com/hostedimage/m/*/3AAjQbR4kyeZsG8yKSllhv-0GuyRWWELyV_WDigTNxfXGMDDp5WQDeWZ1Mv145tZeUjjML4fQ4Cbpb_9uAQk-tXoUgPyS6WMLJ_qQJj3sdSs5y-I6mg8JnpHw80bcmdU4Hlhcx_2eFl4ZSGOCVPTDLBoC2_gGulKhHsMfbG0kZkfUVhpkI7CYmeXRbeMnNuGv8-CZACAe2UF0NGt1iBWSdt_v-W-7RQO4Kfw5irQ5u9O1Rih93AcFTBpp-jYGB6E?authuser=0&fife=s16383"}], "source_folder": "Трансформаторные пункты"}}, {"type": "Feature", "geometry": {"type": "Point", "coordinates": [66.70188, 44.17287]}, "properties": {"id": "tp_0168", "name": "441 КТП(Н)-10/0,4 кВ", "object_type": "tp", "voltage": "10/0,4 кВ", "parent_id": "feeder_0050", "fed_from": "Кызылту", "year": null, "power_kva": null, "balance": "Потребитель", "inventory_no": null, "length": null, "description": null, "links": [{"name": "Фото", "url": "https://mymaps.usercontent.google.com/hostedimage/m/*/3AAjQbR6MRhYt3TTfFvdy95MXwPLxVTF2yVQM5b1vFHRj3v7nW8_mLOpgzHaVG1BiAnUiBZmkhLgYQOU66Qos4n5cKlprKcXM6_yusZFkjbqrbLXUVOUhnucviNIPMqwGu33XV88erb5E6i1C5sQ05Q4mA8XSFZGUyNpduSM_gPpDtWNweYnU3CihGATPGAlx0p_LVx9PMPZCh6GSpIeSjiiqSpxL8ZN4wM9Rt473nWzjTfEznn0AJD4z0d6GwqU?authuser=0&fife=s16383"}], "source_folder": "Трансформаторные пункты"}}, {"type": "Feature", "geometry": {"type": "Point", "coordinates": [66.70862, 44.18456]}, "properties": {"id": "tp_0169", "name": "625 КТПН-10/0,4 кВ", "object_type": "tp", "voltage": "10/0,4 кВ", "parent_id": "feeder_0050", "fed_from": "Кызылту", "year": null, "power_kva": null, "balance": "Потребитель", "inventory_no": null, "length": null, "description": null, "links": [{"name": "Фото", "url": "https://mymaps.usercontent.google.com/hostedimage/m/*/3AAjQbR7bWDQotP_GgLC3vifwI4CQ6JaEmfR3r0pe4fnE-pb7842uNl9xJs4Di7Qm2VmOloQoTIQfr8mn48xadYXhtDDGfMGYRAQ1ezdCKS4UEAHt_TG8pGahF6VDlBXCsr7OXh4Pxah50RU36oZsMsAnTK1A69A_cdO5lG1EPRCHqHRQJoaBTmSy41I86V3T36idZwDcFAg0dpZA7smmk5DHOFcVKQvuOuusYw9o1gJ4DRX_Z9cZ9A-zEWHpgtE?authuser=0&fife=s16383"}], "source_folder": "Трансформаторные пункты"}}, {"type": "Feature", "geometry": {"type": "Point", "coordinates": [66.7401, 44.16128]}, "properties": {"id": "tp_0170", "name": "000 КТП(Н)-10/0,4 кВ", "object_type": "tp", "voltage": "10/0,4 кВ", "parent_id": "feeder_0035", "fed_from": "Райболница", "year": null, "power_kva": null, "balance": null, "inventory_no": null, "length": null, "description": null, "links": [{"name": "Фото", "url": "https://mymaps.usercontent.google.com/hostedimage/m/*/3AAjQbR5IJS1vQApD4k6rGolsC-43Qowt4MWZv9YP3KOPMb_GGC2HJkop9TT0fDOmaM6s6XTqP9fkdkgD82HHs7emlWKfiZdPDkRNHuvaHBzlb7KAZBB6pklS435JHPFh2PNTnECRW7zS1E2z-lfOqBMnKj0A2_PsYAMsxgBewdswYfPvdyNo7mQMoYmMnq20kCkZibhIEUI-r4ZHT-OdJ_A5vXcrGF_XCisD0_12xCEtWalNhgJ-XwxcHNqa2UU?authuser=0&fife=s16383"}], "source_folder": "Трансформаторные пункты"}}, {"type": "Feature", "geometry": {"type": "Point", "coordinates": [66.74453, 44.15828]}, "properties": {"id": "tp_0171", "name": "000 КТП(Н)-10/0,4 кВ", "object_type": "tp", "voltage": "10/0,4 кВ", "parent_id": "feeder_0035", "fed_from": "Райболница", "year": null, "power_kva": null, "balance": null, "inventory_no": null, "length": null, "description": null, "links": [{"name": "Фото", "url": "https://mymaps.usercontent.google.com/hostedimage/m/*/3AAjQbR6OwlP4YP3o9fH_Ov9OT54xV5xbljnQT7PcUa7dUdBhfFwjyiyNN9pYczDouoqbi_fdyYCYrnUrjIf3k7UJVcsFt6Q0q3a86pDCaEEj3y8-TKjs1HBJy95I6-_yI2oJzG8WUTZ9bmXtv1kKBqH7BoJg1N0w0_E3mt3EQOHmvr8t-u2CJoQuYwYnEgBKbfBAyXRuF6SVQ_N4TVAiCbDOyPmDN1mYtGX-gizrL83Nf6Kf4ig1iZeKd7lu7ko?authuser=0&fife=s16383"}], "source_folder": "Трансформаторные пункты"}}, {"type": "Feature", "geometry": {"type": "Point", "coordinates": [66.77077, 44.1573]}, "properties": {"id": "tp_0172", "name": "000 КТП(Н)-10/0,4 кВ", "object_type": "tp", "voltage": "10/0,4 кВ", "parent_id": null, "fed_from": null, "year": null, "power_kva": null, "balance": null, "inventory_no": null, "length": null, "description": null, "links": [{"name": "Фото 1", "url": "https://mymaps.usercontent.google.com/hostedimage/m/*/3AAjQbR5-VtUyXy6wqMtncaHkE7Qw3KQ_2HmKQTdZM_zBi8zBhlgvZL8znby1h28u6G7uiz8ZoXMYh9TJeqbIbi22iELQIT-jHOZK5xx5B-coCGg8uEx7SMVWRdU1OdyjvDW7LZoil-GeocTo2Z0bhD4F32dr3t2NwKwHCLCHRVnvGXDqAl8N6NBq59eFU1y7e288dB-vhX4W0pTFEhelVfDy-8Bx9RSBAwzFpvNhONTJQhOf4Pg2TwKm4F3Up04?authuser=0&fife=s16383"}, {"name": "Фото 2", "url": "https://mymaps.usercontent.google.com/hostedimage/m/*/3AAjQbR7O8fBN7eipCA3gRAaxT8OK-DT4wtpkQlgm8xzJ_uJ0ax1HRRHy6kotnuySSlk6jbP6fwCDIkQWztehzYiyvspoEcJd-TEjDOT9qUB1NqkyrnEwnInIdmUc9kXUjMtLZUp8QFFkyo0F6E6-U-qnyp-YftiO5CESpoddpp-gzv4jMZQrndO8l_xAvtR6TJBKpqhZywa_sQFShSpsUNlwwwHe4K8C-KBkBboqKSRUMidwg3EK87K4KTu8f8A?authuser=0&fife=s16383"}], "source_folder": "Трансформаторные пункты"}}, {"type": "Feature", "geometry": {"type": "Point", "coordinates": [66.76991, 44.15665]}, "properties": {"id": "tp_0173", "name": "000 КТП(Н)-10/0,4 кВ", "object_type": "tp", "voltage": "10/0,4 кВ", "parent_id": null, "fed_from": null, "year": null, "power_kva": null, "balance": null, "inventory_no": null, "length": null, "description": null, "links": [{"name": "Фото", "url": "https://mymaps.usercontent.google.com/hostedimage/m/*/3AAjQbR4IE-DTYH6B-5Ru0Lwm4KhBPxn4lWbIHB7B1XEoMux--hDcvWSBv2kVvLVdqF4uj7CeMCmAx1orhMOtHOtRxEhLr3OnaJAVWInl-NkcYdNuIAKWwxHOmSwtzQx6nZI5l9-0sdFIyROa7neE-RGoEliuOKu31czEu1Pfg9CAHfbTw0DWvzCjANkA169bpnkNTRAJraA-O0rKgghF4IYtZuW4UvjFHy2MMpXbvx0eKKzQXjYuoPzHiGAn_lY?authuser=0&fife=s16383"}], "source_folder": "Трансформаторные пункты"}}, {"type": "Feature", "geometry": {"type": "Point", "coordinates": [66.77122, 44.16142]}, "properties": {"id": "tp_0174", "name": "000 КТП(Н)-10/0,4 кВ", "object_type": "tp", "voltage": "10/0,4 кВ", "parent_id": null, "fed_from": null, "year": null, "power_kva": null, "balance": null, "inventory_no": null, "length": null, "description": null, "links": [{"name": "Фото 1", "url": "https://mymaps.usercontent.google.com/hostedimage/m/*/3AAjQbR5wIihotEH5onAK0LCRw9O1xDv9-BRs_HSwyEltksvKPdq1FL26n5aGBK6yugHQbbuN0bA8zuGUbwRRNGImxMZTQQmz-c_W57JcwRLDNxjo12QzvaPGZNWAtDZfoArhfE7kR3S0dK6mY7M8EarIqqou8uk3TT8amqahZlf0S4mhbAZJeoWM-8ix0konXhwFgmYi2YTtsxah4ASLDowSfNfIVaa7-vNkB-tEhssmoY581kuToG10n5wmY8A?authuser=0&fife=s16383"}, {"name": "Фото 2", "url": "https://mymaps.usercontent.google.com/hostedimage/m/*/3AAjQbR7EAcSj85PxVGZwLem8u--NFw3sqdakSsBwXBGEx9p8dbsNp1jqA2gp1MCgY-rzGFF5yZZZb6V_5IMAigaauurr-cmiWr3pGWEN2RZ-tvzfDCA5x9xvN9JSYy70xwTNCteZ9tg6RH6uOdB5DAqHgBPLlUDG2oVNL3tNf1r0vB1zmzWghLgPE1N0sgesFlBaazTr-LaXV4XCmMNf1-vexPhA-fZIJgJB7Zo3qWzFKJNovTz8OgJvUzmzH3s?authuser=0&fife=s16383"}, {"name": "Фото 3", "url": "https://mymaps.usercontent.google.com/hostedimage/m/*/3AAjQbR53M9NwvWHRHZGt3oOHw4EEKNAbblp_ByvHt0qyoDtiWAvoRKb0iJCcusWT92kg7Mx9ctf5FRb4kbyInkAyZH3ShU2I0fFSTnCPQJe9cxmSLztfRuLzP4rSX0v-iIJGeFdKHshNNJHvm_qpUf4nu7SST97awjpm9A4XBfuCGdaVFp3kbIVeptHTuCZCkvVuVDfROZaQq5HULpoyZ3JIPHRdpO1Hv4WXAnjIlDVLrTBqdf7quZD_MSdAQzk?authuser=0&fife=s16383"}], "source_folder": "Трансформаторные пункты"}}, {"type": "Feature", "geometry": {"type": "Point", "coordinates": [66.76711, 44.16192]}, "properties": {"id": "tp_0175", "name": "000 КТП(Н)-10/0,4 кВ", "object_type": "tp", "voltage": "10/0,4 кВ", "parent_id": null, "fed_from": null, "year": null, "power_kva": null, "balance": null, "inventory_no": null, "length": null, "description": null, "links": [], "source_folder": "Трансформаторные пункты"}}, {"type": "Feature", "geometry": {"type": "Point", "coordinates": [66.76811, 44.15899]}, "properties": {"id": "tp_0176", "name": "000 КТП(Н)-10/0,4 кВ", "object_type": "tp", "voltage": "10/0,4 кВ", "parent_id": null, "fed_from": null, "year": null, "power_kva": null, "balance": null, "inventory_no": null, "length": null, "description": null, "links": [{"name": "Фото 1", "url": "https://mymaps.usercontent.google.com/hostedimage/m/*/3AAjQbR5OYcr-_ead_VqIMBtivvJdg3Lk56fsYLTrL_jV_vLfx24lWZzKTrrKISGVzCt1Sn89cdxF73pgUjaujw5y7DXy9x_lve_YcTqPckh1b7bI9R8xzPUFo5WlGvyLYlxM--dC9pY8os9-yKdJnT8HVeHbg2wIrkQ6No010WWEtH9sqwdxuE97J3VEv7hVs0cfvXSTD0s9Hi0BfR-zWgGHhV9v2xNFxjm_O2ESwrl6_mtVhhltOI259-bQFzE?authuser=0&fife=s16383"}, {"name": "Фото 2", "url": "https://mymaps.usercontent.google.com/hostedimage/m/*/3AAjQbR41Ep9Pf28FjYjJzZ5SwPnc-cdIhOPS2EwE7MroLmHT7FPAUzGDWJjHBGFrHZn5Np31Pi9cjPgjMTLTcKDoTJ2qFRQ6cnrRmTt-BiciCi5_ofHfRYwzWeoLry4mVf5pylZHssUcUXKJUHIgC6jHwcmcjjJsT6c9wnW1v_CQ0lvRb3jjgikopCaUKOKZzLovM6xJF2Q9Nz9y1fahFLs0e4WXxIlTuaZjdoMfRkzsiV5GIcy_nYexwFB6StA?authuser=0&fife=s16383"}], "source_folder": "Трансформаторные пункты"}}, {"type": "Feature", "geometry": {"type": "Point", "coordinates": [66.72308, 44.18543]}, "properties": {"id": "tp_0177", "name": "ТП-10/0,4 кВ №581", "object_type": "tp", "voltage": "10/0,4 кВ", "parent_id": "feeder_0048", "fed_from": "Залинейный", "year": "1984", "power_kva": "100 кВА", "balance": "(П) ТОО \"Канат Топаев\"", "inventory_no": null, "length": null, "description": "АС-50", "links": [], "source_folder": "Трансформаторные пункты"}}, {"type": "Feature", "geometry": {"type": "Point", "coordinates": [66.72739, 44.18425]}, "properties": {"id": "tp_0178", "name": "КТПН-10/0,4 кВ №897", "object_type": "tp", "voltage": "10/0,4 кВ", "parent_id": "feeder_0048", "fed_from": "Залинейный", "year": "2024", "power_kva": "160 кВА", "balance": "(П) аб \"Макшатов\"", "inventory_no": null, "length": null, "description": null, "links": [], "source_folder": "Трансформаторные пункты"}}, {"type": "Feature", "geometry": {"type": "Point", "coordinates": [66.72813, 44.1838]}, "properties": {"id": "tp_0179", "name": "КТП-10/0,4 кВ №685", "object_type": "tp", "voltage": "10/0,4 кВ", "parent_id": "feeder_0048", "fed_from": "Залинейный", "year": "2013", "power_kva": "63 кВА", "balance": "(П) СТО \"Бек-Арыс\"", "inventory_no": null, "length": null, "description": "АС-50", "links": [], "source_folder": "Трансформаторные пункты"}}, {"type": "Feature", "geometry": {"type": "Point", "coordinates": [66.73466, 44.18354]}, "properties": {"id": "tp_0180", "name": "???", "object_type": "tp", "voltage": "10/0,4 кВ", "parent_id": "feeder_0048", "fed_from": "Залинейный", "year": null, "power_kva": null, "balance": null, "inventory_no": null, "length": null, "description": null, "links": [], "source_folder": "Трансформаторные пункты"}}, {"type": "Feature", "geometry": {"type": "Point", "coordinates": [66.73374, 44.18288]}, "properties": {"id": "tp_0181", "name": "КТП-10/0,4 кВ №745", "object_type": "tp", "voltage": "10/0,4 кВ", "parent_id": "feeder_0048", "fed_from": "Залинейный", "year": "2013", "power_kva": "100 кВА", "balance": "ИП \"Saf&Di\"", "inventory_no": null, "length": null, "description": null, "links": [], "source_folder": "Трансформаторные пункты"}}, {"type": "Feature", "geometry": {"type": "Point", "coordinates": [66.72322, 44.18435]}, "properties": {"id": "tp_0182", "name": "КТПН-10/0,4 кВ №835", "object_type": "tp", "voltage": "10/0,4 кВ", "parent_id": "feeder_0048", "fed_from": "Залинейный", "year": "2019", "power_kva": "100 кВА", "balance": "(П) Сапарбаев Т.", "inventory_no": null, "length": null, "description": null, "links": [], "source_folder": "Трансформаторные пункты"}}, {"type": "Feature", "geometry": {"type": "Point", "coordinates": [66.72048, 44.18234]}, "properties": {"id": "tp_0183", "name": "КТПН-10/0,4 кВ №832", "object_type": "tp", "voltage": "10/0,4 кВ", "parent_id": "feeder_0048", "fed_from": "Залинейный", "year": "2019", "power_kva": "400 кВА", "balance": "(П) ТОО \"Шиели Тас Офис\"", "inventory_no": null, "length": null, "description": null, "links": [], "source_folder": "Трансформаторные пункты"}}, {"type": "Feature", "geometry": {"type": "Point", "coordinates": [66.7432744, 44.1803341]}, "properties": {"id": "tp_0184", "name": "КТП-10/0,4 кВ №628", "object_type": "tp", "voltage": "10/0,4 кВ", "parent_id": "feeder_0048", "fed_from": "Залинейный", "year": "2010", "power_kva": "160 кВА", "balance": "(П) Д.С. Каусар", "inventory_no": null, "length": null, "description": "КЛ-10 кВ", "links": [], "source_folder": "Трансформаторные пункты"}}, {"type": "Feature", "geometry": {"type": "Point", "coordinates": [66.73695, 44.17717]}, "properties": {"id": "tp_0185", "name": "КТПБ-10/0,4 кВ №177", "object_type": "tp", "voltage": "10/0,4 кВ", "parent_id": "feeder_0048", "fed_from": "Залинейный", "year": "30.09.2020", "power_kva": "160 кВА", "balance": "ШРЭС", "inventory_no": "2018068 / 20427", "length": null, "description": "ЕБРР", "links": [], "source_folder": "Трансформаторные пункты"}}, {"type": "Feature", "geometry": {"type": "Point", "coordinates": [66.74889, 44.17232]}, "properties": {"id": "tp_0186", "name": "КТПН-10/0,4 кВ №853", "object_type": "tp", "voltage": "10/0,4 кВ", "parent_id": "feeder_0048", "fed_from": "Залинейный", "year": "2020", "power_kva": "100 кВА", "balance": "КазВодХоз", "inventory_no": null, "length": null, "description": "Дренажный скважин №7", "links": [], "source_folder": "Трансформаторные пункты"}}, {"type": "Feature", "geometry": {"type": "Point", "coordinates": [66.75032, 44.17035]}, "properties": {"id": "tp_0187", "name": "КТП-10/0,4 кВ №829", "object_type": "tp", "voltage": "10/0,4 кВ", "parent_id": "feeder_0048", "fed_from": "Залинейный", "year": "2009", "power_kva": "63 кВА", "balance": "(П) 10 дом Кок-Шокы", "inventory_no": null, "length": null, "description": "АС-50", "links": [], "source_folder": "Трансформаторные пункты"}}, {"type": "Feature", "geometry": {"type": "Point", "coordinates": [66.75276, 44.17115]}, "properties": {"id": "tp_0188", "name": "КТП-10/0,4 кВ №622", "object_type": "tp", "voltage": "10/0,4 кВ", "parent_id": "feeder_0048", "fed_from": "Залинейный", "year": "2008", "power_kva": "160 кВА", "balance": "ШРЭС", "inventory_no": null, "length": null, "description": "АС-50; Летний замер 2026", "links": [], "source_folder": "Трансформаторные пункты"}}, {"type": "Feature", "geometry": {"type": "Point", "coordinates": [66.74494, 44.17735]}, "properties": {"id": "tp_0189", "name": "КТПБ-10/0,4 кВ №368", "object_type": "tp", "voltage": "10/0,4 кВ", "parent_id": "feeder_0048", "fed_from": "Залинейный", "year": "25.09.2020", "power_kva": "250 кВА", "balance": "ШРЭС", "inventory_no": "20299", "length": null, "description": "ЕБРР", "links": [], "source_folder": "Трансформаторные пункты"}}, {"type": "Feature", "geometry": {"type": "Point", "coordinates": [66.75256, 44.17934]}, "properties": {"id": "tp_0190", "name": "КТПН-10/0,4 кВ №854", "object_type": "tp", "voltage": "10/0,4 кВ", "parent_id": "feeder_0048", "fed_from": "Залинейный", "year": "2020", "power_kva": "100 кВА", "balance": "КазВодХоз", "inventory_no": null, "length": null, "description": "Дренажный скважин №8", "links": [], "source_folder": "Трансформаторные пункты"}}, {"type": "Feature", "geometry": {"type": "Point", "coordinates": [66.74896, 44.1797]}, "properties": {"id": "tp_0191", "name": "КТПН-10/0,4 кВ №673", "object_type": "tp", "voltage": "10/0,4 кВ", "parent_id": "feeder_0048", "fed_from": "Залинейный", "year": "2012", "power_kva": "400 кВА", "balance": "ШРЭС", "inventory_no": "21480", "length": null, "description": "L=3.9 km", "links": [], "source_folder": "Трансформаторные пункты"}}, {"type": "Feature", "geometry": {"type": "Point", "coordinates": [66.72853, 44.1798]}, "properties": {"id": "tp_0192", "name": "КТПН-10/0,4 кВ №849", "object_type": "tp", "voltage": "10/0,4 кВ", "parent_id": "feeder_0048", "fed_from": "Залинейный", "year": "2020", "power_kva": "100 кВА", "balance": "КазВодХоз", "inventory_no": null, "length": null, "description": "Дренажный скважин №3", "links": [], "source_folder": "Трансформаторные пункты"}}, {"type": "Feature", "geometry": {"type": "Point", "coordinates": [66.72423, 44.18729]}, "properties": {"id": "tp_0193", "name": "КТП-10/0,4 кВ №461", "object_type": "tp", "voltage": "10/0,4 кВ", "parent_id": "feeder_0048", "fed_from": "Залинейный", "year": "1984", "power_kva": "160 кВА", "balance": "(П) ЧП \"Данилян\"", "inventory_no": null, "length": null, "description": "АС-50", "links": [], "source_folder": "Трансформаторные пункты"}}, {"type": "Feature", "geometry": {"type": "Point", "coordinates": [66.72106, 44.16068]}, "properties": {"id": "tp_0194", "name": "КТП(Н)-10/0,4 кВ №699", "object_type": "tp", "voltage": "10/0,4 кВ", "parent_id": "feeder_0043", "fed_from": "ф.Береке-2", "year": null, "power_kva": "250 кВА", "balance": null, "inventory_no": null, "length": null, "description": null, "links": [{"name": "Гео-схема", "url": "https://www.google.com/maps/d/edit?hl=ru&mid=1-dcMs2o-DfoOYmmHEQA-wc-H3IFO9hU&ll=44.16195073075047%2C66.72127144560768&z=17"}, {"name": "По опорная схема", "url": "https://docs.google.com/drawings/d/1DxefA8SMdyqh3r0NbfLIU9AwGYTALaCzjLjXvrrR0zQ/edit"}], "source_folder": "Трансформаторные пункты"}}, {"type": "Feature", "geometry": {"type": "Point", "coordinates": [66.7305596, 44.1706315]}, "properties": {"id": "tp_0195", "name": "700 КТП(Н)-10/0,4 кВ", "object_type": "tp", "voltage": "10/0,4 кВ", "parent_id": "feeder_0043", "fed_from": "ф.Береке-2", "year": "2013 г.", "power_kva": "160 кВА", "balance": "Акимат", "inventory_no": null, "length": null, "description": null, "links": [], "source_folder": "Трансформаторные пункты"}}, {"type": "Feature", "geometry": {"type": "Point", "coordinates": [66.72054, 44.18829]}, "properties": {"id": "tp_0196", "name": "КТП-10/0,4 кВ №", "object_type": "tp", "voltage": "10/0,4 кВ", "parent_id": "feeder_0047", "fed_from": "УП", "year": null, "power_kva": null, "balance": null, "inventory_no": null, "length": null, "description": null, "links": [], "source_folder": "Трансформаторные пункты"}}, {"type": "Feature", "geometry": {"type": "Point", "coordinates": [66.73056, 44.19198]}, "properties": {"id": "tp_0197", "name": "17 КТП(Н)-10/0,4 кВ", "object_type": "tp", "voltage": "10/0,4 кВ", "parent_id": "feeder_0033", "fed_from": "ЛЦ-14", "year": null, "power_kva": null, "balance": null, "inventory_no": null, "length": null, "description": null, "links": [], "source_folder": "Трансформаторные пункты"}}, {"type": "Feature", "geometry": {"type": "Point", "coordinates": [66.73346, 44.20137]}, "properties": {"id": "tp_0198", "name": "23 КТП(Н)-10/0,4 кВ", "object_type": "tp", "voltage": "10/0,4 кВ", "parent_id": "feeder_0032", "fed_from": "ЛЦ-4", "year": null, "power_kva": null, "balance": null, "inventory_no": null, "length": null, "description": null, "links": [], "source_folder": "Трансформаторные пункты"}}, {"type": "Feature", "geometry": {"type": "Point", "coordinates": [66.72824, 44.2007177]}, "properties": {"id": "tp_0199", "name": "916 КТП(Н)-10/0,4 кВ", "object_type": "tp", "voltage": "10/0,4 кВ", "parent_id": "feeder_0032", "fed_from": "ЛЦ-4", "year": null, "power_kva": null, "balance": null, "inventory_no": null, "length": null, "description": null, "links": [], "source_folder": "Трансформаторные пункты"}}, {"type": "Feature", "geometry": {"type": "Point", "coordinates": [66.72918, 44.19922]}, "properties": {"id": "tp_0200", "name": "11 ТП-10/0,4 кВ", "object_type": "tp", "voltage": "10/0,4 кВ", "parent_id": "feeder_0032", "fed_from": "ЛЦ-4", "year": null, "power_kva": null, "balance": null, "inventory_no": null, "length": null, "description": null, "links": [], "source_folder": "Трансформаторные пункты"}}, {"type": "Feature", "geometry": {"type": "Point", "coordinates": [66.72704, 44.19607]}, "properties": {"id": "tp_0201", "name": "000 КТП(Н)-10/0,4 кВ", "object_type": "tp", "voltage": "10/0,4 кВ", "parent_id": "feeder_0032", "fed_from": "ЛЦ-4", "year": null, "power_kva": null, "balance": null, "inventory_no": null, "length": null, "description": null, "links": [], "source_folder": "Трансформаторные пункты"}}, {"type": "Feature", "geometry": {"type": "Point", "coordinates": [66.72609, 44.19343]}, "properties": {"id": "tp_0202", "name": "19 КТП(Н)-10/0,4 кВ", "object_type": "tp", "voltage": "10/0,4 кВ", "parent_id": "feeder_0032", "fed_from": "ЛЦ-4", "year": null, "power_kva": null, "balance": null, "inventory_no": null, "length": null, "description": null, "links": [], "source_folder": "Трансформаторные пункты"}}, {"type": "Feature", "geometry": {"type": "Point", "coordinates": [66.72358, 44.19415]}, "properties": {"id": "tp_0203", "name": "22 КТП(Н)-10/0,4 кВ", "object_type": "tp", "voltage": "10/0,4 кВ", "parent_id": "feeder_0032", "fed_from": "ЛЦ-4", "year": null, "power_kva": null, "balance": null, "inventory_no": null, "length": null, "description": null, "links": [], "source_folder": "Трансформаторные пункты"}}, {"type": "Feature", "geometry": {"type": "Point", "coordinates": [66.7283, 44.19229]}, "properties": {"id": "tp_0204", "name": "1 ТП-10/0,4 кВ", "object_type": "tp", "voltage": "10/0,4 кВ", "parent_id": "feeder_0032", "fed_from": "ЛЦ-4", "year": null, "power_kva": null, "balance": null, "inventory_no": null, "length": null, "description": null, "links": [], "source_folder": "Трансформаторные пункты"}}, {"type": "Feature", "geometry": {"type": "Point", "coordinates": [66.70282, 44.14991]}, "properties": {"id": "tp_0205", "name": "000 КТП(Н)-10/0,4 кВ", "object_type": "tp", "voltage": "10/0,4 кВ", "parent_id": null, "fed_from": null, "year": null, "power_kva": null, "balance": null, "inventory_no": null, "length": null, "description": null, "links": [], "source_folder": "Трансформаторные пункты"}}, {"type": "Feature", "geometry": {"type": "Point", "coordinates": [66.72535, 44.15502]}, "properties": {"id": "tp_0206", "name": "790 КТП(Н)-10/0,4 кВ", "object_type": "tp", "voltage": "10/0,4 кВ", "parent_id": null, "fed_from": null, "year": null, "power_kva": null, "balance": null, "inventory_no": null, "length": null, "description": null, "links": [], "source_folder": "Трансформаторные пункты"}}, {"type": "Feature", "geometry": {"type": "Point", "coordinates": [66.73614, 44.19136]}, "properties": {"id": "tp_0207", "name": "5 ТП-10/0,4 кВ", "object_type": "tp", "voltage": "10/0,4 кВ", "parent_id": "feeder_0033", "fed_from": "ЛЦ-14", "year": null, "power_kva": null, "balance": null, "inventory_no": null, "length": null, "description": null, "links": [], "source_folder": "Трансформаторные пункты"}}, {"type": "Feature", "geometry": {"type": "Point", "coordinates": [66.72504, 44.19622]}, "properties": {"id": "tp_0208", "name": "000 КТП(Н)-10/0,4 кВ", "object_type": "tp", "voltage": "10/0,4 кВ", "parent_id": "feeder_0032", "fed_from": "ЛЦ-4", "year": null, "power_kva": null, "balance": null, "inventory_no": null, "length": null, "description": null, "links": [], "source_folder": "Трансформаторные пункты"}}, {"type": "Feature", "geometry": {"type": "Point", "coordinates": [66.70432, 44.14572]}, "properties": {"id": "tp_0209", "name": "000 КТП(Н)-10/0,4 кВ", "object_type": "tp", "voltage": "10/0,4 кВ", "parent_id": null, "fed_from": null, "year": null, "power_kva": null, "balance": null, "inventory_no": null, "length": null, "description": null, "links": [], "source_folder": "Трансформаторные пункты"}}, {"type": "Feature", "geometry": {"type": "Point", "coordinates": [66.73313, 44.19406]}, "properties": {"id": "tp_0210", "name": "000 КТП(Н)-10/0,4 кВ", "object_type": "tp", "voltage": "10/0,4 кВ", "parent_id": "feeder_0033", "fed_from": "ЛЦ-14", "year": null, "power_kva": null, "balance": null, "inventory_no": null, "length": null, "description": null, "links": [], "source_folder": "Трансформаторные пункты"}}, {"type": "Feature", "geometry": {"type": "Point", "coordinates": [66.7287, 44.19597]}, "properties": {"id": "tp_0211", "name": "000 КТП(Н)-10/0,4 кВ", "object_type": "tp", "voltage": "10/0,4 кВ", "parent_id": "feeder_0032", "fed_from": "ЛЦ-4", "year": null, "power_kva": null, "balance": null, "inventory_no": null, "length": null, "description": null, "links": [], "source_folder": "Трансформаторные пункты"}}, {"type": "Feature", "geometry": {"type": "Point", "coordinates": [66.73097, 44.16913]}, "properties": {"id": "tp_0212", "name": "534 КТП(Н)-10/0,4 кВ", "object_type": "tp", "voltage": "10/0,4 кВ", "parent_id": "feeder_0043", "fed_from": "ф.Береке-2", "year": null, "power_kva": "250 кВА", "balance": null, "inventory_no": null, "length": null, "description": null, "links": [], "source_folder": "Трансформаторные пункты"}}, {"type": "Feature", "geometry": {"type": "Point", "coordinates": [66.72812, 44.19938]}, "properties": {"id": "tp_0213", "name": "10 КТП(Н)-10/0,4 кВ", "object_type": "tp", "voltage": "10/0,4 кВ", "parent_id": "feeder_0032", "fed_from": "ЛЦ-4", "year": null, "power_kva": null, "balance": null, "inventory_no": null, "length": null, "description": null, "links": [], "source_folder": "Трансформаторные пункты"}}, {"type": "Feature", "geometry": {"type": "Point", "coordinates": [66.8646515, 44.0861136]}, "properties": {"id": "tp_0214", "name": "166 КТПН-10/0,4 кВ", "object_type": "tp", "voltage": "10/0,4 кВ", "parent_id": "feeder_0005", "fed_from": "ф.Акмая", "year": "2025 г.", "power_kva": "630 кВА", "balance": null, "inventory_no": null, "length": null, "description": "Изгот: ТОО \"KazElectroSnab\"\nГод выпуска: 2024 г.", "links": [{"name": "Фото 1", "url": "https://mymaps.usercontent.google.com/hostedimage/m/*/3AAjQbR4omU7vc12Wil_C1gVkFAAot_oW_Oll0anJM1R6iW5evXjAlAiKYUuuJCLBBGxF4id8NXVVJIDpD5kPAQ93ZVQq1dC0BmcgIHwcSceAR3wyFqqn1ZzPCCBE17IzuYD6kk_qhma7KqY9Yuvqhm6retY4_tRFbul-HJLr1g0w94XDhhPj1kHcMU4fEqlMGHZNZ-qGVlat8oy98VD10Qr890aGn49IcfX_cZep8W2AOu3b4tgpFu2kXkC9Nus?authuser=0&fife=s16383"}, {"name": "Фото 2", "url": "https://mymaps.usercontent.google.com/hostedimage/m/*/3AAjQbR5Qw4euHexA5NaqFjK5Entkd3Xa5DgOoT2xI3v8xDUPLwqgCHU3eeSKPEy3avEGSNpZZXhzfubQk2-C739u9uChHIXbjpdWGx_vlVfnGPqZb6eyZMNoZaRxy8Tbbth8sI83Elx0DrQZ8Xi0jobwiry2JXvODlLywwRBtoCb5LJpOWz25FqLyz5d-HAtPgxujbWJnWaEl2LJudxjxt1NOVtr_zzAOQEJkKM2uNwzgY_YhP0BmG7b0sHTSgI?authuser=0&fife=s16383"}, {"name": "Фото 3", "url": "https://mymaps.usercontent.google.com/hostedimage/m/*/3AAjQbR5kqQzrB0DO858nN0FT92dcd9cSakKx598AdwqxjZ7nfVSi_j5l1RE7h1hC4Hg66adDhATaE2b5XVyCraL9P-fI2HoqQbQGBHcLJsqhZ542zKV8KKdQoypwycxBEKfSWw2lfIA1YW2LY9j_4u7gdPF1ugJREJQgKJfwNsUpa_ajRMh6xWslS1L_zCoLzW86EZYucQf_9Oun9TF1ZtUTVcBSxUY9mzd4CE149OL6HtxJBlGisCVTZHE7pps?authuser=0&fife=s16383"}], "source_folder": "Трансформаторные пункты"}}, {"type": "Feature", "geometry": {"type": "Point", "coordinates": [66.743769, 44.165708]}, "properties": {"id": "tp_0215", "name": "000 КТП(Н)-10/0,4 кВ", "object_type": "tp", "voltage": "10/0,4 кВ", "parent_id": "feeder_0038", "fed_from": "МКСО", "year": "2024", "power_kva": "250", "balance": null, "inventory_no": null, "length": null, "description": null, "links": [{"name": "Фото", "url": "https://mymaps.usercontent.google.com/hostedimage/m/*/3AAjQbR5nAuqCkoCF0v3SGH6Jr8bMyfxkBaDuDKuhL8N2hYKNrnJ7NREc_Qy-X7j8EvmEKIlM19yUnezmJ0auYLuwL0WSjfAkN8NIppSUJOhv0H0tIbjNkut5KPGPdOsDhG2Za-EXkt0pKrTTblYkQNyntDo6-LUTTGKNVN8EnRezCZZkrRPeeAmRoHbg95TmKz7eCkhe97sv_g_eL9T9hyPzPtosPfK0SgPZK6h2ogEItOWEwf7fufePeAxXHm8?authuser=0&fife=s16383"}], "source_folder": "Трансформаторные пункты"}}, {"type": "Feature", "geometry": {"type": "Point", "coordinates": [66.871651, 44.092495]}, "properties": {"id": "tp_0216", "name": "164 КТПН-10/0,4 кВ", "object_type": "tp", "voltage": "10/0,4 кВ", "parent_id": "feeder_0005", "fed_from": "ф.Акмая", "year": "2025 г.", "power_kva": "400 кВА", "balance": null, "inventory_no": null, "length": null, "description": "Изгот: ТОО \"KazElectroSnab\"\nГод выпуска: 2024 г.", "links": [{"name": "Фото 1", "url": "https://mymaps.usercontent.google.com/hostedimage/m/*/3AAjQbR6pRQ4zQ4WHnnUtgKArunw38MJZhv_IhoXPRG8kvnGldrGsxmMFkN3SrQaIinKfKoXhQBwYyYHxp1GplNXxEZzbiYGSZ9JFAEtcqrSgnfqajJ7VzBSFozt_lXZEDmV5KOAjb1bzUnGcZH7l5_71Il65z4QsSbNFx7dKRp6S4FnEA9iMCTclzNXeupXV90Dg45XRnrePi982ZmmbURlzL95RApeA44WdRpPoWEf2AHt0SXpKPxFT_ODn9I0?authuser=0&fife=s16383"}, {"name": "Фото 2", "url": "https://mymaps.usercontent.google.com/hostedimage/m/*/3AAjQbR6BlsgLzm7AmeRmOOwFtptvc8ZpEoIq8_Td06eOQBefL5HNbBuwtPumV9XD72H1hl_IZCTGOQgO2VszRBTm5Gbu4kddmey6CvMl7lE-02Es2jERWyyG66XjxwAWkF0JWABD1sNV8u6jjrS76tAudhtU35M_PTPQD4HYtRQtkNJxLEx4pPHbSS_qv38PMOlACJWQOwR0ONYZ_UdO96HS2pVDI-PKkAc48mpvmFCGaTnO18z3MxWpWE6UtfM?authuser=0&fife=s16383"}], "source_folder": "Трансформаторные пункты"}}, {"type": "Feature", "geometry": {"type": "Point", "coordinates": [66.74006, 44.1641]}, "properties": {"id": "tp_0217", "name": "000 КТП(Н)-10/0,4 кВ", "object_type": "tp", "voltage": "10/0,4 кВ", "parent_id": "feeder_0035", "fed_from": "Райболница", "year": null, "power_kva": null, "balance": null, "inventory_no": null, "length": null, "description": null, "links": [{"name": "Фото", "url": "https://mymaps.usercontent.google.com/hostedimage/m/*/3AAjQbR760yuYlpjNuPuqmat6PTAhBT3pJd7VJ-0R0hesRoZ4LLL7etGiq0DFuGPIBkX_yAYL3L1-8LEHcMu6P8fF_Tx_MkxINt-mr2T_aegyCj5B70V1b6TYt_KFFFoNnj7hkvvxsvZJQubFvC4pH5iGBWyMQm0J8Orqb5bs20ysSFUYuQx7WfVN0qsfRM3Io_CyhWtvu-Xc4NyRddWmvyooL2B7i4mjDOOKd-Ehd6xcjXakrdbNWEbHW3pWoaM?authuser=0&fife=s16383"}], "source_folder": "Трансформаторные пункты"}}, {"type": "Feature", "geometry": {"type": "Point", "coordinates": [66.74358, 44.15821]}, "properties": {"id": "tp_0218", "name": "000 КТП(Н)-10/0,4 кВ", "object_type": "tp", "voltage": "10/0,4 кВ", "parent_id": "feeder_0035", "fed_from": "Райболница", "year": null, "power_kva": null, "balance": null, "inventory_no": null, "length": null, "description": null, "links": [{"name": "Фото", "url": "https://mymaps.usercontent.google.com/hostedimage/m/*/3AAjQbR5zeIQtiszEEtvZMrSe_kZYYFZdzLmJxe_poqgOHvT0xflrxSpZHQib2rIOzOGECCnUC8FvA_slvSEKLb1BsAxrqtnNyZR3e8uSwCpFcwlPiFZKAPLHJtOliPXm6U2utouJ0FRXOghVTwAhha5mRLGpFkbPNRASJQdiYfKY0MkJOHGkhOOiFm62EhPsq8hvMKRz9gSyTwH9258dzCxHcaCjSDxgqnDQetjcfnINQWvG2ZQRyEM-Lq24M4o?authuser=0&fife=s16383"}], "source_folder": "Трансформаторные пункты"}}, {"type": "Feature", "geometry": {"type": "Point", "coordinates": [66.71004, 44.18347]}, "properties": {"id": "tp_0219", "name": "701 КТП-10/0,4 кВ", "object_type": "tp", "voltage": "10/0,4 кВ", "parent_id": "feeder_0070", "fed_from": "Райцентр", "year": "2013", "power_kva": "250 кВА", "balance": "\"Рисоруш Досжан\"", "inventory_no": null, "length": null, "description": null, "links": [], "source_folder": "Трансформаторные пункты"}}, {"type": "Feature", "geometry": {"type": "Point", "coordinates": [66.72666, 44.18511]}, "properties": {"id": "tp_0220", "name": "КТП-10/0,4 кВ №682", "object_type": "tp", "voltage": "10/0,4 кВ", "parent_id": "feeder_0048", "fed_from": "Залинейный", "year": "2014", "power_kva": "63 кВА", "balance": "(П) ТОО \"SINOOIL\"", "inventory_no": null, "length": null, "description": null, "links": [], "source_folder": "Трансформаторные пункты"}}, {"type": "Feature", "geometry": {"type": "Point", "coordinates": [66.76314, 44.1613]}, "properties": {"id": "tp_0221", "name": "000 КТП(Н)-10/0,4 кВ", "object_type": "tp", "voltage": "10/0,4 кВ", "parent_id": null, "fed_from": null, "year": null, "power_kva": null, "balance": null, "inventory_no": null, "length": null, "description": null, "links": [{"name": "Фото 1", "url": "https://mymaps.usercontent.google.com/hostedimage/m/*/3AAjQbR7qvVRinU91XdEB3jMUNCskt7ROYhLpmiRbi0Mgj2-DlRshYWkHgpdagmFCkR0GwmANUouJ0useNwhagpeo1mAFXvw-AVy8n64AcHctbEKUy3gtZJZU3bLCgZEb4bmlGckYMQ-C-p5LKiOXmzkXFcx4UeyrqvCamX4WvaMOyUB8QBIG2crQ1xwrADlM7o9Yv85nkgSb7P0YKwy5rmHCd0YbfhrSiz8uLud_3u91_lMIVTln8sIEGGZ0YT0?authuser=0&fife=s16383"}, {"name": "Фото 2", "url": "https://mymaps.usercontent.google.com/hostedimage/m/*/3AAjQbR5QwZts3rnfZOHFHiTKkCT_cUL0l42KXGexQtoWshDPBVGgOfVJsFbqY5I38ehMiuBNG1mjxTZiYscChPvf9h4SZMOrSzh9NjGHD0Wl2j8lGhF-OcM3FkMrQwiu5d1aI6Sq7t30XHXB6Z0lxuW8CF3RaYwERBYyrTLyhMJgrH4VRW-ehgygmsh2_3HNIZmbsj9w19fz4BC1yuhRUoZ_k7qjxOM-PA5Fbhd648ZdeYx7lfo95dzlBdJeAbY?authuser=0&fife=s16383"}], "source_folder": "Трансформаторные пункты"}}, {"type": "Feature", "geometry": {"type": "Point", "coordinates": [66.72277, 44.18069]}, "properties": {"id": "tp_0222", "name": "КТП-10/0,4 кВ №608", "object_type": "tp", "voltage": "10/0,4 кВ", "parent_id": "feeder_0048", "fed_from": "Залинейный", "year": "2009", "power_kva": "100 кВА", "balance": "(П) Спец.магаз. \"Дана\"", "inventory_no": null, "length": null, "description": "АС-50", "links": [], "source_folder": "Трансформаторные пункты"}}, {"type": "Feature", "geometry": {"type": "Point", "coordinates": [66.75289, 44.17903]}, "properties": {"id": "tp_0223", "name": "КТПБ-10/0,4 кВ №389", "object_type": "tp", "voltage": "10/0,4 кВ", "parent_id": "feeder_0048", "fed_from": "Залинейный", "year": "25.09.2020", "power_kva": "250 кВА", "balance": "ШРЭС", "inventory_no": "2018068-54 / 20436", "length": null, "description": "ЕБРР", "links": [], "source_folder": "Трансформаторные пункты"}}, {"type": "Feature", "geometry": {"type": "Point", "coordinates": [66.77236, 44.18963]}, "properties": {"id": "tp_0224", "name": "000 КТП(Н)-10/0,4 кВ", "object_type": "tp", "voltage": "10/0,4 кВ", "parent_id": "feeder_0047", "fed_from": "УП", "year": null, "power_kva": null, "balance": null, "inventory_no": null, "length": null, "description": null, "links": [], "source_folder": "Трансформаторные пункты"}}, {"type": "Feature", "geometry": {"type": "Point", "coordinates": [66.72775, 44.18474]}, "properties": {"id": "tp_0225", "name": "КТПН-10/0,4 кВ №757", "object_type": "tp", "voltage": "10/0,4 кВ", "parent_id": "feeder_0048", "fed_from": "Залинейный", "year": "2016", "power_kva": "160 кВА", "balance": "(П) Магнит", "inventory_no": null, "length": null, "description": null, "links": [], "source_folder": "Трансформаторные пункты"}}, {"type": "Feature", "geometry": {"type": "Point", "coordinates": [66.73087, 44.19471]}, "properties": {"id": "tp_0226", "name": "000 КТП(Н)-10/0,4 кВ", "object_type": "tp", "voltage": "10/0,4 кВ", "parent_id": "feeder_0033", "fed_from": "ЛЦ-14", "year": null, "power_kva": null, "balance": null, "inventory_no": null, "length": null, "description": null, "links": [], "source_folder": "Трансформаторные пункты"}}, {"type": "Feature", "geometry": {"type": "Point", "coordinates": [66.73056, 44.19404]}, "properties": {"id": "tp_0227", "name": "13 ТП-10/0,4 кВ", "object_type": "tp", "voltage": "10/0,4 кВ", "parent_id": "feeder_0033", "fed_from": "ЛЦ-14", "year": null, "power_kva": null, "balance": null, "inventory_no": null, "length": null, "description": null, "links": [], "source_folder": "Трансформаторные пункты"}}, {"type": "Feature", "geometry": {"type": "Point", "coordinates": [66.7203, 44.18616]}, "properties": {"id": "tp_0228", "name": "ТП-10/0,4 кВ №285", "object_type": "tp", "voltage": "10/0,4 кВ", "parent_id": "feeder_0048", "fed_from": "Залинейный", "year": "1979", "power_kva": "400 кВА", "balance": "(П) ДОТЦ. ЧП. Мырзабеков", "inventory_no": null, "length": null, "description": "АС-50", "links": [], "source_folder": "Трансформаторные пункты"}}, {"type": "Feature", "geometry": {"type": "Point", "coordinates": [66.725, 44.192]}, "properties": {"id": "tp_0229", "name": "000 КТП(Н)-10/0,4 кВ", "object_type": "tp", "voltage": "10/0,4 кВ", "parent_id": "feeder_0032", "fed_from": "ЛЦ-4", "year": null, "power_kva": null, "balance": null, "inventory_no": null, "length": null, "description": null, "links": [], "source_folder": "Трансформаторные пункты"}}, {"type": "Feature", "geometry": {"type": "Point", "coordinates": [66.72732, 44.16891]}, "properties": {"id": "tp_0230", "name": "855 КТПН-10/0,4 кВ", "object_type": "tp", "voltage": "10/0,4 кВ", "parent_id": "feeder_0043", "fed_from": "ф.Береке-2", "year": "2020", "power_kva": "100 кВА", "balance": "КазВодХоз", "inventory_no": null, "length": null, "description": "Дренажный скважин №9", "links": [], "source_folder": "Трансформаторные пункты"}}, {"type": "Feature", "geometry": {"type": "Point", "coordinates": [66.73522, 44.20089]}, "properties": {"id": "tp_0231", "name": "8 КТП(Н)-10/0,4 кВ", "object_type": "tp", "voltage": "10/0,4 кВ", "parent_id": "feeder_0032", "fed_from": "ЛЦ-4", "year": null, "power_kva": null, "balance": null, "inventory_no": null, "length": null, "description": null, "links": [], "source_folder": "Трансформаторные пункты"}}, {"type": "Feature", "geometry": {"type": "Point", "coordinates": [66.0395567, 44.639011]}, "properties": {"id": "tp_0232", "name": "564 КТПН-10/0,4 кВ", "object_type": "tp", "voltage": "10/0,4 кВ", "parent_id": "feeder_0069", "fed_from": "Усадьба", "year": "1969", "power_kva": "400 кВА", "balance": null, "inventory_no": null, "length": null, "description": "Выполнен летний замер нагрузок ТП, КТП(Н), КТПБ-10/0,4 кВ по Шиелииской РЭС на 2026 год", "links": [{"name": "Обход осмотр опор на 2026 год", "url": "https://drive.google.com/drive/folders/1P4RddUOEdj13f00wqB46T5S0OVNh5Ji5?usp=sharing"}], "source_folder": "Трансформаторные пункты"}}, {"type": "Feature", "geometry": {"type": "Point", "coordinates": [66.031299, 44.6394008]}, "properties": {"id": "tp_0233", "name": "566 КТПН-10/0,4 кВ", "object_type": "tp", "voltage": "10/0,4 кВ", "parent_id": "feeder_0069", "fed_from": "Усадьба", "year": "1979", "power_kva": "63", "balance": null, "inventory_no": null, "length": null, "description": null, "links": [{"name": "Обход осмотр опор на 2026 год", "url": "https://drive.google.com/drive/folders/1mjj0hLtGW6li24Ca-zjjCNJS8LTEKtH0?usp=sharing"}], "source_folder": "Трансформаторные пункты"}}, {"type": "Feature", "geometry": {"type": "Point", "coordinates": [66.0311388, 44.6363045]}, "properties": {"id": "tp_0234", "name": "565 КТП-10/0,4 кВ", "object_type": "tp", "voltage": "10/0,4 кВ", "parent_id": "feeder_0069", "fed_from": "Усадьба", "year": "1968", "power_kva": "100 кВА", "balance": null, "inventory_no": null, "length": null, "description": "Выполнен летний замер нагрузок ТП, КТП(Н), КТПБ-10/0,4 кВ по Шиелииской РЭС на 2026 год", "links": [{"name": "Обход осмотр опор на 2026 год", "url": "https://drive.google.com/drive/folders/1NmEm4ynO1-Jx2Shix5wNSaQD4MOAeF1B?usp=sharing"}], "source_folder": "Трансформаторные пункты"}}, {"type": "Feature", "geometry": {"type": "Point", "coordinates": [66.0379431, 44.6321862]}, "properties": {"id": "tp_0235", "name": "567 КТПН-10/0,4 кВ", "object_type": "tp", "voltage": "10/0,4 кВ", "parent_id": "feeder_0069", "fed_from": "Усадьба", "year": "1978", "power_kva": "400 кВА", "balance": null, "inventory_no": null, "length": null, "description": "Выполнен летний замер нагрузок ТП, КТП(Н), КТПБ-10/0,4 кВ по Шиелииской РЭС на 2026 год", "links": [{"name": "Обход осмотр опор на 2026 год", "url": "https://drive.google.com/drive/folders/17kXx_y3Iknc7yyfyhDcYhUorhCQPgYiV?usp=drive_link"}], "source_folder": "Трансформаторные пункты"}}, {"type": "Feature", "geometry": {"type": "Point", "coordinates": [66.0468619, 44.6264769]}, "properties": {"id": "tp_0236", "name": "569 КТП-10/0,4 кВ", "object_type": "tp", "voltage": "10/0,4 кВ", "parent_id": "feeder_0069", "fed_from": "Усадьба", "year": "1975", "power_kva": "63", "balance": null, "inventory_no": null, "length": null, "description": null, "links": [{"name": "Подробная информация", "url": "https://drive.google.com/drive/folders/1OvtVC7zwafOobFCEdE-0kizOucf1-wLU?usp=sharing"}], "source_folder": "Трансформаторные пункты"}}, {"type": "Feature", "geometry": {"type": "Point", "coordinates": [66.0549247, 44.6252055]}, "properties": {"id": "tp_0237", "name": "571 КТПН-10/0,4 кВ", "object_type": "tp", "voltage": "10/0,4 кВ", "parent_id": "feeder_0069", "fed_from": "Усадьба", "year": null, "power_kva": "40", "balance": null, "inventory_no": null, "length": null, "description": null, "links": [{"name": "Обход осмотр опор на 2026 год", "url": "https://drive.google.com/drive/folders/1HcFy1ypP-JwBkPKk_soNm_EiheFoPNM-?usp=sharing"}], "source_folder": "Трансформаторные пункты"}}, {"type": "Feature", "geometry": {"type": "Point", "coordinates": [66.74469, 44.1397]}, "properties": {"id": "tp_0238", "name": "323 КТПН-10/0,4 кВ", "object_type": "tp", "voltage": "10/0,4 кВ", "parent_id": "feeder_0024", "fed_from": "Ынтымак", "year": null, "power_kva": "250 кВА", "balance": null, "inventory_no": null, "length": null, "description": null, "links": [{"name": "Паспорт", "url": "https://docs.google.com/document/d/1A1N18yyByF0wYFPJjJBaQPQQ2VXee5qi/edit?usp=drive_link&ouid=111096388949918053885&rtpof=true&sd=true"}], "source_folder": "Трансформаторные пункты"}}, {"type": "Feature", "geometry": {"type": "Point", "coordinates": [66.71384, 44.21377]}, "properties": {"id": "tp_0239", "name": "000 КТП(Н)-10/0,4 кВ", "object_type": "tp", "voltage": "10/0,4 кВ", "parent_id": "feeder_0032", "fed_from": "ЛЦ-4", "year": null, "power_kva": null, "balance": null, "inventory_no": null, "length": null, "description": null, "links": [], "source_folder": "Трансформаторные пункты"}}, {"type": "Feature", "geometry": {"type": "Point", "coordinates": [66.73358, 44.19789]}, "properties": {"id": "tp_0240", "name": "14 ТП-10/0,4 кВ", "object_type": "tp", "voltage": "10/0,4 кВ", "parent_id": "feeder_0033", "fed_from": "ЛЦ-14", "year": null, "power_kva": "400 кВА", "balance": null, "inventory_no": null, "length": null, "description": null, "links": [], "source_folder": "Трансформаторные пункты"}}, {"type": "Feature", "geometry": {"type": "Point", "coordinates": [66.72459, 44.19144]}, "properties": {"id": "tp_0241", "name": "23 КТП(Н)-10/0,4 кВ", "object_type": "tp", "voltage": "10/0,4 кВ", "parent_id": "feeder_0032", "fed_from": "ЛЦ-4", "year": null, "power_kva": null, "balance": null, "inventory_no": null, "length": null, "description": null, "links": [], "source_folder": "Трансформаторные пункты"}}, {"type": "Feature", "geometry": {"type": "Point", "coordinates": [66.72506, 44.19043]}, "properties": {"id": "tp_0242", "name": "21 КТП(Н)-10/0,4 кВ", "object_type": "tp", "voltage": "10/0,4 кВ", "parent_id": "feeder_0032", "fed_from": "ЛЦ-4", "year": null, "power_kva": null, "balance": null, "inventory_no": null, "length": null, "description": null, "links": [], "source_folder": "Трансформаторные пункты"}}, {"type": "Feature", "geometry": {"type": "Point", "coordinates": [66.6947306, 44.1774892]}, "properties": {"id": "tp_0243", "name": "782 КТПН-10/0,4 кВ", "object_type": "tp", "voltage": "10/0,4 кВ", "parent_id": "feeder_0041", "fed_from": "Жахаев", "year": "2017", "power_kva": "400 кВА", "balance": "ШРЭС", "inventory_no": null, "length": null, "description": null, "links": [{"name": "Гео-схема", "url": "https://www.google.com/maps/d/viewer?hl=ru&mid=1BPmif663uwULcuycmBe9JSU3mSpWdoc&vomp=1&cid=mp&cv=r0TZ3lfIncc.ru"}, {"name": "Фото", "url": "https://mymaps.usercontent.google.com/hostedimage/m/*/3AAjQbR68RwPL15snbmKP-HoyQELdaYOGp_n3CwjgYT8BQ36bgNoGViRQbWg2x-NGrZVTkn_DZTHlREFBOtW5p4sapVmtWRRL8BVgCGLNNUqnu3iYXdkTfSRyeNKWnc3z9dhZ8nGo-KUBC-xD2V306jtpqS3QL6Bz77SH1Py_Z7tAxo134AD9crtbTanzTMwZH4D0EariMiunDyK6KsrvMTcNmlwmGbD6JdDDAsZoXm8NNvVXTrtzei99NOC7Jtc?authuser=0&fife=s16383"}], "source_folder": "Трансформаторные пункты"}}, {"type": "Feature", "geometry": {"type": "Point", "coordinates": [66.7453384, 44.1329418]}, "properties": {"id": "tp_0244", "name": "267 КТПН-10/0,4 кВ", "object_type": "tp", "voltage": "10/0,4 кВ", "parent_id": "feeder_0024", "fed_from": "Ынтымак", "year": null, "power_kva": "100", "balance": null, "inventory_no": null, "length": null, "description": null, "links": [{"name": "Гео-схема", "url": "https://www.google.com/maps/d/viewer?hl=ru&mid=1cnA6jf0feuWnXgVo6PKsryjellvBCLg&ll=44.13559908252913%2C66.74979699999999&z=16"}, {"name": "Паспорт", "url": "https://docs.google.com/document/d/1F7bm4GuDhEAt1FsklyXXm025hh7iYMdx/edit?usp=drive_link&ouid=111096388949918053885&rtpof=true&sd=true"}], "source_folder": "Трансформаторные пункты"}}, {"type": "Feature", "geometry": {"type": "Point", "coordinates": [66.7277236, 44.1814647]}, "properties": {"id": "tp_0245", "name": "КТП-10/0,4 кВ №47", "object_type": "tp", "voltage": "10/0,4 кВ", "parent_id": "feeder_0048", "fed_from": "Залинейный", "year": "1975", "power_kva": "250 кВА", "balance": "ШРЭС", "inventory_no": "19248", "length": null, "description": "Выполнен летний замер нагрузок ТП, КТП(Н), КТПБ-10/0,4 кВ по Шиелииской РЭС на 2026 год\nДата замера - 29.06.2026\nВремя замера - 21:50\nЕБРР", "links": [{"name": "Гео-схема", "url": "https://www.google.com/maps/d/viewer?hl=ru&mid=1UtPsY9lI2VOKy3rrXtwj5jKXFBt5-RE&ll=44.1813210545853%2C66.72837199999998&z=17"}, {"name": "Фото", "url": "https://mymaps.usercontent.google.com/hostedimage/m/*/3AAjQbR7Tmg2TZ6bmbx3YXVA51HFI3dKNscDmKXsdSR66ifYyzehxIlGc0iDYWaUXcRWwP1zavTj_Aa7C2is0llIwAw4iu5YqwELJLNvxrmJTF8utQxeN3pe3cIGuCwZr0ojTDuPWIJLga2s87ceuYlReYxbYJdW9S6A3lg0sRv4AZl4Yb21XhATwkVXteRjfW3hf0_1mYU3t_DhnKCGceta1EP1RnOysPxA_KFpp00XxVtbGsPLkn4BOfXwVWl0?authuser=0&fife=s16383"}], "source_folder": "Трансформаторные пункты"}}, {"type": "Feature", "geometry": {"type": "Point", "coordinates": [66.6863182, 44.1786212]}, "properties": {"id": "tp_0246", "name": "783 КТПН-10/0,4 кВ", "object_type": "tp", "voltage": "10/0,4 кВ", "parent_id": "feeder_0041", "fed_from": "Жахаев", "year": "2016", "power_kva": "400 кВА", "balance": "ШРЭС", "inventory_no": null, "length": null, "description": null, "links": [{"name": "Гео-схема", "url": "https://www.google.com/maps/d/viewer?hl=ru&mid=129A2Jm4cP8xjwSR-2REQs5LGj04auMM"}, {"name": "Фото", "url": "https://mymaps.usercontent.google.com/hostedimage/m/*/3AAjQbR7eWgVhSiZ-DzCGT2nQYNxc0MQxdaoVijfd3tlevbZUXPjE6RaaMrX76v5fz35lB2ycQPJG6f-tR8_dvEOprh59sVtm1OTkzWDSjPKtB551so6Dft6SAC6gbKUaFQPSDbwrhyuePDj_oxPO2RzSGz4DoRufDU3uruRSjifUP6E1VxvjCqe9eeFD1afZsQDmAd8piK4Q7JIRKC3cG8h3UdYclrwU-V5D171phoce5PufqRXYYEetBtRXUXk?authuser=0&fife=s16383"}], "source_folder": "Трансформаторные пункты"}}, {"type": "Feature", "geometry": {"type": "Point", "coordinates": [66.7616206, 44.1643102]}, "properties": {"id": "tp_0247", "name": "706 КТПН-10/0,4 кВ", "object_type": "tp", "voltage": "10/0,4 кВ", "parent_id": "feeder_0040", "fed_from": "Шыгыс-3 от РП \"Шугыла\"", "year": "2018", "power_kva": "400 кВА", "balance": null, "inventory_no": null, "length": null, "description": null, "links": [{"name": "Гео-схема", "url": "https://www.google.com/maps/d/viewer?hl=ru&mid=1HG6yY0pXEUwuDs0ZYgXFKtYMbNmjbDQ&ll=44.16362003252635%2C66.75954634999998&z=17"}, {"name": "Фото", "url": "https://mymaps.usercontent.google.com/hostedimage/m/*/3AAjQbR6dDsazSZKcTiW61yO0cwojj40klXm58FZh4SdiCCmdvrU2OYuHUA4ZtgNDwHZIRp1ExCRjFr04jvjAtbJITXDopeWXiFcgBwKMJ8ppcC1r5K6ulqKIH80l0GBZrzwXu9tNPlRlCFy4IH1e7qf1fHFkfZm8LOC5GnoQpmWIyPLyJtcWiZTmYyDN-LQzAQ3tJyUFZHeAqfAdBVklLjZbWv8U6_v1MQ_I180LdhIxWbgnx8nFI1T0w3x1QK0?authuser=0&fife=s16383"}], "source_folder": "Трансформаторные пункты"}}, {"type": "Feature", "geometry": {"type": "Point", "coordinates": [66.7378376, 44.1345717]}, "properties": {"id": "tp_0248", "name": "831 КТПН-10/0,4 кВ", "object_type": "tp", "voltage": "10/0,4 кВ", "parent_id": "feeder_0025", "fed_from": "Бейбытшылык", "year": "2018", "power_kva": "250 кВА", "balance": null, "inventory_no": null, "length": null, "description": null, "links": [{"name": "Гео-схема", "url": "https://www.google.com/maps/d/viewer?hl=ru&mid=1WMAi_K7B_J-oEwOw5t9xloWkwYd_CWQ&vomp=1&cid=mp&cv=r0TZ3lfIncc.ru"}, {"name": "Паспорт", "url": "https://drive.google.com/open?id=1jZzUcyqMkmbDMMb1Mg1IA1_rT0RLYdTS&usp=drive_copy"}, {"name": "Фото", "url": "https://mymaps.usercontent.google.com/hostedimage/m/*/3AAjQbR7Xe6XvbSb10c0nCh89Ed1ridyEnMDRoZ-x52DJazsPy5JH2O4fQifXEG_DjvuDCe6iWAc0Zh3N2KLQWtnLNFJbdnHSHE4lqiU9ewDKB14ZcVsCiI8dwwlhGZPf0_mWu7CFQB03TDCRe3-GISxqpWPT35zM367KrLBmnIa85D8UBKu39M0zYbhEg97H-rqDdoYVu4DZJ6jRM-WLEGNZDen9r1ANfiuFXNy_twWvVQ8vdDJEIOHFZTcw7zA?authuser=0&fife=s16383"}], "source_folder": "Трансформаторные пункты"}}, {"type": "Feature", "geometry": {"type": "Point", "coordinates": [66.7364831, 44.1393639]}, "properties": {"id": "tp_0249", "name": "265 КТПН-10/0,4 кВ", "object_type": "tp", "voltage": "10/0,4 кВ", "parent_id": "feeder_0025", "fed_from": "Бейбытшылык", "year": "2022", "power_kva": "250 кВА", "balance": null, "inventory_no": null, "length": null, "description": null, "links": [{"name": "Гео-схема", "url": "https://www.google.com/maps/d/viewer?hl=ru&mid=15F7oSgoinusyANkrpPqeeKd0lrpvZa8"}, {"name": "Паспорт", "url": "https://drive.google.com/open?id=1cNcHzZaP1_oRgCEenGjhySk6HmNsspzp&usp=drive_copy"}, {"name": "Фото", "url": "https://mymaps.usercontent.google.com/hostedimage/m/*/3AAjQbR7mGEXRbbrNylQh5nyikkAcsjrLWfwBh9RcmAJ3gqiZs6EB7dCHhpb6NZGknCCGNrGHElYtfttU6elpitp6-4a5BvLyRxnoNVXeWZ9yiWQaXhxCkSF_bVOa5fcdri4BxWNCmpyihaYjoJ4aMSvP9hsZve-kw7wEBwTV9ulfcBsv8oPCvYVEvPYXkgN6Ywk9xDvP2gDBAKvPm_uq4kTNcR0CHEtxuLXf3qJ6b5zLocQ77jN5TTkyVdEbzp0?authuser=0&fife=s16383"}], "source_folder": "Трансформаторные пункты"}}, {"type": "Feature", "geometry": {"type": "Point", "coordinates": [66.7425216, 44.1610233]}, "properties": {"id": "tp_0250", "name": "726а КТПН-10/0,4 кВ", "object_type": "tp", "voltage": "10/0,4 кВ", "parent_id": "feeder_0035", "fed_from": "Райболница", "year": "2024", "power_kva": "400 кВА", "balance": null, "inventory_no": null, "length": null, "description": null, "links": [{"name": "Гео-схема", "url": "https://www.google.com/maps/d/viewer?hl=ru&mid=1iFlJwoM_cH4xc0ZpaNUztXp6Bnb16cs"}, {"name": "Фото", "url": "https://mymaps.usercontent.google.com/hostedimage/m/*/3AAjQbR6PD6URt_UAXeV9qmgzu_rlJp32I9UmA-GKdw7rByVHgzY182nYshWTacoZ894CcfGd9eaZqA0MKT-8X1NiT8d6yQ5NjzXFl_avSLjeU73Wwfwc8jYkqxHC1wOa7QNdYhpZbTD_koB8ZWEwxzOu7BAgY2UFyZCydXmGRs9elSnWCA27Cj9NHU3RiGOmmA6ezVbCoelwCvT0yNvrFepgun-ebWllpUYWOsE1Lm_HFt7TIEBKe-xwNjkmZLE?authuser=0&fife=s16383"}], "source_folder": "Трансформаторные пункты"}}, {"type": "Feature", "geometry": {"type": "Point", "coordinates": [66.7325248, 44.1648937]}, "properties": {"id": "tp_0251", "name": "75 КТПН-10/0,4 кВ", "object_type": "tp", "voltage": "10/0,4 кВ", "parent_id": "feeder_0037", "fed_from": "Кинотеатр", "year": "2024", "power_kva": "160", "balance": null, "inventory_no": null, "length": null, "description": null, "links": [{"name": "Гео-схема", "url": "https://www.google.com/maps/d/viewer?hl=ru&mid=1ACWhl_d7ULNQWthl6_pU55sK1g_RBvQ&ll=0%2C0&z=18"}, {"name": "Фото 1", "url": "https://mymaps.usercontent.google.com/hostedimage/m/*/3AAjQbR5N9YH9SL4Yw1CwBlSr7eG0YWWOix5hJt_IR6CJ6TR87rHwOR7FP2sBmaUV8yRcH51oqx5OfnXxifSreTUUouySWe3hFa5AvHPn4j2pSZP7NJv1GAMoaBAibK1Lq8kAJ3v_IKAWrBy1UTarD0Q_TCC338k4BhyJAUTALXaaMFpfWkjRIILOeSJUtOl4310bgugnsXsLt7RGbpstZb6fv22CPZmQS-E3MSjxjT47hcIsOdu05vmQc4rWJos?authuser=0&fife=s16383"}, {"name": "Фото 2", "url": "https://mymaps.usercontent.google.com/hostedimage/m/*/3AAjQbR5UxaWJNH5P8kCgcWZSeaqtd6fbZhPW-qJa2TzNIhvgxJwDhEZorw083RZ71RxfyYpFe-CdQ0-QAwaasWrgdkUfF8uXAJTcC3BK61lNYGcZTzLN3OU-hutJ2yQAMhNYTZaV6ndCR1gQT82kYr5vL8I3Gqo5-OdEqFfoBsk2d3IyQWbjymz3ohCykjWHrt6IidnoPz2sGdvy0uPev-oPo2ToJvNYjFSDvQmvE4Og4g5unT0GS0VC8oFKn1k?authuser=0&fife=s16383"}, {"name": "Фото 3", "url": "https://mymaps.usercontent.google.com/hostedimage/m/*/3AAjQbR7_cxNldm394f6XPGjdVYhUtF5IdNFwHy-TCclVwecEaFjixGtlf3OkqNyuurSQoTWPZi3Cu4xP7pluKjlBwXe03wvzcEePKLp6hxmJOxtaAKcDgz2R1XzYe5MPkUKTSe_c6X-5jZDeydNFezE6dMxfinhoooKH9hrQ_8krDTzWK78Lw_AnmaSHVVWSA6dKafNXiYd2R_X4CHo-hIlwtWM8umD10ebx5kvGQj7KF8sldo_3l2otypK-bWs?authuser=0&fife=s16383"}, {"name": "Фото 4", "url": "https://mymaps.usercontent.google.com/hostedimage/m/*/3AAjQbR5PmwJHMYhs7qYGrs_2ZK6w9Di1b5QpLh48H40VdzVXoD17tv5l_JwXRo4PqPyEt5j-oUZMET8vcElfTTPo5vPDcmTi_K8EPVfc2K9UnQhlrAie_8HVicXKoCXaekipW_JCG3Z7NdNqqHeiAuS9sKynHrsEfz0GB84rp9QAdrQ2AgmChcYRIcwED1I-MJtLwV99K6PBdJ_KfyzFFnKi8lr1aSRoNInxW5CSENDo0qv4-FWPFCu79-eKLMM?authuser=0&fife=s16383"}], "source_folder": "Трансформаторные пункты"}}, {"type": "Feature", "geometry": {"type": "Point", "coordinates": [66.743651, 44.1656897]}, "properties": {"id": "tp_0252", "name": "727 КТПН-10/0,4 кВ", "object_type": "tp", "voltage": "10/0,4 кВ", "parent_id": "feeder_0038", "fed_from": "МКСО", "year": "2014", "power_kva": "160", "balance": null, "inventory_no": null, "length": null, "description": null, "links": [{"name": "Гео-схема", "url": "https://www.google.com/maps/d/viewer?hl=ru&mid=1HqRkuGjE4k6cZ4tKDmbiIH_yIJR0IcQ&ll=0%2C0&z=16"}, {"name": "Фото", "url": "https://mymaps.usercontent.google.com/hostedimage/m/*/3AAjQbR5ttJN7VbNyFLGYIPGauLtj5aov8IdhWgvgSBBvDvsPCQz0a65kIH9u8z-evFvYBM17GvpBFK92Db7_bfTZ_-pNEajC-Ve-0t1rAspvsatv3jmJneaGp_Wp9pt-UGPEQ0A3Ui-wQnQEPwYid35nlQhhfj5QURXqqfY55Pc77LcRi_lxI1w3-e4LKzD5FqfJWN-sT6pKMYuSi-ffkjnun72oU75YqI8p6CXoULncvf8m8ZQcyLk4DRa42JA?authuser=0&fife=s16383"}], "source_folder": "Трансформаторные пункты"}}, {"type": "Feature", "geometry": {"type": "Point", "coordinates": [66.7471829, 44.1567656]}, "properties": {"id": "tp_0253", "name": "143 КТПН-10/0,4 кВ", "object_type": "tp", "voltage": "10/0,4 кВ", "parent_id": "feeder_0038", "fed_from": "МКСО", "year": null, "power_kva": "160", "balance": null, "inventory_no": null, "length": null, "description": null, "links": [{"name": "Гео-схема", "url": "https://www.google.com/maps/d/viewer?hl=ru&mid=1dwNddyiWQLQMIB84F3hAc0sQxB6xzVo&ll=0%2C0&z=16"}, {"name": "Фото", "url": "https://mymaps.usercontent.google.com/hostedimage/m/*/3AAjQbR47kO-aWMHQOpb3MlvSVxmundZwJaTThzU9bo1tDLr3hN7c963s_1EwhAh-ZJDOPQJ3Vm1cO5a1gThVrYQN_J0ZvpB0X6NwN9A-UM-ZAM1jh2vYl_ww9zK-_fJTxrS_1MpmURfLDYm9xZfwibK2lfYfcQOPTlfhXna_1jpeC1RupCiaHUh7jfdamLgN2eGOLb4FkOYENinSkLyPEgUJtIGeQkn-6Rvrn5kUXT8M5XE2u8U8wucMBdouODs?authuser=0&fife=s16383"}], "source_folder": "Трансформаторные пункты"}}, {"type": "Feature", "geometry": {"type": "Point", "coordinates": [66.7384948, 44.154016]}, "properties": {"id": "tp_0254", "name": "140 КТП-10/0,4 кВ", "object_type": "tp", "voltage": "10/0,4 кВ", "parent_id": "feeder_0025", "fed_from": "ф.Бейбытшылык", "year": null, "power_kva": "25 кВА", "balance": null, "inventory_no": null, "length": null, "description": null, "links": [{"name": "Гео-схема", "url": "https://www.google.com/maps/d/viewer?hl=ru&mid=1bS-0t_-x3A6Ru0IJEuWZoJP1EmadBh8&ll=44.15280203201805%2C66.73912350000003&z=17"}, {"name": "Паспорт", "url": "https://drive.google.com/open?id=11a1UzhINSbHQOKvJEbYv_yWek4ygmusn&usp=drive_copy"}], "source_folder": "Трансформаторные пункты"}}, {"type": "Feature", "geometry": {"type": "Point", "coordinates": [66.6938236, 44.1718288]}, "properties": {"id": "tp_0255", "name": "271 КТПН-10/0,4 кВ", "object_type": "tp", "voltage": "10/0,4 кВ", "parent_id": "feeder_0050", "fed_from": "Кызылту", "year": null, "power_kva": "160 кВА", "balance": "ШРЭС", "inventory_no": null, "length": null, "description": "Выполнен летний замер нагрузок ТП, КТП(Н), КТПБ-10/0,4 кВ по Шиелииской РЭС на 2026 год", "links": [{"name": "По опорная схема (2лист)", "url": "https://drive.google.com/file/d/1RzSu0zWGBUp3pA_bn2kIIkAYwqpgyNDs/view?usp=sharing"}, {"name": "Ссылка", "url": "https://drive.google.com/file/d/1SbXreZeRW83DyDmXgqciDG9vq3xM2QjX/view?usp=sharing"}, {"name": "Фото", "url": "https://mymaps.usercontent.google.com/hostedimage/m/*/3AAjQbR5h6eTEX3kuJr8nG8Zedw79PwSofApwkhpLPRmGQAG49uR6f-j7GL0Y-zimQOSK0ZPxVGpA48S_sm51YhosfkJ-EGuXUHFfGM3Zihon1763pP2ry2A0ePtA8IS2OcxkM-uFKucCYcyQl4gU5-ZudbuV5GFpX54cXIJ-N7PfQ87FjLh2NNQ58FN5HWeTaoLIppPJDiVWy0aN80yASUESUfk1GTzNF7ydzqCwMpUkd9wEwU0Y8aRtOLXsiN8?authuser=0&fife=s16383"}], "source_folder": "Трансформаторные пункты"}}, {"type": "Feature", "geometry": {"type": "Point", "coordinates": [66.7319426, 44.1506015]}, "properties": {"id": "tp_0256", "name": "768 КТПН-10/0,4 кВ", "object_type": "tp", "voltage": "10/0,4 кВ", "parent_id": null, "fed_from": null, "year": null, "power_kva": "250 кВА", "balance": null, "inventory_no": null, "length": null, "description": null, "links": [{"name": "По опорная схема", "url": "https://drive.google.com/file/d/1IBNlvy0Jw223UngJjkOzPtLo97fkV_lE/view?usp=sharing"}, {"name": "Паспорт", "url": "https://drive.google.com/open?id=1de_i1tbm5vSkLEaYi5WFZ0kf9PbBJjcF&usp=drive_copy"}], "source_folder": "Трансформаторные пункты"}}, {"type": "Feature", "geometry": {"type": "Point", "coordinates": [66.7347839, 44.1498766]}, "properties": {"id": "tp_0257", "name": "769 КТПН-10/0,4 кВ", "object_type": "tp", "voltage": "10/0,4 кВ", "parent_id": null, "fed_from": null, "year": null, "power_kva": "400 кВА", "balance": null, "inventory_no": null, "length": null, "description": null, "links": [{"name": "По опорная схема", "url": "https://drive.google.com/file/d/1tD3IKoMlhh3u8KehUueQa0eIxWgmLp9R/view?usp=sharing"}, {"name": "Паспорт", "url": "https://drive.google.com/open?id=1AF1BuKy5l1FGL_92S5Nx0VUrkufbYAeZ&usp=drive_copy"}], "source_folder": "Трансформаторные пункты"}}, {"type": "Feature", "geometry": {"type": "Point", "coordinates": [66.8156378, 44.163234]}, "properties": {"id": "tp_0258", "name": "313 КТПН-10/0,4 кВ", "object_type": "tp", "voltage": "10/0,4 кВ", "parent_id": "feeder_0031", "fed_from": "Тонкерыс", "year": null, "power_kva": "250", "balance": null, "inventory_no": null, "length": null, "description": null, "links": [{"name": "По опорная схема", "url": "https://drive.google.com/file/d/1AxrCgcIWP_nJEDGZchifPDX-1ZgMJnKK/view?usp=sharing"}], "source_folder": "Трансформаторные пункты"}}, {"type": "Feature", "geometry": {"type": "Point", "coordinates": [66.7371297, 44.1478169]}, "properties": {"id": "tp_0259", "name": "680 КТПН-10/0,4 кВ", "object_type": "tp", "voltage": "10/0,4 кВ", "parent_id": null, "fed_from": "ЦРП Бидайкол ВВ-1", "year": null, "power_kva": "160", "balance": null, "inventory_no": null, "length": null, "description": null, "links": [{"name": "По опорная схема", "url": "https://drive.google.com/file/d/16iwhO_Q2zxXWYtaQ5A6SEdSJzDFYCbGz/view?usp=sharing"}], "source_folder": "Трансформаторные пункты"}}, {"type": "Feature", "geometry": {"type": "Point", "coordinates": [66.7254275, 44.1580968]}, "properties": {"id": "tp_0260", "name": "КТПН-10/0,4 кВ №482", "object_type": "tp", "voltage": "10/0,4 кВ", "parent_id": "feeder_0044", "fed_from": "Береке-1", "year": null, "power_kva": "160", "balance": null, "inventory_no": null, "length": null, "description": "По опорная схема: (новый вариант)\nПо опорная схема: (старый вариант)", "links": [{"name": "Гео-схема", "url": "https://www.google.com/maps/d/edit?hl=ru&mid=11whK37-L4CpVBCj0__dTiqW0fmHM7LA&ll=44.15750774118479%2C66.72508100000002&z=16"}, {"name": "Ссылка", "url": "https://docs.google.com/drawings/d/1slbZfuYy3ayg8zDzdNtaz2UI85_wp9NnLdzmaypC93I/edit"}, {"name": "Ссылка", "url": "https://drive.google.com/file/d/1hOzy5t0sa3G-mycOILLAdFpdZqbfRc9i/view?usp=sharing"}, {"name": "Фото", "url": "https://mymaps.usercontent.google.com/hostedimage/m/*/3AAjQbR7WajK6T713yN57tu8sl5TtidoZWN64OvbCOf3tf8ZEzwwIlWDTD2CWWXJ7jeGXwWIj5524xNnW6T3uGTRcCJ1KozYKpcfA_O7kV3M4da03LwBZ6qdHoEzCNep__mqds4MCpIbVl97TXueen93XbybsaJWCKklHFNtq4gC6JCbjayFb6nDovgQFV-lBUwO7q0OufyGmfncAoUngZResL1CLhMokjGw8w_Nvv3XOwnEWBx_iuA-jJzHUQ-I?authuser=0&fife=s16383"}], "source_folder": "Трансформаторные пункты"}}, {"type": "Feature", "geometry": {"type": "Point", "coordinates": [66.6840918, 44.1709631]}, "properties": {"id": "tp_0261", "name": "186 КТПН-10/0,4 кВ", "object_type": "tp", "voltage": "10/0,4 кВ", "parent_id": "feeder_0050", "fed_from": "Кызылту", "year": "2013", "power_kva": "160 кВА", "balance": "ШРЭС", "inventory_no": "2380", "length": null, "description": "Выполнен летний замер нагрузок ТП, КТП(Н), КТПБ-10/0,4 кВ по Шиелииской РЭС на 2026 год", "links": [{"name": "По опорная схема", "url": "https://drive.google.com/file/d/1IKpaHTOpPqTwDT28dQSRLghZHvsmpjOn/view?usp=sharing"}, {"name": "Фото", "url": "https://mymaps.usercontent.google.com/hostedimage/m/*/3AAjQbR5lKB-TpOQUh_gT1eu6Ddv6LpWrchl3dR4RIEFIv-7DumFhMNkHy0cz-JTbY7Ddtp6F8xX81J0sZledtzYKpWF5T4Ig-ECWjrN7WudDk7PX7kYSV-JU39wyq7n8__9Qu-JQzfWiEU0aSTEHvukVatg0bP5Ue91vhnq3ns5QBpvXyGunv3MMneLQBfxYJOixql6LtZJT9fuBD59kA74oMOnWMsuE6aO4nuEN4ZX603HGn5Pqmn1ExvQgqeI?authuser=0&fife=s16383"}], "source_folder": "Трансформаторные пункты"}}, {"type": "Feature", "geometry": {"type": "Point", "coordinates": [66.7353962, 44.2152963]}, "properties": {"id": "tp_0262", "name": "772 КТПН-10/0,4 кВ", "object_type": "tp", "voltage": "10/0,4 кВ", "parent_id": "feeder_0004", "fed_from": "Ленин", "year": null, "power_kva": null, "balance": null, "inventory_no": null, "length": null, "description": null, "links": [{"name": "По опорная схема", "url": "https://drive.google.com/file/d/1l3p3M3zqAxRqzl4DiAcLHjqX_abdQxyn/view?usp=sharing"}], "source_folder": "Трансформаторные пункты"}}, {"type": "Feature", "geometry": {"type": "Point", "coordinates": [66.7444011, 44.2250621]}, "properties": {"id": "tp_0263", "name": "372 КТПН-10/0,4 кВ", "object_type": "tp", "voltage": "10/0,4 кВ", "parent_id": "feeder_0004", "fed_from": "Ленин", "year": null, "power_kva": "250 кВА", "balance": null, "inventory_no": null, "length": null, "description": null, "links": [{"name": "По опорная схема", "url": "https://drive.google.com/file/d/16cJCp9kJ42WsYZfyNlFS9wiR-dkN5dfH/view?usp=sharing"}], "source_folder": "Трансформаторные пункты"}}, {"type": "Feature", "geometry": {"type": "Point", "coordinates": [66.7862116, 44.1928223]}, "properties": {"id": "tp_0264", "name": "494 КТПН-10/0,4 кВ", "object_type": "tp", "voltage": "10/0,4 кВ", "parent_id": "feeder_0030", "fed_from": "Коммунизм", "year": null, "power_kva": "160", "balance": null, "inventory_no": null, "length": null, "description": null, "links": [{"name": "По опорная схема", "url": "https://drive.google.com/file/d/1XAA_pLddLOOcu61xsB_uR-EBFOIfVyhq/view?usp=sharing"}], "source_folder": "Трансформаторные пункты"}}, {"type": "Feature", "geometry": {"type": "Point", "coordinates": [66.8203589, 44.1787345]}, "properties": {"id": "tp_0265", "name": "796 КТПН-10/0,4 кВ", "object_type": "tp", "voltage": "10/0,4 кВ", "parent_id": "feeder_0031", "fed_from": "Тонкерыс", "year": null, "power_kva": "250", "balance": null, "inventory_no": null, "length": null, "description": null, "links": [{"name": "По опорная схема", "url": "https://drive.google.com/file/d/1acMEthzVA2Ti0abM7ZGZRZpsRySHXL1G/view?usp=sharing"}], "source_folder": "Трансформаторные пункты"}}, {"type": "Feature", "geometry": {"type": "Point", "coordinates": [66.8089305, 44.1748547]}, "properties": {"id": "tp_0266", "name": "794 КТП-10/0,4 кВ", "object_type": "tp", "voltage": "10/0,4 кВ", "parent_id": "feeder_0031", "fed_from": "Тонкерыс", "year": null, "power_kva": "400 кВА", "balance": null, "inventory_no": null, "length": null, "description": null, "links": [{"name": "По опорная схема", "url": "https://drive.google.com/file/d/14utbihiNd9BbVIu0WjSiyqFIR7JY7AXt/view?usp=sharing"}], "source_folder": "Трансформаторные пункты"}}, {"type": "Feature", "geometry": {"type": "Point", "coordinates": [66.8110036, 44.173785]}, "properties": {"id": "tp_0267", "name": "793 КТПН-10/0,4 кВ", "object_type": "tp", "voltage": "10/0,4 кВ", "parent_id": "feeder_0031", "fed_from": "Тонкерыс", "year": null, "power_kva": "250 кВА", "balance": null, "inventory_no": null, "length": null, "description": null, "links": [{"name": "По опорная схема", "url": "https://drive.google.com/file/d/1iIe1iAGOYouB89UhKDg3eSdOOte_ui6Q/view?usp=sharing"}], "source_folder": "Трансформаторные пункты"}}, {"type": "Feature", "geometry": {"type": "Point", "coordinates": [66.8189306, 44.1677247]}, "properties": {"id": "tp_0268", "name": "273 КТПН-10/0,4 кВ", "object_type": "tp", "voltage": "10/0,4 кВ", "parent_id": "feeder_0031", "fed_from": "Тонкерыс", "year": null, "power_kva": "100", "balance": null, "inventory_no": null, "length": null, "description": null, "links": [{"name": "По опорная схема", "url": "https://drive.google.com/file/d/1XjI76YlsbiQStxzmgiQEt2550EUfDgX_/view?usp=sharing"}], "source_folder": "Трансформаторные пункты"}}, {"type": "Feature", "geometry": {"type": "Point", "coordinates": [66.7005903, 44.1797167]}, "properties": {"id": "tp_0269", "name": "800 КТПН-10/0,4 кВ", "object_type": "tp", "voltage": "10/0,4 кВ", "parent_id": "feeder_0050", "fed_from": "Кызылту", "year": null, "power_kva": "250 кВА", "balance": null, "inventory_no": null, "length": null, "description": "Выполнен летний замер нагрузок ТП, КТП(Н), КТПБ-10/0,4 кВ по Шиелииской РЭС на 2026 год", "links": [{"name": "По опорная схема", "url": "https://drive.google.com/file/d/1pNPSgLJOhE61-psJ2vVpCBZvxAxvNUsg/view?usp=sharing"}, {"name": "Фото 1", "url": "https://mymaps.usercontent.google.com/hostedimage/m/*/3AAjQbR6p3ouhM3JRuXIMfdjv_GmGVbDeXjic2JRE9P7s17Fok3aqdVHorcfwxph3OJfEv1xa2Y1BZ9u2bnWyWYk7T06fDu8Oxep8iQ4exkIL0U_EKgSd8JT27nmx9DqR2P5YkgmbyG79ZLXxjf_Ler2E6KWn_jr0sgqTJCVHDBIWybmIFDwWok8ItnD-QDqVGBVuHbG72cRQZIKNEIxL8AaVEEAjy0WyY9E8cwIfMavSxC2UmRYaeVQo2auIrZ0?authuser=0&fife=s16383"}, {"name": "Фото 2", "url": "https://mymaps.usercontent.google.com/hostedimage/m/*/3AAjQbR4C2kbjCT4oX_eYT0dB_TXhxFLud_3l4gGK-Crc0yOgGKp4XrFDw12VgNv7iJiDj9cS2Wtc4mhxNeB8PCyOdMUv0ZEPWT6dmBH3ESn_yxV2mpRBJFfEkB0O1TnWjHmdjketswVdtnp05Omc-ylcDJDfETnjRq4leD1x5BgzlbrODnE1snivx443sAXcegpvBlAW-PJhdV9JOMLB4-PNrqH1jd-B6gqBJWXLGX69YP-IervZSlJw1rkdwNU?authuser=0&fife=s16383"}], "source_folder": "Трансформаторные пункты"}}, {"type": "Feature", "geometry": {"type": "Point", "coordinates": [66.7333367, 44.1686226]}, "properties": {"id": "tp_0270", "name": "308 КТПБ-10/0,4 кВ", "object_type": "tp", "voltage": "10/0,4 кВ", "parent_id": null, "fed_from": null, "year": null, "power_kva": "250", "balance": null, "inventory_no": null, "length": null, "description": null, "links": [{"name": "По опорная схема", "url": "https://drive.google.com/file/d/1QD6x4HM6JlKfydToPrlEFzo83rfuYRiH/view?usp=sharing"}], "source_folder": "Трансформаторные пункты"}}, {"type": "Feature", "geometry": {"type": "Point", "coordinates": [66.8075224, 44.1749566]}, "properties": {"id": "tp_0271", "name": "795 КТПН-10/0,4 кВ", "object_type": "tp", "voltage": "10/0,4 кВ", "parent_id": "feeder_0031", "fed_from": "Тонкерыс", "year": null, "power_kva": "100", "balance": null, "inventory_no": null, "length": null, "description": null, "links": [{"name": "По опорная схема", "url": "https://drive.google.com/file/d/16HnRbPYUx4PWcCHL1bZP4D-pCf5eKOyJ/view?usp=sharing"}], "source_folder": "Трансформаторные пункты"}}, {"type": "Feature", "geometry": {"type": "Point", "coordinates": [66.6953553, 44.1806554]}, "properties": {"id": "tp_0272", "name": "780 КТПН-10/0,4 кВ", "object_type": "tp", "voltage": "10/0,4 кВ", "parent_id": "feeder_0041", "fed_from": "Жахаев", "year": "2016", "power_kva": "630 кВА", "balance": "ШРЭС", "inventory_no": null, "length": null, "description": null, "links": [{"name": "По опорная схема", "url": "https://drive.google.com/file/d/1LJfei0BvyaS7l58S9nhzyKMTaISwyJEF/view?usp=sharing"}, {"name": "Фото", "url": "https://mymaps.usercontent.google.com/hostedimage/m/*/3AAjQbR6DtyxQxsZTYrI2KB6HrWCxs3oeCFxrd5sZXgdXtMdy-9M1VPEneL4RAAJ_pjfrqlx49MGaiXt3iZBYzDbF5W3Xz-KRJ2LWFAshGUKiMJFVG-C2jN7gGjjAcAcKai2uY7V4mob6sVwqBv6fKn3uPLk5qFZ-BFOvAP_-68sQtlofQuGX7iZcPpU2w-oRfDoiBYMcU8xQGnYASCrS4iEwgORRMzGOL6opGIc_8WgEbFMfWQp_N9Txvnx7USw?authuser=0&fife=s16383"}], "source_folder": "Трансформаторные пункты"}}, {"type": "Feature", "geometry": {"type": "Point", "coordinates": [66.6871879, 44.1817624]}, "properties": {"id": "tp_0273", "name": "781 КТПН-10/0,4 кВ", "object_type": "tp", "voltage": "10/0,4 кВ", "parent_id": "feeder_0041", "fed_from": "ф.Жахаев", "year": "2016", "power_kva": "400 кВА", "balance": "ШРЭС", "inventory_no": null, "length": null, "description": "8356233", "links": [{"name": "По опорная схема", "url": "https://drive.google.com/file/d/154zQ7hL4qtHm1ATqM2G0c2nPG-5lCcca/view?usp=sharing"}, {"name": "Фото", "url": "https://mymaps.usercontent.google.com/hostedimage/m/*/3AAjQbR6XGPcPLULnqOStysoguyTGw8nwJlA3KwgKlN7vphG7Wtd8nRJVuMfXZoa4VokuxhWgpvI906qoTp9irp1NeGp9PVxuUGuEGI7OJbYg1Fi5_rpoOpV3mk9vw_qvVUBNWnjCpCeOBQbbmoSy7TwbGZECCjzwbPyL3NFcH_My4Q2jpbobIN7ZAPPjhz8ZF6CRiJh6xK7KZjfuRCD0qiSO6da65yBCLhxZmEdshiEUibJ446FCSiRt2HGdqzs?authuser=0&fife=s16383"}], "source_folder": "Трансформаторные пункты"}}, {"type": "Feature", "geometry": {"type": "Point", "coordinates": [66.6960605, 44.1431055]}, "properties": {"id": "tp_0274", "name": "492 КТП-10/0,4 кВ", "object_type": "tp", "voltage": "10/0,4 кВ", "parent_id": "feeder_0043", "fed_from": "Береке-2", "year": null, "power_kva": "160", "balance": null, "inventory_no": null, "length": null, "description": null, "links": [{"name": "По опорная схема", "url": "https://drive.google.com/file/d/1fMZrXHPpCpE4ntNRePAAFc1q4XijR5or/view?usp=sharing"}], "source_folder": "Трансформаторные пункты"}}, {"type": "Feature", "geometry": {"type": "Point", "coordinates": [66.7380131, 44.1333965]}, "properties": {"id": "tp_0275", "name": "259 КТП-10/0,4 кВ", "object_type": "tp", "voltage": "10/0,4 кВ", "parent_id": "feeder_0025", "fed_from": "Бейбытшылык", "year": null, "power_kva": "100", "balance": null, "inventory_no": null, "length": null, "description": null, "links": [{"name": "По опорная схема", "url": "https://drive.google.com/file/d/1IomCW5GKkdIwmLRBKpCUciPY7R7dOG_z/view?usp=sharing"}, {"name": "Паспорт", "url": "https://drive.google.com/open?id=1MG8WB33kNihq4vfNpnpNhlyHx8gTiP_A&usp=drive_copy"}], "source_folder": "Трансформаторные пункты"}}, {"type": "Feature", "geometry": {"type": "Point", "coordinates": [66.7119779, 44.1760094]}, "properties": {"id": "tp_0276", "name": "150 КТПН-10/0,4 кВ", "object_type": "tp", "voltage": "10/0,4 кВ", "parent_id": "feeder_0049", "fed_from": "Аэропорт", "year": null, "power_kva": "100 кВА", "balance": "ШРЭС", "inventory_no": null, "length": null, "description": "Выполнен летний замер нагрузок ТП, КТП(Н), КТПБ-10/0,4 кВ по Шиелииской РЭС на 2026 год", "links": [{"name": "По опорная схема", "url": "https://drive.google.com/file/d/1aPhHnSzlZUxYIXA_54ttY0Jl69mVU66n/view?usp=sharing"}, {"name": "Ссылка", "url": "https://drive.google.com/file/d/1y4K55AMN7mXisiEopsSA7QoL-uIRIJyB/view?usp=sharing"}, {"name": "Фото 1", "url": "https://mymaps.usercontent.google.com/hostedimage/m/*/3AAjQbR7FSPLyS-1MYlOG0hO3yT73tB5RFdPsbMpFRhkwXUXAW6wX1jbrALNoZ2LM7lcUjeyFc3jk3pXbITuHFWKAJd5rb_wpr8EtXjAgWzxu8W09wZOTIbQcQsOmHV_OTuHA-lTYbYYM-vPG2roDrlPHaSQZRg-ZXsZOG7m_Z0g08ujHLN4LPp2ThrjqdHEcu5bNCrwN27zddLVeAshU90vkyGy0-03MHbThhAUiaDHZC5Vuxo9ACOUirilD4iU?authuser=0&fife=s16383"}, {"name": "Фото 2", "url": "https://mymaps.usercontent.google.com/hostedimage/m/*/3AAjQbR794-US1rSuvmHVQgfba1pqQBLsf1dkVxqW6KUldPL4q1Uhzh2LOQuslRckN7tr8phisKOisVTsZtBqFTiQOKqUnO5Wrlqn-DYPMwJg6XyxFLLkbTDLxNCFWuKLRo4w-Dbno46uFWWQTL3TPNVVQ08VqhTPI9ix6GBQuoym6Gzb75Q3pFbAPJaYW37FeL1hFEje8A7c_JsRSZFi9E99iKuIeqyYphRAN-W6THC_33aVjITcKTwkT9wzzwE?authuser=0&fife=s16383"}], "source_folder": "Трансформаторные пункты"}}, {"type": "Feature", "geometry": {"type": "Point", "coordinates": [66.7245556, 44.1767207]}, "properties": {"id": "tp_0277", "name": "77 КТПН-10/0,4 кВ", "object_type": "tp", "voltage": "10/0,4 кВ", "parent_id": "feeder_0070", "fed_from": "Райцентр", "year": null, "power_kva": "160 кВА", "balance": "ШРЭС", "inventory_no": null, "length": null, "description": "Выполнен летний замер нагрузок ТП, КТП(Н), КТПБ-10/0,4 кВ по Шиелииской РЭС на 2026 год", "links": [{"name": "По опорная схема", "url": "https://drive.google.com/file/d/1ibyvepnDD1gb_moK4OVyDfkIz-Yv_Y9x/view?usp=sharing"}], "source_folder": "Трансформаторные пункты"}}, {"type": "Feature", "geometry": {"type": "Point", "coordinates": [66.6946894, 44.1740658]}, "properties": {"id": "tp_0278", "name": "283 ТП-10/0,4 кВ", "object_type": "tp", "voltage": "10/0,4 кВ", "parent_id": "feeder_0050", "fed_from": "Кызылту", "year": "1982", "power_kva": "100 кВА", "balance": "ШРЭС", "inventory_no": "9268", "length": null, "description": "Выполнен летний замер нагрузок ТП, КТП(Н), КТПБ-10/0,4 кВ по Шиелииской РЭС на 2026 год", "links": [{"name": "По опорная схема (2лист)", "url": "https://drive.google.com/file/d/1A0m6-HdISmjCJSX7gYOGMuxKhDTA-DN1/view?usp=sharing"}, {"name": "Ссылка", "url": "https://drive.google.com/file/d/1Wt0Fecebfn7T_CoimZVGOrCX1BLbh6Om/view?usp=sharing"}, {"name": "Фото", "url": "https://mymaps.usercontent.google.com/hostedimage/m/*/3AAjQbR7Fnz8gNe3BvL6O5c5kwBrQaY2Nw3RM30YWdbQC6GCGj4u_4prVR2t74LVssKDds4tpifQ7gXBpzjQL9WYNOrLgcCvGyjGMPqAXrAiBDGCDj8ubLoWxF46WEyGSoimmUiFoLUZ0qAnJDU7rA0JE5CF9zPjM3d3cKCJL77OmZgB_Qug80X72dVL2fKi8jvfCZCxrg81W2Ew62xBIoTUe2X0EEbPA12CGy1Kaj0xHnDMQOKAShm4nmmXkrg4?authuser=0&fife=s16383"}], "source_folder": "Трансформаторные пункты"}}, {"type": "Feature", "geometry": {"type": "Point", "coordinates": [66.8114348, 44.1694225]}, "properties": {"id": "tp_0279", "name": "272 КТП-10/0,4 кВ", "object_type": "tp", "voltage": "10/0,4 кВ", "parent_id": "feeder_0031", "fed_from": "Тонкерыс", "year": null, "power_kva": "160", "balance": null, "inventory_no": null, "length": null, "description": null, "links": [{"name": "По опорная схема", "url": "https://drive.google.com/file/d/19dt40xB8y7DK8lKLtI8y_2eQAttGxaD6/view?usp=sharing"}], "source_folder": "Трансформаторные пункты"}}, {"type": "Feature", "geometry": {"type": "Point", "coordinates": [66.7290571, 44.1695858]}, "properties": {"id": "tp_0280", "name": "147 ТП-10/0,4 кВ", "object_type": "tp", "voltage": "10/0,4 кВ", "parent_id": "feeder_0043", "fed_from": "ф.Береке-2", "year": "1988", "power_kva": "400 кВА", "balance": "ШРЭС", "inventory_no": "12697", "length": null, "description": "L=2.68km", "links": [{"name": "По опорная схема", "url": "https://drive.google.com/file/d/1DDzpHUsqoHQ2OJCs7B9wt1lFG74-bozO/view?usp=sharing"}], "source_folder": "Трансформаторные пункты"}}, {"type": "Feature", "geometry": {"type": "Point", "coordinates": [66.6991466, 44.1470903]}, "properties": {"id": "tp_0281", "name": "137 КТПН-10/0,4 кВ", "object_type": "tp", "voltage": "10/0,4 кВ", "parent_id": null, "fed_from": null, "year": null, "power_kva": null, "balance": null, "inventory_no": null, "length": null, "description": null, "links": [{"name": "По опорная схема", "url": "https://drive.google.com/file/d/1PgZL-7b7e_tQc8oHc6ZFxGMSIrnVlheX/view?usp=sharing"}], "source_folder": "Трансформаторные пункты"}}, {"type": "Feature", "geometry": {"type": "Point", "coordinates": [66.8160487, 44.1732077]}, "properties": {"id": "tp_0282", "name": "000 КТП(Н)-10/0,4 кВ", "object_type": "tp", "voltage": "10/0,4 кВ", "parent_id": "feeder_0031", "fed_from": "Тонкерыс", "year": null, "power_kva": null, "balance": null, "inventory_no": null, "length": null, "description": null, "links": [], "source_folder": "Трансформаторные пункты"}}, {"type": "Feature", "geometry": {"type": "Point", "coordinates": [66.80611, 44.17547]}, "properties": {"id": "tp_0283", "name": "796 КТП(Н)-10/0,4 кВ", "object_type": "tp", "voltage": "10/0,4 кВ", "parent_id": "feeder_0031", "fed_from": "Тонкерыс", "year": null, "power_kva": "160", "balance": null, "inventory_no": null, "length": null, "description": null, "links": [], "source_folder": "Трансформаторные пункты"}}, {"type": "Feature", "geometry": {"type": "Point", "coordinates": [66.821, 44.17407]}, "properties": {"id": "tp_0284", "name": "751 КТП(Н)-10/0,4 кВ", "object_type": "tp", "voltage": "10/0,4 кВ", "parent_id": "feeder_0031", "fed_from": "Тонкерыс", "year": null, "power_kva": "160", "balance": null, "inventory_no": null, "length": null, "description": null, "links": [], "source_folder": "Трансформаторные пункты"}}, {"type": "Feature", "geometry": {"type": "Point", "coordinates": [66.8054, 44.18882]}, "properties": {"id": "tp_0285", "name": "822 КТП(Н)-10/0,4 кВ", "object_type": "tp", "voltage": "10/0,4 кВ", "parent_id": "feeder_0031", "fed_from": "Тонкерыс", "year": null, "power_kva": "630 кВА", "balance": null, "inventory_no": null, "length": null, "description": "Летний замер 2026", "links": [], "source_folder": "Трансформаторные пункты"}}, {"type": "Feature", "geometry": {"type": "Point", "coordinates": [66.81444, 44.16864]}, "properties": {"id": "tp_0286", "name": "198 КТП(Н)-10/0,4 кВ", "object_type": "tp", "voltage": "10/0,4 кВ", "parent_id": "feeder_0031", "fed_from": "Тонкерыс", "year": null, "power_kva": "250 кВА", "balance": null, "inventory_no": null, "length": null, "description": null, "links": [], "source_folder": "Трансформаторные пункты"}}, {"type": "Feature", "geometry": {"type": "Point", "coordinates": [66.81534, 44.16815]}, "properties": {"id": "tp_0287", "name": "802 КТП(Н)-10/0,4 кВ", "object_type": "tp", "voltage": "10/0,4 кВ", "parent_id": "feeder_0031", "fed_from": "Тонкерыс", "year": null, "power_kva": "25", "balance": null, "inventory_no": null, "length": null, "description": null, "links": [], "source_folder": "Трансформаторные пункты"}}, {"type": "Feature", "geometry": {"type": "Point", "coordinates": [66.81514, 44.16785]}, "properties": {"id": "tp_0288", "name": "000 КТП(Н)-10/0,4 кВ", "object_type": "tp", "voltage": "10/0,4 кВ", "parent_id": "feeder_0031", "fed_from": "Тонкерыс", "year": null, "power_kva": null, "balance": null, "inventory_no": null, "length": null, "description": null, "links": [], "source_folder": "Трансформаторные пункты"}}, {"type": "Feature", "geometry": {"type": "Point", "coordinates": [66.82099, 44.16165]}, "properties": {"id": "tp_0289", "name": "198 КТП(Н)-10/0,4 кВ", "object_type": "tp", "voltage": "10/0,4 кВ", "parent_id": "feeder_0031", "fed_from": "Тонкерыс", "year": null, "power_kva": "250 кВА", "balance": null, "inventory_no": null, "length": null, "description": null, "links": [], "source_folder": "Трансформаторные пункты"}}, {"type": "Feature", "geometry": {"type": "Point", "coordinates": [66.81426, 44.16027]}, "properties": {"id": "tp_0290", "name": "748 КТП(Н)-10/0,4 кВ", "object_type": "tp", "voltage": "10/0,4 кВ", "parent_id": "feeder_0031", "fed_from": "Тонкерыс", "year": null, "power_kva": "160", "balance": null, "inventory_no": null, "length": null, "description": null, "links": [], "source_folder": "Трансформаторные пункты"}}, {"type": "Feature", "geometry": {"type": "Point", "coordinates": [66.81618, 44.15654]}, "properties": {"id": "tp_0291", "name": "272 КТП(Н)-10/0,4 кВ", "object_type": "tp", "voltage": "10/0,4 кВ", "parent_id": "feeder_0031", "fed_from": "Тонкерыс", "year": null, "power_kva": "160", "balance": null, "inventory_no": null, "length": null, "description": null, "links": [], "source_folder": "Трансформаторные пункты"}}, {"type": "Feature", "geometry": {"type": "Point", "coordinates": [66.7924351, 44.1540537]}, "properties": {"id": "tp_0292", "name": "000 КТП(Н)-10/0,4 кВ", "object_type": "tp", "voltage": "10/0,4 кВ", "parent_id": null, "fed_from": null, "year": null, "power_kva": null, "balance": null, "inventory_no": null, "length": null, "description": null, "links": [], "source_folder": "Трансформаторные пункты"}}, {"type": "Feature", "geometry": {"type": "Point", "coordinates": [66.79085, 44.15418]}, "properties": {"id": "tp_0293", "name": "000 КТП(Н)-10/0,4 кВ", "object_type": "tp", "voltage": "10/0,4 кВ", "parent_id": null, "fed_from": null, "year": null, "power_kva": null, "balance": null, "inventory_no": null, "length": null, "description": null, "links": [], "source_folder": "Трансформаторные пункты"}}, {"type": "Feature", "geometry": {"type": "Point", "coordinates": [66.78972, 44.15356]}, "properties": {"id": "tp_0294", "name": "000 КТП(Н)-10/0,4 кВ", "object_type": "tp", "voltage": "10/0,4 кВ", "parent_id": null, "fed_from": null, "year": null, "power_kva": null, "balance": null, "inventory_no": null, "length": null, "description": null, "links": [], "source_folder": "Трансформаторные пункты"}}, {"type": "Feature", "geometry": {"type": "Point", "coordinates": [66.79129, 44.15117]}, "properties": {"id": "tp_0295", "name": "000 КТП(Н)-10/0,4 кВ", "object_type": "tp", "voltage": "10/0,4 кВ", "parent_id": null, "fed_from": null, "year": null, "power_kva": null, "balance": null, "inventory_no": null, "length": null, "description": null, "links": [], "source_folder": "Трансформаторные пункты"}}, {"type": "Feature", "geometry": {"type": "Point", "coordinates": [66.79301, 44.15001]}, "properties": {"id": "tp_0296", "name": "000 КТП(Н)-10/0,4 кВ", "object_type": "tp", "voltage": "10/0,4 кВ", "parent_id": null, "fed_from": null, "year": null, "power_kva": null, "balance": null, "inventory_no": null, "length": null, "description": null, "links": [], "source_folder": "Трансформаторные пункты"}}, {"type": "Feature", "geometry": {"type": "Point", "coordinates": [66.79508, 44.15045]}, "properties": {"id": "tp_0297", "name": "000 КТП(Н)-10/0,4 кВ", "object_type": "tp", "voltage": "10/0,4 кВ", "parent_id": null, "fed_from": null, "year": null, "power_kva": null, "balance": null, "inventory_no": null, "length": null, "description": null, "links": [], "source_folder": "Трансформаторные пункты"}}, {"type": "Feature", "geometry": {"type": "Point", "coordinates": [66.72515, 44.2142122]}, "properties": {"id": "tp_0298", "name": "875 КТП(Н)-10/0,4 кВ", "object_type": "tp", "voltage": "10/0,4 кВ", "parent_id": "feeder_0004", "fed_from": "Ленин", "year": null, "power_kva": "250 кВА", "balance": null, "inventory_no": null, "length": null, "description": null, "links": [], "source_folder": "Трансформаторные пункты"}}, {"type": "Feature", "geometry": {"type": "Point", "coordinates": [66.7377159, 44.2103129]}, "properties": {"id": "tp_0299", "name": "688 КТП(Н)-10/0,4 кВ", "object_type": "tp", "voltage": "10/0,4 кВ", "parent_id": "feeder_0004", "fed_from": "Ленин", "year": null, "power_kva": "63", "balance": null, "inventory_no": null, "length": null, "description": null, "links": [], "source_folder": "Трансформаторные пункты"}}, {"type": "Feature", "geometry": {"type": "Point", "coordinates": [66.722433, 44.2819706]}, "properties": {"id": "tp_0300", "name": "000 КТП(Н)-10/0,4 кВ", "object_type": "tp", "voltage": "10/0,4 кВ", "parent_id": "feeder_0004", "fed_from": "Ленин", "year": null, "power_kva": null, "balance": null, "inventory_no": null, "length": null, "description": null, "links": [], "source_folder": "Трансформаторные пункты"}}, {"type": "Feature", "geometry": {"type": "Point", "coordinates": [66.77522, 44.19379]}, "properties": {"id": "tp_0301", "name": "325 КТП(Н)-10/0,4 кВ", "object_type": "tp", "voltage": "10/0,4 кВ", "parent_id": "feeder_0030", "fed_from": "Коммунизм", "year": null, "power_kva": "250 кВА", "balance": null, "inventory_no": null, "length": null, "description": "Выполнен летний замер нагрузок ТП, КТП(Н), КТПБ-10/0,4 кВ по Шиелииской РЭС на 2026 год", "links": [], "source_folder": "Трансформаторные пункты"}}, {"type": "Feature", "geometry": {"type": "Point", "coordinates": [66.77469, 44.19178]}, "properties": {"id": "tp_0302", "name": "523 КТП(Н)-10/0,4 кВ", "object_type": "tp", "voltage": "10/0,4 кВ", "parent_id": "feeder_0030", "fed_from": "Коммунизм", "year": null, "power_kva": "63", "balance": null, "inventory_no": null, "length": null, "description": null, "links": [], "source_folder": "Трансформаторные пункты"}}, {"type": "Feature", "geometry": {"type": "Point", "coordinates": [66.78091, 44.19124]}, "properties": {"id": "tp_0303", "name": "311 КТП(Н)-10/0,4 кВ", "object_type": "tp", "voltage": "10/0,4 кВ", "parent_id": "feeder_0030", "fed_from": "Коммунизм", "year": null, "power_kva": "100", "balance": null, "inventory_no": null, "length": null, "description": null, "links": [], "source_folder": "Трансформаторные пункты"}}, {"type": "Feature", "geometry": {"type": "Point", "coordinates": [66.7835527, 44.1906987]}, "properties": {"id": "tp_0304", "name": "324 КТП(Н)-10/0,4 кВ", "object_type": "tp", "voltage": "10/0,4 кВ", "parent_id": "feeder_0030", "fed_from": "Коммунизм", "year": null, "power_kva": "63", "balance": null, "inventory_no": null, "length": null, "description": null, "links": [], "source_folder": "Трансформаторные пункты"}}, {"type": "Feature", "geometry": {"type": "Point", "coordinates": [66.78334, 44.19233]}, "properties": {"id": "tp_0305", "name": "839 КТП(Н)-10/0,4 кВ", "object_type": "tp", "voltage": "10/0,4 кВ", "parent_id": "feeder_0030", "fed_from": "Коммунизм", "year": null, "power_kva": "100", "balance": null, "inventory_no": null, "length": null, "description": null, "links": [], "source_folder": "Трансформаторные пункты"}}, {"type": "Feature", "geometry": {"type": "Point", "coordinates": [66.79105, 44.19181]}, "properties": {"id": "tp_0306", "name": "326 КТП(Н)-10/0,4 кВ", "object_type": "tp", "voltage": "10/0,4 кВ", "parent_id": "feeder_0030", "fed_from": "Коммунизм", "year": null, "power_kva": "63", "balance": null, "inventory_no": null, "length": null, "description": null, "links": [], "source_folder": "Трансформаторные пункты"}}, {"type": "Feature", "geometry": {"type": "Point", "coordinates": [66.79248, 44.18717]}, "properties": {"id": "tp_0307", "name": "777 КТП(Н)-10/0,4 кВ", "object_type": "tp", "voltage": "10/0,4 кВ", "parent_id": "feeder_0030", "fed_from": "Коммунизм", "year": null, "power_kva": "160", "balance": null, "inventory_no": null, "length": null, "description": null, "links": [], "source_folder": "Трансформаторные пункты"}}, {"type": "Feature", "geometry": {"type": "Point", "coordinates": [66.78772, 44.1862]}, "properties": {"id": "tp_0308", "name": "109 КТП(Н)-10/0,4 кВ", "object_type": "tp", "voltage": "10/0,4 кВ", "parent_id": "feeder_0030", "fed_from": "Коммунизм", "year": null, "power_kva": "100", "balance": null, "inventory_no": null, "length": null, "description": null, "links": [], "source_folder": "Трансформаторные пункты"}}, {"type": "Feature", "geometry": {"type": "Point", "coordinates": [66.77337, 44.1905]}, "properties": {"id": "tp_0309", "name": "000 КТП(Н)-10/0,4 кВ", "object_type": "tp", "voltage": "10/0,4 кВ", "parent_id": "feeder_0047", "fed_from": "УП", "year": null, "power_kva": null, "balance": null, "inventory_no": null, "length": null, "description": null, "links": [], "source_folder": "Трансформаторные пункты"}}, {"type": "Feature", "geometry": {"type": "Point", "coordinates": [66.77829, 44.19758]}, "properties": {"id": "tp_0310", "name": "774 КТП(Н)-10/0,4 кВ", "object_type": "tp", "voltage": "10/0,4 кВ", "parent_id": "feeder_0029", "fed_from": "Иманкулов", "year": null, "power_kva": "250 кВА", "balance": null, "inventory_no": null, "length": null, "description": null, "links": [], "source_folder": "Трансформаторные пункты"}}, {"type": "Feature", "geometry": {"type": "Point", "coordinates": [66.76926, 44.18907]}, "properties": {"id": "tp_0311", "name": "776 КТП(Н)-10/0,4 кВ", "object_type": "tp", "voltage": "10/0,4 кВ", "parent_id": "feeder_0029", "fed_from": "Иманкулов", "year": null, "power_kva": "160", "balance": null, "inventory_no": null, "length": null, "description": null, "links": [], "source_folder": "Трансформаторные пункты"}}, {"type": "Feature", "geometry": {"type": "Point", "coordinates": [66.73917, 44.16707]}, "properties": {"id": "tp_0312", "name": "670 КТП(Н)-10/0,4 кВ", "object_type": "tp", "voltage": "10/0,4 кВ", "parent_id": null, "fed_from": null, "year": null, "power_kva": null, "balance": null, "inventory_no": null, "length": null, "description": null, "links": [], "source_folder": "Трансформаторные пункты"}}, {"type": "Feature", "geometry": {"type": "Point", "coordinates": [66.73903, 44.16706]}, "properties": {"id": "tp_0313", "name": "906 КТП(Н)-10/0,4 кВ", "object_type": "tp", "voltage": "10/0,4 кВ", "parent_id": null, "fed_from": null, "year": null, "power_kva": null, "balance": null, "inventory_no": null, "length": null, "description": null, "links": [], "source_folder": "Трансформаторные пункты"}}, {"type": "Feature", "geometry": {"type": "Point", "coordinates": [66.73972, 44.16812]}, "properties": {"id": "tp_0314", "name": "74 КТП(Н)-10/0,4 кВ", "object_type": "tp", "voltage": "10/0,4 кВ", "parent_id": null, "fed_from": null, "year": null, "power_kva": null, "balance": null, "inventory_no": null, "length": null, "description": null, "links": [], "source_folder": "Трансформаторные пункты"}}, {"type": "Feature", "geometry": {"type": "Point", "coordinates": [66.73792, 44.16834]}, "properties": {"id": "tp_0315", "name": "365 ТП-10/0,4 кВ", "object_type": "tp", "voltage": "10/0,4 кВ", "parent_id": null, "fed_from": null, "year": null, "power_kva": null, "balance": null, "inventory_no": null, "length": null, "description": null, "links": [], "source_folder": "Трансформаторные пункты"}}, {"type": "Feature", "geometry": {"type": "Point", "coordinates": [66.73688, 44.16843]}, "properties": {"id": "tp_0316", "name": "583 КТП-10/0,4 кВ", "object_type": "tp", "voltage": "10/0,4 кВ", "parent_id": null, "fed_from": null, "year": null, "power_kva": null, "balance": null, "inventory_no": null, "length": null, "description": null, "links": [], "source_folder": "Трансформаторные пункты"}}, {"type": "Feature", "geometry": {"type": "Point", "coordinates": [66.73663, 44.1684]}, "properties": {"id": "tp_0317", "name": "764 КТП(Н)-10/0,4 кВ", "object_type": "tp", "voltage": "10/0,4 кВ", "parent_id": null, "fed_from": null, "year": null, "power_kva": null, "balance": null, "inventory_no": null, "length": null, "description": null, "links": [], "source_folder": "Трансформаторные пункты"}}, {"type": "Feature", "geometry": {"type": "Point", "coordinates": [66.73617, 44.17065]}, "properties": {"id": "tp_0318", "name": "000 КТП(Н)-10/0,4 кВ", "object_type": "tp", "voltage": "10/0,4 кВ", "parent_id": "feeder_0036", "fed_from": "Реалбаза", "year": null, "power_kva": null, "balance": null, "inventory_no": null, "length": null, "description": null, "links": [], "source_folder": "Трансформаторные пункты"}}, {"type": "Feature", "geometry": {"type": "Point", "coordinates": [66.73562, 44.16956]}, "properties": {"id": "tp_0319", "name": "762 КТП(Н)-10/0,4 кВ", "object_type": "tp", "voltage": "10/0,4 кВ", "parent_id": "feeder_0036", "fed_from": "Реалбаза", "year": null, "power_kva": null, "balance": null, "inventory_no": null, "length": null, "description": null, "links": [], "source_folder": "Трансформаторные пункты"}}, {"type": "Feature", "geometry": {"type": "Point", "coordinates": [66.73519, 44.1698]}, "properties": {"id": "tp_0320", "name": "830 КТП(Н)-10/0,4 кВ", "object_type": "tp", "voltage": "10/0,4 кВ", "parent_id": "feeder_0036", "fed_from": "Реалбаза", "year": null, "power_kva": null, "balance": null, "inventory_no": null, "length": null, "description": null, "links": [], "source_folder": "Трансформаторные пункты"}}, {"type": "Feature", "geometry": {"type": "Point", "coordinates": [66.73484, 44.16913]}, "properties": {"id": "tp_0321", "name": "397 КТП(Н)-10/0,4 кВ", "object_type": "tp", "voltage": "10/0,4 кВ", "parent_id": "feeder_0036", "fed_from": "Реалбаза", "year": null, "power_kva": null, "balance": null, "inventory_no": null, "length": null, "description": null, "links": [], "source_folder": "Трансформаторные пункты"}}, {"type": "Feature", "geometry": {"type": "Point", "coordinates": [66.73477, 44.16835]}, "properties": {"id": "tp_0322", "name": "199 КТП(Н)-10/0,4 кВ", "object_type": "tp", "voltage": "10/0,4 кВ", "parent_id": "feeder_0036", "fed_from": "Реалбаза", "year": null, "power_kva": null, "balance": null, "inventory_no": null, "length": null, "description": null, "links": [], "source_folder": "Трансформаторные пункты"}}, {"type": "Feature", "geometry": {"type": "Point", "coordinates": [66.733, 44.16895]}, "properties": {"id": "tp_0323", "name": "899 КТП(Н)-10/0,4 кВ", "object_type": "tp", "voltage": "10/0,4 кВ", "parent_id": "feeder_0036", "fed_from": "Реалбаза", "year": null, "power_kva": null, "balance": null, "inventory_no": null, "length": null, "description": null, "links": [], "source_folder": "Трансформаторные пункты"}}, {"type": "Feature", "geometry": {"type": "Point", "coordinates": [66.73252, 44.1687]}, "properties": {"id": "tp_0324", "name": "000 КТП(Н)-10/0,4 кВ", "object_type": "tp", "voltage": "10/0,4 кВ", "parent_id": null, "fed_from": null, "year": null, "power_kva": null, "balance": null, "inventory_no": null, "length": null, "description": null, "links": [], "source_folder": "Трансформаторные пункты"}}, {"type": "Feature", "geometry": {"type": "Point", "coordinates": [66.73297, 44.16859]}, "properties": {"id": "tp_0325", "name": "000 КТП(Н)-10/0,4 кВ", "object_type": "tp", "voltage": "10/0,4 кВ", "parent_id": null, "fed_from": null, "year": null, "power_kva": null, "balance": null, "inventory_no": null, "length": null, "description": null, "links": [], "source_folder": "Трансформаторные пункты"}}, {"type": "Feature", "geometry": {"type": "Point", "coordinates": [66.73374, 44.16745]}, "properties": {"id": "tp_0326", "name": "749 КТП(Н)-10/0,4 кВ", "object_type": "tp", "voltage": "10/0,4 кВ", "parent_id": "feeder_0036", "fed_from": "Реалбаза", "year": null, "power_kva": null, "balance": "Потребитель", "inventory_no": null, "length": null, "description": null, "links": [], "source_folder": "Трансформаторные пункты"}}, {"type": "Feature", "geometry": {"type": "Point", "coordinates": [66.73278, 44.16784]}, "properties": {"id": "tp_0327", "name": "660 КТП(Н)-10/0,4 кВ", "object_type": "tp", "voltage": "10/0,4 кВ", "parent_id": null, "fed_from": null, "year": null, "power_kva": null, "balance": null, "inventory_no": null, "length": null, "description": null, "links": [], "source_folder": "Трансформаторные пункты"}}, {"type": "Feature", "geometry": {"type": "Point", "coordinates": [66.73201, 44.16778]}, "properties": {"id": "tp_0328", "name": "664 КТП(Н)-10/0,4 кВ", "object_type": "tp", "voltage": "10/0,4 кВ", "parent_id": null, "fed_from": null, "year": null, "power_kva": null, "balance": null, "inventory_no": null, "length": null, "description": null, "links": [], "source_folder": "Трансформаторные пункты"}}, {"type": "Feature", "geometry": {"type": "Point", "coordinates": [66.79276, 44.19183]}, "properties": {"id": "tp_0329", "name": "000 КТП(Н)-10/0,4 кВ", "object_type": "tp", "voltage": "10/0,4 кВ", "parent_id": null, "fed_from": null, "year": null, "power_kva": null, "balance": null, "inventory_no": null, "length": null, "description": null, "links": [], "source_folder": "Трансформаторные пункты"}}, {"type": "Feature", "geometry": {"type": "Point", "coordinates": [66.79355, 44.18567]}, "properties": {"id": "tp_0330", "name": "000 КТП(Н)-10/0,4 кВ", "object_type": "tp", "voltage": "10/0,4 кВ", "parent_id": null, "fed_from": null, "year": null, "power_kva": null, "balance": null, "inventory_no": null, "length": null, "description": null, "links": [], "source_folder": "Трансформаторные пункты"}}, {"type": "Feature", "geometry": {"type": "Point", "coordinates": [66.79219, 44.17131]}, "properties": {"id": "tp_0331", "name": "000 КТП(Н)-10/0,4 кВ", "object_type": "tp", "voltage": "10/0,4 кВ", "parent_id": null, "fed_from": null, "year": null, "power_kva": null, "balance": null, "inventory_no": null, "length": null, "description": null, "links": [], "source_folder": "Трансформаторные пункты"}}, {"type": "Feature", "geometry": {"type": "Point", "coordinates": [66.7783272, 44.1987889]}, "properties": {"id": "tp_0332", "name": "000 КТП(Н)-10/0,4 кВ", "object_type": "tp", "voltage": "10/0,4 кВ", "parent_id": null, "fed_from": null, "year": null, "power_kva": null, "balance": null, "inventory_no": null, "length": null, "description": null, "links": [], "source_folder": "Трансформаторные пункты"}}, {"type": "Feature", "geometry": {"type": "Point", "coordinates": [66.80932, 44.14297]}, "properties": {"id": "tp_0333", "name": "000 КТП(Н)-10/0,4 кВ", "object_type": "tp", "voltage": "10/0,4 кВ", "parent_id": null, "fed_from": null, "year": null, "power_kva": null, "balance": null, "inventory_no": null, "length": null, "description": null, "links": [], "source_folder": "Трансформаторные пункты"}}, {"type": "Feature", "geometry": {"type": "Point", "coordinates": [66.8069425, 44.1639359]}, "properties": {"id": "tp_0334", "name": "000 КТП(Н)-10/0,4 кВ", "object_type": "tp", "voltage": "10/0,4 кВ", "parent_id": null, "fed_from": null, "year": null, "power_kva": null, "balance": null, "inventory_no": null, "length": null, "description": null, "links": [], "source_folder": "Трансформаторные пункты"}}, {"type": "Feature", "geometry": {"type": "Point", "coordinates": [66.8872217, 44.1377146]}, "properties": {"id": "tp_0335", "name": "000 КТП(Н)-10/0,4 кВ", "object_type": "tp", "voltage": "10/0,4 кВ", "parent_id": null, "fed_from": null, "year": null, "power_kva": null, "balance": null, "inventory_no": null, "length": null, "description": null, "links": [], "source_folder": "Трансформаторные пункты"}}, {"type": "Feature", "geometry": {"type": "Point", "coordinates": [66.81496, 44.13106]}, "properties": {"id": "tp_0336", "name": "000 КТП(Н)-10/0,4 кВ", "object_type": "tp", "voltage": "10/0,4 кВ", "parent_id": null, "fed_from": null, "year": null, "power_kva": null, "balance": null, "inventory_no": null, "length": null, "description": null, "links": [], "source_folder": "Трансформаторные пункты"}}, {"type": "Feature", "geometry": {"type": "Point", "coordinates": [66.79261, 44.14007]}, "properties": {"id": "tp_0337", "name": "000 КТП(Н)-10/0,4 кВ", "object_type": "tp", "voltage": "10/0,4 кВ", "parent_id": null, "fed_from": null, "year": null, "power_kva": null, "balance": null, "inventory_no": null, "length": null, "description": null, "links": [], "source_folder": "Трансформаторные пункты"}}, {"type": "Feature", "geometry": {"type": "Point", "coordinates": [66.78049, 44.15082]}, "properties": {"id": "tp_0338", "name": "000 КТП(Н)-10/0,4 кВ", "object_type": "tp", "voltage": "10/0,4 кВ", "parent_id": null, "fed_from": null, "year": null, "power_kva": null, "balance": null, "inventory_no": null, "length": null, "description": null, "links": [], "source_folder": "Трансформаторные пункты"}}, {"type": "Feature", "geometry": {"type": "Point", "coordinates": [66.77379, 44.15021]}, "properties": {"id": "tp_0339", "name": "000 КТП(Н)-10/0,4 кВ", "object_type": "tp", "voltage": "10/0,4 кВ", "parent_id": null, "fed_from": null, "year": null, "power_kva": null, "balance": null, "inventory_no": null, "length": null, "description": null, "links": [], "source_folder": "Трансформаторные пункты"}}, {"type": "Feature", "geometry": {"type": "Point", "coordinates": [66.76442, 44.15605]}, "properties": {"id": "tp_0340", "name": "000 КТП(Н)-10/0,4 кВ", "object_type": "tp", "voltage": "10/0,4 кВ", "parent_id": null, "fed_from": null, "year": null, "power_kva": null, "balance": null, "inventory_no": null, "length": null, "description": null, "links": [], "source_folder": "Трансформаторные пункты"}}, {"type": "Feature", "geometry": {"type": "Point", "coordinates": [66.75833, 44.15839]}, "properties": {"id": "tp_0341", "name": "000 КТП(Н)-10/0,4 кВ", "object_type": "tp", "voltage": "10/0,4 кВ", "parent_id": null, "fed_from": null, "year": null, "power_kva": null, "balance": null, "inventory_no": null, "length": null, "description": null, "links": [], "source_folder": "Трансформаторные пункты"}}, {"type": "Feature", "geometry": {"type": "Point", "coordinates": [66.75415, 44.1547]}, "properties": {"id": "tp_0342", "name": "801 КТПН-10/0,4 кВ", "object_type": "tp", "voltage": "10/0,4 кВ", "parent_id": "feeder_0006", "fed_from": "Разьезд", "year": null, "power_kva": null, "balance": null, "inventory_no": null, "length": null, "description": null, "links": [], "source_folder": "Трансформаторные пункты"}}, {"type": "Feature", "geometry": {"type": "Point", "coordinates": [66.7608583, 44.1801675]}, "properties": {"id": "tp_0343", "name": "422 КТП(Н)-10/0,4 кВ", "object_type": "tp", "voltage": "10/0,4 кВ", "parent_id": "feeder_0030", "fed_from": "Коммунизм", "year": null, "power_kva": "100 кВА", "balance": null, "inventory_no": null, "length": null, "description": "Выполнен летний замер нагрузок ТП, КТП(Н), КТПБ-10/0,4 кВ по Шиелииской РЭС на 2026 год", "links": [], "source_folder": "Трансформаторные пункты"}}, {"type": "Feature", "geometry": {"type": "Point", "coordinates": [66.7622158, 44.185056]}, "properties": {"id": "tp_0344", "name": "191 КТПН-10/0,4 кВ", "object_type": "tp", "voltage": "10/0,4 кВ", "parent_id": "feeder_0030", "fed_from": "Коммунизм", "year": "2026", "power_kva": "63 кВА", "balance": "ЖКХ", "inventory_no": null, "length": null, "description": "Уличное освещение", "links": [], "source_folder": "Трансформаторные пункты"}}, {"type": "Feature", "geometry": {"type": "Point", "coordinates": [66.7595122, 44.1836905]}, "properties": {"id": "tp_0345", "name": "100 КТП(Н)-10/0,4 кВ", "object_type": "tp", "voltage": "10/0,4 кВ", "parent_id": null, "fed_from": null, "year": null, "power_kva": null, "balance": null, "inventory_no": null, "length": null, "description": null, "links": [], "source_folder": "Трансформаторные пункты"}}, {"type": "Feature", "geometry": {"type": "Point", "coordinates": [66.7630865, 44.1881904]}, "properties": {"id": "tp_0346", "name": "98 КТП(Н)-10/0,4 кВ", "object_type": "tp", "voltage": "10/0,4 кВ", "parent_id": "feeder_0030", "fed_from": "Коммунизм", "year": null, "power_kva": "100", "balance": null, "inventory_no": null, "length": null, "description": null, "links": [], "source_folder": "Трансформаторные пункты"}}, {"type": "Feature", "geometry": {"type": "Point", "coordinates": [66.7276452, 44.18749]}, "properties": {"id": "tp_0347", "name": "000 КТП(Н)-10/0,4 кВ", "object_type": "tp", "voltage": "10/0,4 кВ", "parent_id": "feeder_0026", "fed_from": "Шиелы от ПС \"Н.Бекежанов\"", "year": null, "power_kva": null, "balance": null, "inventory_no": null, "length": null, "description": null, "links": [], "source_folder": "Трансформаторные пункты"}}, {"type": "Feature", "geometry": {"type": "Point", "coordinates": [66.74733, 44.1836509]}, "properties": {"id": "tp_0348", "name": "000 КТП(Н)-10/0,4 кВ", "object_type": "tp", "voltage": "10/0,4 кВ", "parent_id": "feeder_0026", "fed_from": "Шиелы от ПС \"Н.Бекежанов\"", "year": null, "power_kva": null, "balance": null, "inventory_no": null, "length": null, "description": null, "links": [], "source_folder": "Трансформаторные пункты"}}, {"type": "Feature", "geometry": {"type": "Point", "coordinates": [66.7303348, 44.2802076]}, "properties": {"id": "tp_0349", "name": "640 КТП(Н)-10/0,4 кВ", "object_type": "tp", "voltage": "10/0,4 кВ", "parent_id": "feeder_0004", "fed_from": "Ленин", "year": null, "power_kva": null, "balance": null, "inventory_no": null, "length": null, "description": null, "links": [], "source_folder": "Трансформаторные пункты"}}, {"type": "Feature", "geometry": {"type": "Point", "coordinates": [66.7295519, 44.279886]}, "properties": {"id": "tp_0350", "name": "79 КТП(Н)-10/0,4 кВ", "object_type": "tp", "voltage": "10/0,4 кВ", "parent_id": "feeder_0004", "fed_from": "Ленин", "year": null, "power_kva": null, "balance": null, "inventory_no": null, "length": null, "description": null, "links": [], "source_folder": "Трансформаторные пункты"}}, {"type": "Feature", "geometry": {"type": "Point", "coordinates": [66.7284119, 44.2793548]}, "properties": {"id": "tp_0351", "name": "148 КТП(Н)-10/0,4 кВ", "object_type": "tp", "voltage": "10/0,4 кВ", "parent_id": "feeder_0004", "fed_from": "Ленин", "year": null, "power_kva": "160", "balance": null, "inventory_no": null, "length": null, "description": null, "links": [], "source_folder": "Трансформаторные пункты"}}, {"type": "Feature", "geometry": {"type": "Point", "coordinates": [66.81571, 44.23747]}, "properties": {"id": "tp_0352", "name": "512 КТП(Н)-10/0,4 кВ", "object_type": "tp", "voltage": "10/0,4 кВ", "parent_id": null, "fed_from": null, "year": null, "power_kva": null, "balance": null, "inventory_no": null, "length": null, "description": null, "links": [], "source_folder": "Трансформаторные пункты"}}, {"type": "Feature", "geometry": {"type": "Point", "coordinates": [66.79818, 44.24569]}, "properties": {"id": "tp_0353", "name": "000 КТП(Н)-10/0,4 кВ", "object_type": "tp", "voltage": "10/0,4 кВ", "parent_id": null, "fed_from": null, "year": null, "power_kva": null, "balance": null, "inventory_no": null, "length": null, "description": null, "links": [], "source_folder": "Трансформаторные пункты"}}, {"type": "Feature", "geometry": {"type": "Point", "coordinates": [66.7950559, 44.2453353]}, "properties": {"id": "tp_0354", "name": "000 КТП(Н)-10/0,4 кВ", "object_type": "tp", "voltage": "10/0,4 кВ", "parent_id": null, "fed_from": null, "year": null, "power_kva": null, "balance": null, "inventory_no": null, "length": null, "description": null, "links": [], "source_folder": "Трансформаторные пункты"}}, {"type": "Feature", "geometry": {"type": "Point", "coordinates": [66.79498, 44.24689]}, "properties": {"id": "tp_0355", "name": "000 КТП(Н)-10/0,4 кВ", "object_type": "tp", "voltage": "10/0,4 кВ", "parent_id": null, "fed_from": null, "year": null, "power_kva": null, "balance": null, "inventory_no": null, "length": null, "description": null, "links": [], "source_folder": "Трансформаторные пункты"}}, {"type": "Feature", "geometry": {"type": "Point", "coordinates": [66.79648, 44.24705]}, "properties": {"id": "tp_0356", "name": "000 КТП(Н)-10/0,4 кВ", "object_type": "tp", "voltage": "10/0,4 кВ", "parent_id": null, "fed_from": null, "year": null, "power_kva": null, "balance": null, "inventory_no": null, "length": null, "description": null, "links": [], "source_folder": "Трансформаторные пункты"}}, {"type": "Feature", "geometry": {"type": "Point", "coordinates": [66.79269, 44.25083]}, "properties": {"id": "tp_0357", "name": "000 КТП(Н)-10/0,4 кВ", "object_type": "tp", "voltage": "10/0,4 кВ", "parent_id": null, "fed_from": null, "year": null, "power_kva": null, "balance": null, "inventory_no": null, "length": null, "description": null, "links": [], "source_folder": "Трансформаторные пункты"}}, {"type": "Feature", "geometry": {"type": "Point", "coordinates": [66.79224, 44.24479]}, "properties": {"id": "tp_0358", "name": "000 КТП(Н)-10/0,4 кВ", "object_type": "tp", "voltage": "10/0,4 кВ", "parent_id": null, "fed_from": null, "year": null, "power_kva": null, "balance": null, "inventory_no": null, "length": null, "description": null, "links": [], "source_folder": "Трансформаторные пункты"}}, {"type": "Feature", "geometry": {"type": "Point", "coordinates": [66.79049, 44.24595]}, "properties": {"id": "tp_0359", "name": "000 КТП(Н)-10/0,4 кВ", "object_type": "tp", "voltage": "10/0,4 кВ", "parent_id": null, "fed_from": null, "year": null, "power_kva": null, "balance": null, "inventory_no": null, "length": null, "description": null, "links": [], "source_folder": "Трансформаторные пункты"}}, {"type": "Feature", "geometry": {"type": "Point", "coordinates": [66.78829, 44.24655]}, "properties": {"id": "tp_0360", "name": "000 КТП(Н)-10/0,4 кВ", "object_type": "tp", "voltage": "10/0,4 кВ", "parent_id": null, "fed_from": null, "year": null, "power_kva": null, "balance": null, "inventory_no": null, "length": null, "description": null, "links": [], "source_folder": "Трансформаторные пункты"}}, {"type": "Feature", "geometry": {"type": "Point", "coordinates": [66.78686, 44.24636]}, "properties": {"id": "tp_0361", "name": "000 КТП(Н)-10/0,4 кВ", "object_type": "tp", "voltage": "10/0,4 кВ", "parent_id": null, "fed_from": null, "year": null, "power_kva": null, "balance": null, "inventory_no": null, "length": null, "description": null, "links": [], "source_folder": "Трансформаторные пункты"}}, {"type": "Feature", "geometry": {"type": "Point", "coordinates": [66.79854, 44.19329]}, "properties": {"id": "tp_0362", "name": "645 КТП(Н)-10/0,4 кВ", "object_type": "tp", "voltage": "10/0,4 кВ", "parent_id": null, "fed_from": null, "year": null, "power_kva": null, "balance": null, "inventory_no": null, "length": null, "description": null, "links": [], "source_folder": "Трансформаторные пункты"}}, {"type": "Feature", "geometry": {"type": "Point", "coordinates": [66.83481, 44.23948]}, "properties": {"id": "tp_0363", "name": "703 КТП(Н)-10/0,4 кВ", "object_type": "tp", "voltage": "10/0,4 кВ", "parent_id": null, "fed_from": null, "year": null, "power_kva": "250", "balance": null, "inventory_no": null, "length": null, "description": null, "links": [], "source_folder": "Трансформаторные пункты"}}, {"type": "Feature", "geometry": {"type": "Point", "coordinates": [66.84279, 44.23649]}, "properties": {"id": "tp_0364", "name": "403 КТП(Н)-10/0,4 кВ", "object_type": "tp", "voltage": "10/0,4 кВ", "parent_id": "feeder_0001", "fed_from": "ф.Енбекшы", "year": null, "power_kva": null, "balance": null, "inventory_no": null, "length": null, "description": null, "links": [], "source_folder": "Трансформаторные пункты"}}, {"type": "Feature", "geometry": {"type": "Point", "coordinates": [66.84331, 44.23851]}, "properties": {"id": "tp_0365", "name": "000 КТП(Н)-10/0,4 кВ", "object_type": "tp", "voltage": "10/0,4 кВ", "parent_id": "feeder_0001", "fed_from": "ф.Енбекшы", "year": null, "power_kva": null, "balance": null, "inventory_no": null, "length": null, "description": null, "links": [], "source_folder": "Трансформаторные пункты"}}, {"type": "Feature", "geometry": {"type": "Point", "coordinates": [66.84252, 44.24179]}, "properties": {"id": "tp_0366", "name": "404 КТП(Н)-10/0,4 кВ", "object_type": "tp", "voltage": "10/0,4 кВ", "parent_id": "feeder_0001", "fed_from": "ф.Енбекшы", "year": null, "power_kva": null, "balance": null, "inventory_no": null, "length": null, "description": null, "links": [], "source_folder": "Трансформаторные пункты"}}, {"type": "Feature", "geometry": {"type": "Point", "coordinates": [66.84584, 44.24376]}, "properties": {"id": "tp_0367", "name": "773 КТП(Н)-10/0,4 кВ", "object_type": "tp", "voltage": "10/0,4 кВ", "parent_id": "feeder_0001", "fed_from": "ф.Енбекшы", "year": null, "power_kva": "25 кВА", "balance": null, "inventory_no": null, "length": null, "description": null, "links": [], "source_folder": "Трансформаторные пункты"}}, {"type": "Feature", "geometry": {"type": "Point", "coordinates": [66.8461, 44.24262]}, "properties": {"id": "tp_0368", "name": "000 КТП(Н)-10/0,4 кВ", "object_type": "tp", "voltage": "10/0,4 кВ", "parent_id": "feeder_0002", "fed_from": "ф.Клуб", "year": null, "power_kva": null, "balance": null, "inventory_no": null, "length": null, "description": null, "links": [], "source_folder": "Трансформаторные пункты"}}, {"type": "Feature", "geometry": {"type": "Point", "coordinates": [66.84663, 44.24255]}, "properties": {"id": "tp_0369", "name": "824 КТП(Н)-10/0,4 кВ", "object_type": "tp", "voltage": "10/0,4 кВ", "parent_id": "feeder_0002", "fed_from": "ф.Клуб", "year": null, "power_kva": "100 кВА", "balance": null, "inventory_no": null, "length": null, "description": null, "links": [], "source_folder": "Трансформаторные пункты"}}, {"type": "Feature", "geometry": {"type": "Point", "coordinates": [66.84236, 44.2345]}, "properties": {"id": "tp_0370", "name": "509 КТП(Н)-10/0,4 кВ", "object_type": "tp", "voltage": "10/0,4 кВ", "parent_id": "feeder_0001", "fed_from": "ф.Енбекшы", "year": null, "power_kva": null, "balance": null, "inventory_no": null, "length": null, "description": null, "links": [], "source_folder": "Трансформаторные пункты"}}, {"type": "Feature", "geometry": {"type": "Point", "coordinates": [66.83276, 44.23528]}, "properties": {"id": "tp_0371", "name": "404 КТП(Н)-10/0,4 кВ", "object_type": "tp", "voltage": "10/0,4 кВ", "parent_id": "feeder_0001", "fed_from": "ф.Енбекшы", "year": null, "power_kva": null, "balance": null, "inventory_no": null, "length": null, "description": null, "links": [], "source_folder": "Трансформаторные пункты"}}, {"type": "Feature", "geometry": {"type": "Point", "coordinates": [66.8383, 44.23315]}, "properties": {"id": "tp_0372", "name": "836 КТП(Н)-10/0,4 кВ", "object_type": "tp", "voltage": "10/0,4 кВ", "parent_id": "feeder_0001", "fed_from": "ф.Енбекшы", "year": null, "power_kva": null, "balance": null, "inventory_no": null, "length": null, "description": null, "links": [], "source_folder": "Трансформаторные пункты"}}, {"type": "Feature", "geometry": {"type": "Point", "coordinates": [66.84434, 44.24272]}, "properties": {"id": "tp_0373", "name": "823 КТП(Н)-10/0,4 кВ", "object_type": "tp", "voltage": "10/0,4 кВ", "parent_id": "feeder_0001", "fed_from": "ф.Енбекшы", "year": null, "power_kva": "160 кВА", "balance": null, "inventory_no": null, "length": null, "description": null, "links": [], "source_folder": "Трансформаторные пункты"}}, {"type": "Feature", "geometry": {"type": "Point", "coordinates": [66.81825, 44.19374]}, "properties": {"id": "tp_0374", "name": "755 КТП(Н)-10/0,4 кВ", "object_type": "tp", "voltage": "10/0,4 кВ", "parent_id": null, "fed_from": null, "year": null, "power_kva": null, "balance": null, "inventory_no": null, "length": null, "description": null, "links": [], "source_folder": "Трансформаторные пункты"}}, {"type": "Feature", "geometry": {"type": "Point", "coordinates": [66.96433, 44.31218]}, "properties": {"id": "tp_0375", "name": "927 КТПН-10/0,4 кВ", "object_type": "tp", "voltage": "10/0,4 кВ", "parent_id": "feeder_0008", "fed_from": "Казанбай", "year": "2025", "power_kva": "100 кВА", "balance": "Потребитель ТОО \"Тесис\"", "inventory_no": null, "length": null, "description": null, "links": [], "source_folder": "Трансформаторные пункты"}}, {"type": "Feature", "geometry": {"type": "Point", "coordinates": [66.96571, 44.36002]}, "properties": {"id": "tp_0376", "name": "000 КТП(Н)-10/0,4 кВ", "object_type": "tp", "voltage": "10/0,4 кВ", "parent_id": null, "fed_from": null, "year": null, "power_kva": null, "balance": null, "inventory_no": null, "length": null, "description": null, "links": [], "source_folder": "Трансформаторные пункты"}}, {"type": "Feature", "geometry": {"type": "Point", "coordinates": [66.91604, 44.33252]}, "properties": {"id": "tp_0377", "name": "000 КТП(Н)-10/0,4 кВ", "object_type": "tp", "voltage": "10/0,4 кВ", "parent_id": null, "fed_from": null, "year": null, "power_kva": null, "balance": null, "inventory_no": null, "length": null, "description": null, "links": [], "source_folder": "Трансформаторные пункты"}}, {"type": "Feature", "geometry": {"type": "Point", "coordinates": [66.91697, 44.35544]}, "properties": {"id": "tp_0378", "name": "000 КТП(Н)-10/0,4 кВ", "object_type": "tp", "voltage": "10/0,4 кВ", "parent_id": null, "fed_from": null, "year": null, "power_kva": null, "balance": null, "inventory_no": null, "length": null, "description": null, "links": [], "source_folder": "Трансформаторные пункты"}}, {"type": "Feature", "geometry": {"type": "Point", "coordinates": [66.91716, 44.35586]}, "properties": {"id": "tp_0379", "name": "000 КТП(Н)-10/0,4 кВ", "object_type": "tp", "voltage": "10/0,4 кВ", "parent_id": null, "fed_from": null, "year": null, "power_kva": null, "balance": null, "inventory_no": null, "length": null, "description": null, "links": [], "source_folder": "Трансформаторные пункты"}}, {"type": "Feature", "geometry": {"type": "Point", "coordinates": [66.91506, 44.35811]}, "properties": {"id": "tp_0380", "name": "926 КТПН-10/0,4 кВ", "object_type": "tp", "voltage": "10/0,4 кВ", "parent_id": "feeder_0009", "fed_from": "Ак завод", "year": "2025", "power_kva": "1250 кВА", "balance": "Потребитель ТОО \"Шиелі Әк\"", "inventory_no": null, "length": null, "description": null, "links": [], "source_folder": "Трансформаторные пункты"}}, {"type": "Feature", "geometry": {"type": "Point", "coordinates": [66.99538, 44.34484]}, "properties": {"id": "tp_0381", "name": "000 КТП(Н)-10/0,4 кВ", "object_type": "tp", "voltage": "10/0,4 кВ", "parent_id": null, "fed_from": null, "year": null, "power_kva": null, "balance": null, "inventory_no": null, "length": null, "description": null, "links": [], "source_folder": "Трансформаторные пункты"}}, {"type": "Feature", "geometry": {"type": "Point", "coordinates": [67.01664, 44.32529]}, "properties": {"id": "tp_0382", "name": "000 КТП(Н)-10/0,4 кВ", "object_type": "tp", "voltage": "10/0,4 кВ", "parent_id": null, "fed_from": null, "year": null, "power_kva": null, "balance": null, "inventory_no": null, "length": null, "description": null, "links": [], "source_folder": "Трансформаторные пункты"}}, {"type": "Feature", "geometry": {"type": "Point", "coordinates": [67.01775, 44.32494]}, "properties": {"id": "tp_0383", "name": "000 КТП(Н)-10/0,4 кВ", "object_type": "tp", "voltage": "10/0,4 кВ", "parent_id": null, "fed_from": null, "year": null, "power_kva": null, "balance": null, "inventory_no": null, "length": null, "description": null, "links": [], "source_folder": "Трансформаторные пункты"}}, {"type": "Feature", "geometry": {"type": "Point", "coordinates": [67.11744, 44.33829]}, "properties": {"id": "tp_0384", "name": "000 КТП(Н)-10/0,4 кВ", "object_type": "tp", "voltage": "10/0,4 кВ", "parent_id": null, "fed_from": null, "year": null, "power_kva": null, "balance": null, "inventory_no": null, "length": null, "description": null, "links": [], "source_folder": "Трансформаторные пункты"}}, {"type": "Feature", "geometry": {"type": "Point", "coordinates": [66.87271, 44.40434]}, "properties": {"id": "tp_0385", "name": "000 КТП(Н)-10/0,4 кВ", "object_type": "tp", "voltage": "10/0,4 кВ", "parent_id": null, "fed_from": null, "year": null, "power_kva": null, "balance": null, "inventory_no": null, "length": null, "description": null, "links": [], "source_folder": "Трансформаторные пункты"}}, {"type": "Feature", "geometry": {"type": "Point", "coordinates": [66.90902, 44.3579]}, "properties": {"id": "tp_0386", "name": "826 КТП(Н)-10/0,4 кВ", "object_type": "tp", "voltage": "10/0,4 кВ", "parent_id": null, "fed_from": null, "year": null, "power_kva": "2500 кВА", "balance": null, "inventory_no": null, "length": null, "description": null, "links": [], "source_folder": "Трансформаторные пункты"}}, {"type": "Feature", "geometry": {"type": "Point", "coordinates": [66.88374, 44.41795]}, "properties": {"id": "tp_0387", "name": "000 КТП(Н)-10/0,4 кВ", "object_type": "tp", "voltage": "10/0,4 кВ", "parent_id": null, "fed_from": null, "year": null, "power_kva": null, "balance": null, "inventory_no": null, "length": null, "description": null, "links": [], "source_folder": "Трансформаторные пункты"}}, {"type": "Feature", "geometry": {"type": "Point", "coordinates": [66.86094, 44.41634]}, "properties": {"id": "tp_0388", "name": "000 КТП(Н)-10/0,4 кВ", "object_type": "tp", "voltage": "10/0,4 кВ", "parent_id": null, "fed_from": null, "year": null, "power_kva": null, "balance": null, "inventory_no": null, "length": null, "description": null, "links": [], "source_folder": "Трансформаторные пункты"}}, {"type": "Feature", "geometry": {"type": "Point", "coordinates": [66.85529, 44.41572]}, "properties": {"id": "tp_0389", "name": "000 КТП(Н)-10/0,4 кВ", "object_type": "tp", "voltage": "10/0,4 кВ", "parent_id": null, "fed_from": null, "year": null, "power_kva": null, "balance": null, "inventory_no": null, "length": null, "description": null, "links": [], "source_folder": "Трансформаторные пункты"}}, {"type": "Feature", "geometry": {"type": "Point", "coordinates": [66.84176, 44.43669]}, "properties": {"id": "tp_0390", "name": "000 КТП(Н)-10/0,4 кВ", "object_type": "tp", "voltage": "10/0,4 кВ", "parent_id": null, "fed_from": null, "year": null, "power_kva": null, "balance": null, "inventory_no": null, "length": null, "description": null, "links": [], "source_folder": "Трансформаторные пункты"}}, {"type": "Feature", "geometry": {"type": "Point", "coordinates": [66.86327, 44.55067]}, "properties": {"id": "tp_0391", "name": "000 КТП(Н)-10/0,4 кВ", "object_type": "tp", "voltage": "10/0,4 кВ", "parent_id": null, "fed_from": null, "year": null, "power_kva": null, "balance": null, "inventory_no": null, "length": null, "description": null, "links": [], "source_folder": "Трансформаторные пункты"}}, {"type": "Feature", "geometry": {"type": "Point", "coordinates": [66.87857, 44.4231]}, "properties": {"id": "tp_0392", "name": "000 КТП(Н)-10/0,4 кВ", "object_type": "tp", "voltage": "10/0,4 кВ", "parent_id": null, "fed_from": null, "year": null, "power_kva": null, "balance": null, "inventory_no": null, "length": null, "description": null, "links": [], "source_folder": "Трансформаторные пункты"}}, {"type": "Feature", "geometry": {"type": "Point", "coordinates": [66.72174, 43.98517]}, "properties": {"id": "tp_0393", "name": "000 КТП(Н)-10/0,4 кВ", "object_type": "tp", "voltage": "10/0,4 кВ", "parent_id": null, "fed_from": null, "year": null, "power_kva": null, "balance": null, "inventory_no": null, "length": null, "description": null, "links": [], "source_folder": "Трансформаторные пункты"}}, {"type": "Feature", "geometry": {"type": "Point", "coordinates": [66.74759, 44.03591]}, "properties": {"id": "tp_0394", "name": "724 КТП(Н)-10/0,4 кВ", "object_type": "tp", "voltage": "10/0,4 кВ", "parent_id": null, "fed_from": null, "year": null, "power_kva": "10 кВА", "balance": null, "inventory_no": null, "length": null, "description": null, "links": [], "source_folder": "Трансформаторные пункты"}}, {"type": "Feature", "geometry": {"type": "Point", "coordinates": [66.75107, 44.08002]}, "properties": {"id": "tp_0395", "name": "917 КТП(Н)-10/0,4 кВ", "object_type": "tp", "voltage": "10/0,4 кВ", "parent_id": null, "fed_from": null, "year": null, "power_kva": "630", "balance": null, "inventory_no": null, "length": null, "description": null, "links": [], "source_folder": "Трансформаторные пункты"}}, {"type": "Feature", "geometry": {"type": "Point", "coordinates": [66.74618, 44.09263]}, "properties": {"id": "tp_0396", "name": "190 КТП(Н)-10/0,4 кВ", "object_type": "tp", "voltage": "10/0,4 кВ", "parent_id": null, "fed_from": null, "year": null, "power_kva": "10", "balance": null, "inventory_no": null, "length": null, "description": null, "links": [], "source_folder": "Трансформаторные пункты"}}, {"type": "Feature", "geometry": {"type": "Point", "coordinates": [66.74279, 44.1045]}, "properties": {"id": "tp_0397", "name": "879 КТП(Н)-10/0,4 кВ", "object_type": "tp", "voltage": "10/0,4 кВ", "parent_id": null, "fed_from": null, "year": null, "power_kva": "630", "balance": null, "inventory_no": null, "length": null, "description": null, "links": [], "source_folder": "Трансформаторные пункты"}}, {"type": "Feature", "geometry": {"type": "Point", "coordinates": [66.7456, 44.11294]}, "properties": {"id": "tp_0398", "name": "301 КТП(Н)-10/0,4 кВ", "object_type": "tp", "voltage": "10/0,4 кВ", "parent_id": null, "fed_from": null, "year": null, "power_kva": "100", "balance": null, "inventory_no": null, "length": null, "description": null, "links": [], "source_folder": "Трансформаторные пункты"}}, {"type": "Feature", "geometry": {"type": "Point", "coordinates": [66.61499, 43.90291]}, "properties": {"id": "tp_0399", "name": "463 КТП(Н)-10/0,4 кВ", "object_type": "tp", "voltage": "10/0,4 кВ", "parent_id": null, "fed_from": null, "year": null, "power_kva": null, "balance": null, "inventory_no": null, "length": null, "description": null, "links": [], "source_folder": "Трансформаторные пункты"}}, {"type": "Feature", "geometry": {"type": "Point", "coordinates": [66.61327, 43.90218]}, "properties": {"id": "tp_0400", "name": "131 КТП(Н)-10/0,4 кВ", "object_type": "tp", "voltage": "10/0,4 кВ", "parent_id": null, "fed_from": null, "year": null, "power_kva": null, "balance": null, "inventory_no": null, "length": null, "description": null, "links": [], "source_folder": "Трансформаторные пункты"}}, {"type": "Feature", "geometry": {"type": "Point", "coordinates": [66.6057, 43.90228]}, "properties": {"id": "tp_0401", "name": "000 КТП(Н)-10/0,4 кВ", "object_type": "tp", "voltage": "10/0,4 кВ", "parent_id": null, "fed_from": null, "year": null, "power_kva": null, "balance": null, "inventory_no": null, "length": null, "description": null, "links": [], "source_folder": "Трансформаторные пункты"}}, {"type": "Feature", "geometry": {"type": "Point", "coordinates": [66.61062, 43.90024]}, "properties": {"id": "tp_0402", "name": "000 КТП(Н)-10/0,4 кВ", "object_type": "tp", "voltage": "10/0,4 кВ", "parent_id": null, "fed_from": null, "year": null, "power_kva": null, "balance": null, "inventory_no": null, "length": null, "description": null, "links": [], "source_folder": "Трансформаторные пункты"}}, {"type": "Feature", "geometry": {"type": "Point", "coordinates": [66.61351, 43.89884]}, "properties": {"id": "tp_0403", "name": "130 КТП(Н)-10/0,4 кВ", "object_type": "tp", "voltage": "10/0,4 кВ", "parent_id": null, "fed_from": null, "year": null, "power_kva": null, "balance": null, "inventory_no": null, "length": null, "description": null, "links": [], "source_folder": "Трансформаторные пункты"}}, {"type": "Feature", "geometry": {"type": "Point", "coordinates": [66.61383, 43.89852]}, "properties": {"id": "tp_0404", "name": "129 КТП(Н)-10/0,4 кВ", "object_type": "tp", "voltage": "10/0,4 кВ", "parent_id": null, "fed_from": null, "year": null, "power_kva": null, "balance": null, "inventory_no": null, "length": null, "description": null, "links": [], "source_folder": "Трансформаторные пункты"}}, {"type": "Feature", "geometry": {"type": "Point", "coordinates": [66.66162, 43.90603]}, "properties": {"id": "tp_0405", "name": "000 КТП(Н)-10/0,4 кВ", "object_type": "tp", "voltage": "10/0,4 кВ", "parent_id": null, "fed_from": null, "year": null, "power_kva": null, "balance": null, "inventory_no": null, "length": null, "description": null, "links": [], "source_folder": "Трансформаторные пункты"}}, {"type": "Feature", "geometry": {"type": "Point", "coordinates": [66.71034, 43.94885]}, "properties": {"id": "tp_0406", "name": "000 КТП(Н)-10/0,4 кВ", "object_type": "tp", "voltage": "10/0,4 кВ", "parent_id": null, "fed_from": null, "year": null, "power_kva": null, "balance": null, "inventory_no": null, "length": null, "description": null, "links": [], "source_folder": "Трансформаторные пункты"}}, {"type": "Feature", "geometry": {"type": "Point", "coordinates": [66.7100007, 43.9524829]}, "properties": {"id": "tp_0407", "name": "000 КТП(Н)-10/0,4 кВ", "object_type": "tp", "voltage": "10/0,4 кВ", "parent_id": null, "fed_from": null, "year": null, "power_kva": null, "balance": null, "inventory_no": null, "length": null, "description": null, "links": [], "source_folder": "Трансформаторные пункты"}}, {"type": "Feature", "geometry": {"type": "Point", "coordinates": [66.738675, 44.011977]}, "properties": {"id": "tp_0408", "name": "000 КТП(Н)-10/0,4 кВ", "object_type": "tp", "voltage": "10/0,4 кВ", "parent_id": null, "fed_from": null, "year": null, "power_kva": null, "balance": null, "inventory_no": null, "length": null, "description": null, "links": [], "source_folder": "Трансформаторные пункты"}}, {"type": "Feature", "geometry": {"type": "Point", "coordinates": [66.7089672, 44.0286282]}, "properties": {"id": "tp_0409", "name": "000 КТП(Н)-10/0,4 кВ", "object_type": "tp", "voltage": "10/0,4 кВ", "parent_id": null, "fed_from": null, "year": null, "power_kva": null, "balance": null, "inventory_no": null, "length": null, "description": null, "links": [], "source_folder": "Трансформаторные пункты"}}, {"type": "Feature", "geometry": {"type": "Point", "coordinates": [66.7391766, 43.983281]}, "properties": {"id": "tp_0410", "name": "000 КТП(Н)-10/0,4 кВ", "object_type": "tp", "voltage": "10/0,4 кВ", "parent_id": null, "fed_from": null, "year": null, "power_kva": null, "balance": null, "inventory_no": null, "length": null, "description": null, "links": [], "source_folder": "Трансформаторные пункты"}}, {"type": "Feature", "geometry": {"type": "Point", "coordinates": [66.8043094, 43.994412]}, "properties": {"id": "tp_0411", "name": "000 КТП(Н)-10/0,4 кВ", "object_type": "tp", "voltage": "10/0,4 кВ", "parent_id": null, "fed_from": null, "year": null, "power_kva": null, "balance": null, "inventory_no": null, "length": null, "description": null, "links": [], "source_folder": "Трансформаторные пункты"}}, {"type": "Feature", "geometry": {"type": "Point", "coordinates": [66.8042928, 43.9955242]}, "properties": {"id": "tp_0412", "name": "000 КТП(Н)-10/0,4 кВ", "object_type": "tp", "voltage": "10/0,4 кВ", "parent_id": null, "fed_from": null, "year": null, "power_kva": null, "balance": null, "inventory_no": null, "length": null, "description": null, "links": [], "source_folder": "Трансформаторные пункты"}}, {"type": "Feature", "geometry": {"type": "Point", "coordinates": [66.865862, 44.087073]}, "properties": {"id": "tp_0413", "name": "804 КТПН-10/0,4 кВ", "object_type": "tp", "voltage": "10/0,4 кВ", "parent_id": "feeder_0005", "fed_from": "ф.Акмая", "year": null, "power_kva": "25 кВА", "balance": null, "inventory_no": null, "length": null, "description": null, "links": [], "source_folder": "Трансформаторные пункты"}}, {"type": "Feature", "geometry": {"type": "Point", "coordinates": [66.645152, 44.235329]}, "properties": {"id": "tp_0414", "name": "821 КТП(Н)-10/0,4 кВ", "object_type": "tp", "voltage": "10/0,4 кВ", "parent_id": null, "fed_from": null, "year": null, "power_kva": null, "balance": null, "inventory_no": null, "length": null, "description": null, "links": [], "source_folder": "Трансформаторные пункты"}}, {"type": "Feature", "geometry": {"type": "Point", "coordinates": [66.619195, 44.239805]}, "properties": {"id": "tp_0415", "name": "758 КТП(Н)-10/0,4 кВ", "object_type": "tp", "voltage": "10/0,4 кВ", "parent_id": null, "fed_from": null, "year": null, "power_kva": null, "balance": null, "inventory_no": null, "length": null, "description": null, "links": [], "source_folder": "Трансформаторные пункты"}}, {"type": "Feature", "geometry": {"type": "Point", "coordinates": [66.618645, 44.24074]}, "properties": {"id": "tp_0416", "name": "908 КТП(Н)-10/0,4 кВ", "object_type": "tp", "voltage": "10/0,4 кВ", "parent_id": "feeder_0016", "fed_from": "ф.Плодоягодный", "year": null, "power_kva": "100 кВА", "balance": null, "inventory_no": null, "length": null, "description": null, "links": [], "source_folder": "Трансформаторные пункты"}}, {"type": "Feature", "geometry": {"type": "Point", "coordinates": [66.620069, 44.242748]}, "properties": {"id": "tp_0417", "name": "343 КТП(Н)-10/0,4 кВ", "object_type": "tp", "voltage": "10/0,4 кВ", "parent_id": "feeder_0016", "fed_from": "Плодоягодный", "year": null, "power_kva": "160", "balance": null, "inventory_no": null, "length": null, "description": null, "links": [], "source_folder": "Трансформаторные пункты"}}, {"type": "Feature", "geometry": {"type": "Point", "coordinates": [66.624917, 44.244168]}, "properties": {"id": "tp_0418", "name": "345 КТП(Н)-10/0,4 кВ", "object_type": "tp", "voltage": "10/0,4 кВ", "parent_id": "feeder_0016", "fed_from": "Плодоягодный", "year": null, "power_kva": "63", "balance": null, "inventory_no": null, "length": null, "description": null, "links": [], "source_folder": "Трансформаторные пункты"}}, {"type": "Feature", "geometry": {"type": "Point", "coordinates": [66.619199, 44.240154]}, "properties": {"id": "tp_0419", "name": "908 КТП(Н)-10/0,4 кВ", "object_type": "tp", "voltage": "10/0,4 кВ", "parent_id": "feeder_0016", "fed_from": "ф.Плодоягодный", "year": null, "power_kva": "100 кВА", "balance": null, "inventory_no": null, "length": null, "description": null, "links": [], "source_folder": "Трансформаторные пункты"}}, {"type": "Feature", "geometry": {"type": "Point", "coordinates": [66.623115, 44.237704]}, "properties": {"id": "tp_0420", "name": "000 КТП(Н)-10/0,4 кВ", "object_type": "tp", "voltage": "10/0,4 кВ", "parent_id": null, "fed_from": null, "year": null, "power_kva": null, "balance": null, "inventory_no": null, "length": null, "description": null, "links": [], "source_folder": "Трансформаторные пункты"}}, {"type": "Feature", "geometry": {"type": "Point", "coordinates": [66.643965, 44.236946]}, "properties": {"id": "tp_0421", "name": "000 КТП(Н)-10/0,4 кВ", "object_type": "tp", "voltage": "10/0,4 кВ", "parent_id": null, "fed_from": null, "year": null, "power_kva": null, "balance": null, "inventory_no": null, "length": null, "description": null, "links": [], "source_folder": "Трансформаторные пункты"}}, {"type": "Feature", "geometry": {"type": "Point", "coordinates": [66.646181, 44.237912]}, "properties": {"id": "tp_0422", "name": "000 КТП(Н)-10/0,4 кВ", "object_type": "tp", "voltage": "10/0,4 кВ", "parent_id": null, "fed_from": null, "year": null, "power_kva": null, "balance": null, "inventory_no": null, "length": null, "description": null, "links": [], "source_folder": "Трансформаторные пункты"}}, {"type": "Feature", "geometry": {"type": "Point", "coordinates": [66.647117, 44.237494]}, "properties": {"id": "tp_0423", "name": "000 КТП(Н)-10/0,4 кВ", "object_type": "tp", "voltage": "10/0,4 кВ", "parent_id": null, "fed_from": null, "year": null, "power_kva": null, "balance": null, "inventory_no": null, "length": null, "description": null, "links": [], "source_folder": "Трансформаторные пункты"}}, {"type": "Feature", "geometry": {"type": "Point", "coordinates": [66.652611, 44.238071]}, "properties": {"id": "tp_0424", "name": "000 КТП(Н)-10/0,4 кВ", "object_type": "tp", "voltage": "10/0,4 кВ", "parent_id": null, "fed_from": null, "year": null, "power_kva": null, "balance": null, "inventory_no": null, "length": null, "description": null, "links": [], "source_folder": "Трансформаторные пункты"}}, {"type": "Feature", "geometry": {"type": "Point", "coordinates": [66.653065, 44.239365]}, "properties": {"id": "tp_0425", "name": "000 КТП(Н)-10/0,4 кВ", "object_type": "tp", "voltage": "10/0,4 кВ", "parent_id": null, "fed_from": null, "year": null, "power_kva": null, "balance": null, "inventory_no": null, "length": null, "description": null, "links": [], "source_folder": "Трансформаторные пункты"}}, {"type": "Feature", "geometry": {"type": "Point", "coordinates": [66.655807, 44.238657]}, "properties": {"id": "tp_0426", "name": "000 КТП(Н)-10/0,4 кВ", "object_type": "tp", "voltage": "10/0,4 кВ", "parent_id": null, "fed_from": null, "year": null, "power_kva": null, "balance": null, "inventory_no": null, "length": null, "description": null, "links": [], "source_folder": "Трансформаторные пункты"}}, {"type": "Feature", "geometry": {"type": "Point", "coordinates": [66.681984, 44.254625]}, "properties": {"id": "tp_0427", "name": "184 КТПН-10/0,4 кВ", "object_type": "tp", "voltage": "10/0,4 кВ", "parent_id": "feeder_0019", "fed_from": "Теликол", "year": "2026", "power_kva": "160 кВА", "balance": "ЖКХ", "inventory_no": null, "length": null, "description": null, "links": [], "source_folder": "Трансформаторные пункты"}}, {"type": "Feature", "geometry": {"type": "Point", "coordinates": [66.683595, 44.255775]}, "properties": {"id": "tp_0428", "name": "000 КТП(Н)-10/0,4 кВ", "object_type": "tp", "voltage": "10/0,4 кВ", "parent_id": null, "fed_from": null, "year": null, "power_kva": null, "balance": null, "inventory_no": null, "length": null, "description": null, "links": [], "source_folder": "Трансформаторные пункты"}}, {"type": "Feature", "geometry": {"type": "Point", "coordinates": [66.685914, 44.257053]}, "properties": {"id": "tp_0429", "name": "000 КТП(Н)-10/0,4 кВ", "object_type": "tp", "voltage": "10/0,4 кВ", "parent_id": null, "fed_from": null, "year": null, "power_kva": null, "balance": null, "inventory_no": null, "length": null, "description": null, "links": [], "source_folder": "Трансформаторные пункты"}}, {"type": "Feature", "geometry": {"type": "Point", "coordinates": [66.68721, 44.260085]}, "properties": {"id": "tp_0430", "name": "156 КТП(Н)-10/0,4 кВ", "object_type": "tp", "voltage": "10/0,4 кВ", "parent_id": null, "fed_from": null, "year": null, "power_kva": null, "balance": null, "inventory_no": null, "length": null, "description": null, "links": [], "source_folder": "Трансформаторные пункты"}}, {"type": "Feature", "geometry": {"type": "Point", "coordinates": [66.6844102, 44.2631835]}, "properties": {"id": "tp_0431", "name": "189 КТПН-10/0,4 кВ", "object_type": "tp", "voltage": "10/0,4 кВ", "parent_id": "feeder_0019", "fed_from": "Теликол", "year": "2026", "power_kva": "160 кВА", "balance": "ЖКХ", "inventory_no": null, "length": null, "description": null, "links": [], "source_folder": "Трансформаторные пункты"}}, {"type": "Feature", "geometry": {"type": "Point", "coordinates": [66.679233, 44.26101]}, "properties": {"id": "tp_0432", "name": "188 КТПН-10/0,4 кВ", "object_type": "tp", "voltage": "10/0,4 кВ", "parent_id": "feeder_0019", "fed_from": "Теликол", "year": "2026", "power_kva": "160 кВА", "balance": "ЖКХ", "inventory_no": null, "length": null, "description": null, "links": [], "source_folder": "Трансформаторные пункты"}}, {"type": "Feature", "geometry": {"type": "Point", "coordinates": [66.678991, 44.260393]}, "properties": {"id": "tp_0433", "name": "000 КТП(Н)-10/0,4 кВ", "object_type": "tp", "voltage": "10/0,4 кВ", "parent_id": null, "fed_from": null, "year": null, "power_kva": null, "balance": null, "inventory_no": null, "length": null, "description": null, "links": [], "source_folder": "Трансформаторные пункты"}}, {"type": "Feature", "geometry": {"type": "Point", "coordinates": [66.707987, 44.189093]}, "properties": {"id": "tp_0434", "name": "Точка 442", "object_type": "tp", "voltage": "10/0,4 кВ", "parent_id": null, "fed_from": null, "year": null, "power_kva": null, "balance": null, "inventory_no": null, "length": null, "description": null, "links": [], "source_folder": "Трансформаторные пункты"}}, {"type": "Feature", "geometry": {"type": "Point", "coordinates": [66.636554, 44.220346]}, "properties": {"id": "tp_0435", "name": "Точка 443", "object_type": "tp", "voltage": "10/0,4 кВ", "parent_id": null, "fed_from": null, "year": null, "power_kva": null, "balance": null, "inventory_no": null, "length": null, "description": null, "links": [], "source_folder": "Трансформаторные пункты"}}, {"type": "Feature", "geometry": {"type": "Point", "coordinates": [66.632642, 44.221981]}, "properties": {"id": "tp_0436", "name": "Точка 444", "object_type": "tp", "voltage": "10/0,4 кВ", "parent_id": null, "fed_from": null, "year": null, "power_kva": null, "balance": null, "inventory_no": null, "length": null, "description": null, "links": [], "source_folder": "Трансформаторные пункты"}}, {"type": "Feature", "geometry": {"type": "Point", "coordinates": [66.6340135, 44.2250258]}, "properties": {"id": "tp_0437", "name": "Точка 445", "object_type": "tp", "voltage": "10/0,4 кВ", "parent_id": null, "fed_from": null, "year": null, "power_kva": null, "balance": null, "inventory_no": null, "length": null, "description": null, "links": [], "source_folder": "Трансформаторные пункты"}}, {"type": "Feature", "geometry": {"type": "Point", "coordinates": [66.618299, 44.213315]}, "properties": {"id": "tp_0438", "name": "Точка 446", "object_type": "tp", "voltage": "10/0,4 кВ", "parent_id": null, "fed_from": null, "year": null, "power_kva": null, "balance": null, "inventory_no": null, "length": null, "description": null, "links": [], "source_folder": "Трансформаторные пункты"}}, {"type": "Feature", "geometry": {"type": "Point", "coordinates": [66.6159066, 44.2122321]}, "properties": {"id": "tp_0439", "name": "Точка 447", "object_type": "tp", "voltage": "10/0,4 кВ", "parent_id": null, "fed_from": null, "year": null, "power_kva": null, "balance": null, "inventory_no": null, "length": null, "description": null, "links": [], "source_folder": "Трансформаторные пункты"}}, {"type": "Feature", "geometry": {"type": "Point", "coordinates": [66.61149, 44.211848]}, "properties": {"id": "tp_0440", "name": "Точка 448", "object_type": "tp", "voltage": "10/0,4 кВ", "parent_id": null, "fed_from": null, "year": null, "power_kva": null, "balance": null, "inventory_no": null, "length": null, "description": null, "links": [], "source_folder": "Трансформаторные пункты"}}, {"type": "Feature", "geometry": {"type": "Point", "coordinates": [66.680568, 44.261297]}, "properties": {"id": "tp_0441", "name": "000 КТП(Н)-10/0,4 кВ", "object_type": "tp", "voltage": "10/0,4 кВ", "parent_id": null, "fed_from": null, "year": null, "power_kva": null, "balance": null, "inventory_no": null, "length": null, "description": null, "links": [], "source_folder": "Трансформаторные пункты"}}, {"type": "Feature", "geometry": {"type": "Point", "coordinates": [66.501129, 44.216342]}, "properties": {"id": "tp_0442", "name": "000 КТП(Н)-10/0,4 кВ", "object_type": "tp", "voltage": "10/0,4 кВ", "parent_id": null, "fed_from": null, "year": null, "power_kva": null, "balance": null, "inventory_no": null, "length": null, "description": null, "links": [], "source_folder": "Трансформаторные пункты"}}, {"type": "Feature", "geometry": {"type": "Point", "coordinates": [66.504208, 44.212576]}, "properties": {"id": "tp_0443", "name": "68 КТП(Н)-10/0,4 кВ", "object_type": "tp", "voltage": "10/0,4 кВ", "parent_id": "feeder_0052", "fed_from": "Ортакшыл", "year": "1985", "power_kva": "63", "balance": null, "inventory_no": "10970", "length": null, "description": null, "links": [], "source_folder": "Трансформаторные пункты"}}, {"type": "Feature", "geometry": {"type": "Point", "coordinates": [66.498459, 44.210042]}, "properties": {"id": "tp_0444", "name": "196 КТП(Н)-10/0,4 кВ", "object_type": "tp", "voltage": "10/0,4 кВ", "parent_id": null, "fed_from": null, "year": null, "power_kva": null, "balance": null, "inventory_no": null, "length": null, "description": null, "links": [], "source_folder": "Трансформаторные пункты"}}, {"type": "Feature", "geometry": {"type": "Point", "coordinates": [66.49793, 44.21005]}, "properties": {"id": "tp_0445", "name": "659 КТП(Н)-10/0,4 кВ", "object_type": "tp", "voltage": "10/0,4 кВ", "parent_id": null, "fed_from": null, "year": null, "power_kva": null, "balance": null, "inventory_no": null, "length": null, "description": null, "links": [], "source_folder": "Трансформаторные пункты"}}, {"type": "Feature", "geometry": {"type": "Point", "coordinates": [66.500857, 44.208138]}, "properties": {"id": "tp_0446", "name": "290 КТП(Н)-10/0,4 кВ", "object_type": "tp", "voltage": "10/0,4 кВ", "parent_id": null, "fed_from": null, "year": null, "power_kva": null, "balance": null, "inventory_no": null, "length": null, "description": null, "links": [], "source_folder": "Трансформаторные пункты"}}, {"type": "Feature", "geometry": {"type": "Point", "coordinates": [66.496125, 44.207707]}, "properties": {"id": "tp_0447", "name": "116 КТП(Н)-10/0,4 кВ", "object_type": "tp", "voltage": "10/0,4 кВ", "parent_id": null, "fed_from": null, "year": null, "power_kva": null, "balance": null, "inventory_no": null, "length": null, "description": null, "links": [], "source_folder": "Трансформаторные пункты"}}, {"type": "Feature", "geometry": {"type": "Point", "coordinates": [66.49413, 44.205532]}, "properties": {"id": "tp_0448", "name": "632 КТП(Н)-10/0,4 кВ", "object_type": "tp", "voltage": "10/0,4 кВ", "parent_id": null, "fed_from": null, "year": null, "power_kva": null, "balance": null, "inventory_no": null, "length": null, "description": null, "links": [], "source_folder": "Трансформаторные пункты"}}, {"type": "Feature", "geometry": {"type": "Point", "coordinates": [66.423935, 44.144605]}, "properties": {"id": "tp_0449", "name": "63 КТП(Н)-10/0,4 кВ", "object_type": "tp", "voltage": "10/0,4 кВ", "parent_id": null, "fed_from": null, "year": null, "power_kva": null, "balance": null, "inventory_no": null, "length": null, "description": null, "links": [], "source_folder": "Трансформаторные пункты"}}, {"type": "Feature", "geometry": {"type": "Point", "coordinates": [66.421656, 44.142763]}, "properties": {"id": "tp_0450", "name": "831 КТП(Н)-10/0,4 кВ", "object_type": "tp", "voltage": "10/0,4 кВ", "parent_id": null, "fed_from": null, "year": null, "power_kva": null, "balance": null, "inventory_no": null, "length": null, "description": null, "links": [], "source_folder": "Трансформаторные пункты"}}, {"type": "Feature", "geometry": {"type": "Point", "coordinates": [66.6253214, 44.2393542]}, "properties": {"id": "tp_0451", "name": "339 КТП(Н)-10/0,4 кВ", "object_type": "tp", "voltage": "10/0,4 кВ", "parent_id": "feeder_0017", "fed_from": "ф.Теликуль", "year": null, "power_kva": null, "balance": null, "inventory_no": null, "length": null, "description": null, "links": [], "source_folder": "Трансформаторные пункты"}}, {"type": "Feature", "geometry": {"type": "Point", "coordinates": [66.6356282, 44.253516]}, "properties": {"id": "tp_0452", "name": "Точка 459", "object_type": "tp", "voltage": "10/0,4 кВ", "parent_id": null, "fed_from": null, "year": null, "power_kva": null, "balance": null, "inventory_no": null, "length": null, "description": null, "links": [], "source_folder": "Трансформаторные пункты"}}, {"type": "Feature", "geometry": {"type": "Point", "coordinates": [66.43354, 44.284963]}, "properties": {"id": "tp_0453", "name": "305 КТП(Н)-10/0,4 кВ", "object_type": "tp", "voltage": "10/0,4 кВ", "parent_id": null, "fed_from": null, "year": null, "power_kva": null, "balance": null, "inventory_no": null, "length": null, "description": null, "links": [], "source_folder": "Трансформаторные пункты"}}, {"type": "Feature", "geometry": {"type": "Point", "coordinates": [66.424584, 44.284135]}, "properties": {"id": "tp_0454", "name": "929 КТПН-10/0,4 кВ", "object_type": "tp", "voltage": "10/0,4 кВ", "parent_id": null, "fed_from": "Жулек (кольц.линия)", "year": "2026", "power_kva": "160 кВА", "balance": "Спорткомплекс \"Жолек\"", "inventory_no": null, "length": null, "description": null, "links": [], "source_folder": "Трансформаторные пункты"}}, {"type": "Feature", "geometry": {"type": "Point", "coordinates": [66.463711, 44.253011]}, "properties": {"id": "tp_0455", "name": "807 КТП(Н)-10/0,4 кВ", "object_type": "tp", "voltage": "10/0,4 кВ", "parent_id": null, "fed_from": null, "year": null, "power_kva": null, "balance": null, "inventory_no": null, "length": null, "description": null, "links": [], "source_folder": "Трансформаторные пункты"}}, {"type": "Feature", "geometry": {"type": "Point", "coordinates": [66.42002, 44.28775]}, "properties": {"id": "tp_0456", "name": "829 КТП(Н)-10/0,4 кВ", "object_type": "tp", "voltage": "10/0,4 кВ", "parent_id": null, "fed_from": null, "year": null, "power_kva": null, "balance": null, "inventory_no": null, "length": null, "description": null, "links": [], "source_folder": "Трансформаторные пункты"}}, {"type": "Feature", "geometry": {"type": "Point", "coordinates": [66.424121, 44.290599]}, "properties": {"id": "tp_0457", "name": "70 КТП(Н)-10/0,4 кВ", "object_type": "tp", "voltage": "10/0,4 кВ", "parent_id": null, "fed_from": null, "year": null, "power_kva": null, "balance": null, "inventory_no": null, "length": null, "description": null, "links": [], "source_folder": "Трансформаторные пункты"}}, {"type": "Feature", "geometry": {"type": "Point", "coordinates": [66.425449, 44.284481]}, "properties": {"id": "tp_0458", "name": "304 КТП(Н)-10/0,4 кВ", "object_type": "tp", "voltage": "10/0,4 кВ", "parent_id": null, "fed_from": null, "year": null, "power_kva": null, "balance": null, "inventory_no": null, "length": null, "description": null, "links": [], "source_folder": "Трансформаторные пункты"}}, {"type": "Feature", "geometry": {"type": "Point", "coordinates": [66.426909, 44.290027]}, "properties": {"id": "tp_0459", "name": "135 КТП(Н)-10/0,4 кВ", "object_type": "tp", "voltage": "10/0,4 кВ", "parent_id": "feeder_0054", "fed_from": "Жулек", "year": "1987", "power_kva": "250 кВА", "balance": null, "inventory_no": "12323", "length": null, "description": null, "links": [], "source_folder": "Трансформаторные пункты"}}, {"type": "Feature", "geometry": {"type": "Point", "coordinates": [66.428691, 44.288216]}, "properties": {"id": "tp_0460", "name": "362 КТП(Н)-10/0,4 кВ", "object_type": "tp", "voltage": "10/0,4 кВ", "parent_id": null, "fed_from": null, "year": null, "power_kva": null, "balance": null, "inventory_no": null, "length": null, "description": null, "links": [], "source_folder": "Трансформаторные пункты"}}, {"type": "Feature", "geometry": {"type": "Point", "coordinates": [66.428805, 44.289495]}, "properties": {"id": "tp_0461", "name": "303 КТП(Н)-10/0,4 кВ", "object_type": "tp", "voltage": "10/0,4 кВ", "parent_id": null, "fed_from": null, "year": null, "power_kva": null, "balance": null, "inventory_no": null, "length": null, "description": null, "links": [], "source_folder": "Трансформаторные пункты"}}, {"type": "Feature", "geometry": {"type": "Point", "coordinates": [66.458238, 44.311108]}, "properties": {"id": "tp_0462", "name": "115 КТП(Н)-10/0,4 кВ", "object_type": "tp", "voltage": "10/0,4 кВ", "parent_id": null, "fed_from": null, "year": null, "power_kva": null, "balance": null, "inventory_no": null, "length": null, "description": null, "links": [], "source_folder": "Трансформаторные пункты"}}, {"type": "Feature", "geometry": {"type": "Point", "coordinates": [66.495775, 44.308444]}, "properties": {"id": "tp_0463", "name": "000 КТП(Н)-10/0,4 кВ", "object_type": "tp", "voltage": "10/0,4 кВ", "parent_id": "feeder_0058", "fed_from": "30 лет Казахстана", "year": null, "power_kva": null, "balance": null, "inventory_no": null, "length": null, "description": null, "links": [], "source_folder": "Трансформаторные пункты"}}, {"type": "Feature", "geometry": {"type": "Point", "coordinates": [66.471398, 44.322451]}, "properties": {"id": "tp_0464", "name": "000 КТП(Н)-10/0,4 кВ", "object_type": "tp", "voltage": "10/0,4 кВ", "parent_id": "feeder_0058", "fed_from": "30 лет Казахстана", "year": null, "power_kva": null, "balance": null, "inventory_no": null, "length": null, "description": null, "links": [], "source_folder": "Трансформаторные пункты"}}, {"type": "Feature", "geometry": {"type": "Point", "coordinates": [66.506636, 44.294681]}, "properties": {"id": "tp_0465", "name": "833 КТП(Н)-10/0,4 кВ", "object_type": "tp", "voltage": "10/0,4 кВ", "parent_id": null, "fed_from": null, "year": null, "power_kva": null, "balance": null, "inventory_no": null, "length": null, "description": null, "links": [], "source_folder": "Трансформаторные пункты"}}, {"type": "Feature", "geometry": {"type": "Point", "coordinates": [66.496473, 44.299629]}, "properties": {"id": "tp_0466", "name": "893 КТП(Н)-10/0,4 кВ", "object_type": "tp", "voltage": "10/0,4 кВ", "parent_id": null, "fed_from": null, "year": null, "power_kva": null, "balance": null, "inventory_no": null, "length": null, "description": null, "links": [], "source_folder": "Трансформаторные пункты"}}, {"type": "Feature", "geometry": {"type": "Point", "coordinates": [66.48616, 44.306553]}, "properties": {"id": "tp_0467", "name": "118 КТП(Н)-10/0,4 кВ", "object_type": "tp", "voltage": "10/0,4 кВ", "parent_id": null, "fed_from": null, "year": null, "power_kva": null, "balance": null, "inventory_no": null, "length": null, "description": null, "links": [], "source_folder": "Трансформаторные пункты"}}, {"type": "Feature", "geometry": {"type": "Point", "coordinates": [66.48127, 44.308834]}, "properties": {"id": "tp_0468", "name": "120 КТП(Н)-10/0,4 кВ", "object_type": "tp", "voltage": "10/0,4 кВ", "parent_id": null, "fed_from": null, "year": null, "power_kva": null, "balance": null, "inventory_no": null, "length": null, "description": null, "links": [], "source_folder": "Трансформаторные пункты"}}, {"type": "Feature", "geometry": {"type": "Point", "coordinates": [66.46908, 44.311837]}, "properties": {"id": "tp_0469", "name": "117? КТП(Н)-10/0,4 кВ", "object_type": "tp", "voltage": "10/0,4 кВ", "parent_id": null, "fed_from": null, "year": null, "power_kva": null, "balance": null, "inventory_no": null, "length": null, "description": null, "links": [], "source_folder": "Трансформаторные пункты"}}, {"type": "Feature", "geometry": {"type": "Point", "coordinates": [66.466858, 44.312922]}, "properties": {"id": "tp_0470", "name": "731 КТП(Н)-10/0,4 кВ", "object_type": "tp", "voltage": "10/0,4 кВ", "parent_id": null, "fed_from": null, "year": null, "power_kva": null, "balance": null, "inventory_no": null, "length": null, "description": null, "links": [], "source_folder": "Трансформаторные пункты"}}, {"type": "Feature", "geometry": {"type": "Point", "coordinates": [66.468335, 44.314521]}, "properties": {"id": "tp_0471", "name": "879 (819?) КТП(Н)-10/0,4 кВ", "object_type": "tp", "voltage": "10/0,4 кВ", "parent_id": null, "fed_from": null, "year": null, "power_kva": null, "balance": null, "inventory_no": null, "length": null, "description": null, "links": [], "source_folder": "Трансформаторные пункты"}}, {"type": "Feature", "geometry": {"type": "Point", "coordinates": [66.456967, 44.314439]}, "properties": {"id": "tp_0472", "name": "195 КТП(Н)-10/0,4 кВ", "object_type": "tp", "voltage": "10/0,4 кВ", "parent_id": null, "fed_from": null, "year": null, "power_kva": null, "balance": null, "inventory_no": null, "length": null, "description": null, "links": [], "source_folder": "Трансформаторные пункты"}}, {"type": "Feature", "geometry": {"type": "Point", "coordinates": [66.459551, 44.312644]}, "properties": {"id": "tp_0473", "name": "464 КТП(Н)-10/0,4 кВ", "object_type": "tp", "voltage": "10/0,4 кВ", "parent_id": null, "fed_from": null, "year": null, "power_kva": null, "balance": null, "inventory_no": null, "length": null, "description": null, "links": [], "source_folder": "Трансформаторные пункты"}}, {"type": "Feature", "geometry": {"type": "Point", "coordinates": [66.460015, 44.311836]}, "properties": {"id": "tp_0474", "name": "812 КТП(Н)-10/0,4 кВ", "object_type": "tp", "voltage": "10/0,4 кВ", "parent_id": null, "fed_from": null, "year": null, "power_kva": null, "balance": null, "inventory_no": null, "length": null, "description": null, "links": [], "source_folder": "Трансформаторные пункты"}}, {"type": "Feature", "geometry": {"type": "Point", "coordinates": [66.4343159, 44.1495254]}, "properties": {"id": "tp_0475", "name": "869 КТП(Н)-10/0,4 кВ", "object_type": "tp", "voltage": "10/0,4 кВ", "parent_id": null, "fed_from": null, "year": null, "power_kva": null, "balance": null, "inventory_no": null, "length": null, "description": null, "links": [], "source_folder": "Трансформаторные пункты"}}, {"type": "Feature", "geometry": {"type": "Point", "coordinates": [66.4505004, 44.1713636]}, "properties": {"id": "tp_0476", "name": "632 КТП(Н)-10/0,4 кВ", "object_type": "tp", "voltage": "10/0,4 кВ", "parent_id": null, "fed_from": null, "year": null, "power_kva": null, "balance": null, "inventory_no": null, "length": null, "description": null, "links": [], "source_folder": "Трансформаторные пункты"}}, {"type": "Feature", "geometry": {"type": "Point", "coordinates": [66.310855, 44.267972]}, "properties": {"id": "tp_0477", "name": "Точка 484", "object_type": "tp", "voltage": "10/0,4 кВ", "parent_id": null, "fed_from": null, "year": null, "power_kva": null, "balance": null, "inventory_no": null, "length": null, "description": null, "links": [], "source_folder": "Трансформаторные пункты"}}, {"type": "Feature", "geometry": {"type": "Point", "coordinates": [66.3694015, 44.2775524]}, "properties": {"id": "tp_0478", "name": "Точка 485", "object_type": "tp", "voltage": "10/0,4 кВ", "parent_id": null, "fed_from": null, "year": null, "power_kva": null, "balance": null, "inventory_no": null, "length": null, "description": null, "links": [], "source_folder": "Трансформаторные пункты"}}, {"type": "Feature", "geometry": {"type": "Point", "coordinates": [66.4894964, 44.3094967]}, "properties": {"id": "tp_0479", "name": "871 КТПН-10/0,4 кВ", "object_type": "tp", "voltage": "10/0,4 кВ", "parent_id": "feeder_0058", "fed_from": "ф.30 лет Казахстана", "year": null, "power_kva": "400 кВА", "balance": null, "inventory_no": null, "length": null, "description": "Выполнен летний замер нагрузок ТП, КТП(Н), КТПБ-10/0,4 кВ по Шиелииской РЭС на 2026 год", "links": [], "source_folder": "Трансформаторные пункты"}}, {"type": "Feature", "geometry": {"type": "Point", "coordinates": [66.4882873, 44.309717]}, "properties": {"id": "tp_0480", "name": "Точка 487", "object_type": "tp", "voltage": "10/0,4 кВ", "parent_id": null, "fed_from": null, "year": null, "power_kva": null, "balance": null, "inventory_no": null, "length": null, "description": null, "links": [], "source_folder": "Трансформаторные пункты"}}, {"type": "Feature", "geometry": {"type": "Point", "coordinates": [66.4865611, 44.3100159]}, "properties": {"id": "tp_0481", "name": "Точка 488", "object_type": "tp", "voltage": "10/0,4 кВ", "parent_id": null, "fed_from": null, "year": null, "power_kva": null, "balance": null, "inventory_no": null, "length": null, "description": null, "links": [], "source_folder": "Трансформаторные пункты"}}, {"type": "Feature", "geometry": {"type": "Point", "coordinates": [66.4766872, 44.3162841]}, "properties": {"id": "tp_0482", "name": "Точка 489", "object_type": "tp", "voltage": "10/0,4 кВ", "parent_id": "feeder_0058", "fed_from": "30 лет Казахстана", "year": null, "power_kva": null, "balance": null, "inventory_no": null, "length": null, "description": null, "links": [], "source_folder": "Трансформаторные пункты"}}, {"type": "Feature", "geometry": {"type": "Point", "coordinates": [66.4792982, 44.3175079]}, "properties": {"id": "tp_0483", "name": "Точка 490", "object_type": "tp", "voltage": "10/0,4 кВ", "parent_id": "feeder_0058", "fed_from": "30 лет Казахстана", "year": null, "power_kva": null, "balance": null, "inventory_no": null, "length": null, "description": null, "links": [], "source_folder": "Трансформаторные пункты"}}, {"type": "Feature", "geometry": {"type": "Point", "coordinates": [66.4714302, 44.3239516]}, "properties": {"id": "tp_0484", "name": "Точка 491", "object_type": "tp", "voltage": "10/0,4 кВ", "parent_id": "feeder_0058", "fed_from": "30 лет Казахстана", "year": null, "power_kva": null, "balance": null, "inventory_no": null, "length": null, "description": null, "links": [], "source_folder": "Трансформаторные пункты"}}, {"type": "Feature", "geometry": {"type": "Point", "coordinates": [66.4730428, 44.3176179]}, "properties": {"id": "tp_0485", "name": "Точка 492", "object_type": "tp", "voltage": "10/0,4 кВ", "parent_id": "feeder_0058", "fed_from": "30 лет Казахстана", "year": null, "power_kva": null, "balance": null, "inventory_no": null, "length": null, "description": null, "links": [], "source_folder": "Трансформаторные пункты"}}, {"type": "Feature", "geometry": {"type": "Point", "coordinates": [66.503219, 44.329405]}, "properties": {"id": "tp_0486", "name": "000 КТП(Н)-10/0,4 кВ", "object_type": "tp", "voltage": "10/0,4 кВ", "parent_id": "feeder_0058", "fed_from": "30 лет Казахстана", "year": null, "power_kva": null, "balance": null, "inventory_no": null, "length": null, "description": null, "links": [], "source_folder": "Трансформаторные пункты"}}, {"type": "Feature", "geometry": {"type": "Point", "coordinates": [66.502825, 44.330235]}, "properties": {"id": "tp_0487", "name": "000 КТП(Н)-10/0,4 кВ", "object_type": "tp", "voltage": "10/0,4 кВ", "parent_id": "feeder_0061", "fed_from": "Водазабор от ПС Бала би", "year": null, "power_kva": null, "balance": null, "inventory_no": null, "length": null, "description": null, "links": [], "source_folder": "Трансформаторные пункты"}}, {"type": "Feature", "geometry": {"type": "Point", "coordinates": [66.505606, 44.329691]}, "properties": {"id": "tp_0488", "name": "000 КТП(Н)-10/0,4 кВ", "object_type": "tp", "voltage": "10/0,4 кВ", "parent_id": "feeder_0058", "fed_from": "30 лет Казахстана", "year": null, "power_kva": null, "balance": null, "inventory_no": null, "length": null, "description": null, "links": [], "source_folder": "Трансформаторные пункты"}}, {"type": "Feature", "geometry": {"type": "Point", "coordinates": [66.504279, 44.327831]}, "properties": {"id": "tp_0489", "name": "110 КТП(Н)-10/0,4 кВ", "object_type": "tp", "voltage": "10/0,4 кВ", "parent_id": "feeder_0058", "fed_from": "30 лет Казахстана", "year": null, "power_kva": null, "balance": null, "inventory_no": null, "length": null, "description": null, "links": [{"name": "Гео-схема", "url": "https://www.google.com/maps/d/viewer?hl=ru&mid=1oDOLmbGHhuX_m3x60fGNtRfbJVLvJmo&ll=44.329183852286796%2C66.5088325&z=15"}], "source_folder": "Трансформаторные пункты"}}, {"type": "Feature", "geometry": {"type": "Point", "coordinates": [66.512596, 44.326619]}, "properties": {"id": "tp_0490", "name": "000 КТП(Н)-10/0,4 кВ", "object_type": "tp", "voltage": "10/0,4 кВ", "parent_id": "feeder_0058", "fed_from": "30 лет Казахстана", "year": null, "power_kva": null, "balance": null, "inventory_no": null, "length": null, "description": null, "links": [], "source_folder": "Трансформаторные пункты"}}, {"type": "Feature", "geometry": {"type": "Point", "coordinates": [66.518413, 44.33562]}, "properties": {"id": "tp_0491", "name": "000 КТП(Н)-10/0,4 кВ", "object_type": "tp", "voltage": "10/0,4 кВ", "parent_id": "feeder_0003", "fed_from": "Школа от ПС Бала би", "year": null, "power_kva": null, "balance": null, "inventory_no": null, "length": null, "description": null, "links": [], "source_folder": "Трансформаторные пункты"}}, {"type": "Feature", "geometry": {"type": "Point", "coordinates": [66.513751, 44.337413]}, "properties": {"id": "tp_0492", "name": "182 КТП(Н)-10/0,4 кВ", "object_type": "tp", "voltage": "10/0,4 кВ", "parent_id": "feeder_0003", "fed_from": "Школа от ПС Бала би", "year": "Школа от ПС Бала би", "power_kva": "100", "balance": null, "inventory_no": null, "length": null, "description": "Краткая тех.характеристика:\nНом.мощность: 100 кВА\nГод ввода: 1977 г.\nЗав/Инв №: 5445\nЗапитано от: ф.Школа от ПС \"Бала би\"", "links": [], "source_folder": "Трансформаторные пункты"}}, {"type": "Feature", "geometry": {"type": "Point", "coordinates": [66.507753, 44.347299]}, "properties": {"id": "tp_0493", "name": "306 КТП(Н)-10/0,4 кВ", "object_type": "tp", "voltage": "10/0,4 кВ", "parent_id": "feeder_0003", "fed_from": "Школа от ПС Бала би", "year": null, "power_kva": null, "balance": null, "inventory_no": null, "length": null, "description": null, "links": [], "source_folder": "Трансформаторные пункты"}}, {"type": "Feature", "geometry": {"type": "Point", "coordinates": [66.509678, 44.346439]}, "properties": {"id": "tp_0494", "name": "90 КТП(Н)-10/0,4 кВ", "object_type": "tp", "voltage": "10/0,4 кВ", "parent_id": "feeder_0003", "fed_from": "Школа от ПС Бала би", "year": null, "power_kva": null, "balance": null, "inventory_no": null, "length": null, "description": null, "links": [], "source_folder": "Трансформаторные пункты"}}, {"type": "Feature", "geometry": {"type": "Point", "coordinates": [66.519231, 44.342844]}, "properties": {"id": "tp_0495", "name": "307 КТП(Н)-10/0,4 кВ", "object_type": "tp", "voltage": "10/0,4 кВ", "parent_id": "feeder_0003", "fed_from": "Школа от ПС Бала би", "year": null, "power_kva": null, "balance": null, "inventory_no": null, "length": null, "description": null, "links": [], "source_folder": "Трансформаторные пункты"}}, {"type": "Feature", "geometry": {"type": "Point", "coordinates": [66.522975, 44.338056]}, "properties": {"id": "tp_0496", "name": "000 КТП(Н)-10/0,4 кВ", "object_type": "tp", "voltage": "10/0,4 кВ", "parent_id": "feeder_0003", "fed_from": "Школа от ПС Бала би", "year": null, "power_kva": null, "balance": null, "inventory_no": null, "length": null, "description": null, "links": [{"name": "Гео-схема", "url": "https://www.google.com/maps/d/viewer?hl=ru&mid=1oDOLmbGHhuX_m3x60fGNtRfbJVLvJmo&ll=44.329183852286796%2C66.5088325&z=15"}], "source_folder": "Трансформаторные пункты"}}, {"type": "Feature", "geometry": {"type": "Point", "coordinates": [66.518297, 44.341497]}, "properties": {"id": "tp_0497", "name": "132 КТП(Н)-10/0,4 кВ", "object_type": "tp", "voltage": "10/0,4 кВ", "parent_id": "feeder_0003", "fed_from": "Школа от ПС Бала би", "year": null, "power_kva": null, "balance": null, "inventory_no": null, "length": null, "description": null, "links": [], "source_folder": "Трансформаторные пункты"}}, {"type": "Feature", "geometry": {"type": "Point", "coordinates": [66.518248, 44.340209]}, "properties": {"id": "tp_0498", "name": "194 КТП(Н)-10/0,4 кВ", "object_type": "tp", "voltage": "10/0,4 кВ", "parent_id": "feeder_0003", "fed_from": "Школа от ПС Бала би", "year": null, "power_kva": "160", "balance": null, "inventory_no": null, "length": null, "description": "Краткая тех.характеристика:\nНом.мощность: 160 кВА\nГод ввода: 1971 г.\nЗав/Инв №: 2383\nЗапитано от: ф.Школа от ПС \"Бала би\"", "links": [{"name": "Ссылка", "url": "https://www.google.com/maps/d/viewer?hl=ru&mid=1oDOLmbGHhuX_m3x60fGNtRfbJVLvJmo&ll=44.329183852286796%2C66.5088325&z=15"}], "source_folder": "Трансформаторные пункты"}}, {"type": "Feature", "geometry": {"type": "Point", "coordinates": [66.514165, 44.338787]}, "properties": {"id": "tp_0499", "name": "114 КТП(Н)-10/0,4 кВ", "object_type": "tp", "voltage": "10/0,4 кВ", "parent_id": "feeder_0003", "fed_from": "Школа от ПС Бала би", "year": null, "power_kva": null, "balance": null, "inventory_no": null, "length": null, "description": null, "links": [], "source_folder": "Трансформаторные пункты"}}, {"type": "Feature", "geometry": {"type": "Point", "coordinates": [66.197914, 44.352595]}, "properties": {"id": "tp_0500", "name": "Точка 507", "object_type": "tp", "voltage": "10/0,4 кВ", "parent_id": "feeder_0065", "fed_from": "Тартогай", "year": null, "power_kva": null, "balance": null, "inventory_no": null, "length": null, "description": null, "links": [], "source_folder": "Трансформаторные пункты"}}, {"type": "Feature", "geometry": {"type": "Point", "coordinates": [66.240508, 44.443589]}, "properties": {"id": "tp_0501", "name": "Точка 508", "object_type": "tp", "voltage": "10/0,4 кВ", "parent_id": "feeder_0065", "fed_from": "Тартогай", "year": null, "power_kva": null, "balance": null, "inventory_no": null, "length": null, "description": null, "links": [], "source_folder": "Трансформаторные пункты"}}, {"type": "Feature", "geometry": {"type": "Point", "coordinates": [66.244606, 44.447471]}, "properties": {"id": "tp_0502", "name": "Точка 509", "object_type": "tp", "voltage": "10/0,4 кВ", "parent_id": "feeder_0065", "fed_from": "Тартогай", "year": null, "power_kva": null, "balance": null, "inventory_no": null, "length": null, "description": null, "links": [], "source_folder": "Трансформаторные пункты"}}, {"type": "Feature", "geometry": {"type": "Point", "coordinates": [66.249279, 44.442932]}, "properties": {"id": "tp_0503", "name": "Точка 510", "object_type": "tp", "voltage": "10/0,4 кВ", "parent_id": "feeder_0065", "fed_from": "Тартогай", "year": null, "power_kva": null, "balance": null, "inventory_no": null, "length": null, "description": null, "links": [], "source_folder": "Трансформаторные пункты"}}, {"type": "Feature", "geometry": {"type": "Point", "coordinates": [66.255427, 44.442343]}, "properties": {"id": "tp_0504", "name": "Точка 511", "object_type": "tp", "voltage": "10/0,4 кВ", "parent_id": "feeder_0065", "fed_from": "Тартогай", "year": null, "power_kva": null, "balance": null, "inventory_no": null, "length": null, "description": null, "links": [], "source_folder": "Трансформаторные пункты"}}, {"type": "Feature", "geometry": {"type": "Point", "coordinates": [66.253293, 44.450167]}, "properties": {"id": "tp_0505", "name": "Точка 512", "object_type": "tp", "voltage": "10/0,4 кВ", "parent_id": "feeder_0064", "fed_from": "Кирпич-завод", "year": null, "power_kva": null, "balance": null, "inventory_no": null, "length": null, "description": null, "links": [], "source_folder": "Трансформаторные пункты"}}, {"type": "Feature", "geometry": {"type": "Point", "coordinates": [66.268923, 44.447825]}, "properties": {"id": "tp_0506", "name": "Точка 513", "object_type": "tp", "voltage": "10/0,4 кВ", "parent_id": "feeder_0065", "fed_from": "Тартогай", "year": null, "power_kva": null, "balance": null, "inventory_no": null, "length": null, "description": null, "links": [], "source_folder": "Трансформаторные пункты"}}, {"type": "Feature", "geometry": {"type": "Point", "coordinates": [66.25092, 44.451259]}, "properties": {"id": "tp_0507", "name": "Точка 514", "object_type": "tp", "voltage": "10/0,4 кВ", "parent_id": "feeder_0062", "fed_from": "Школа от ПС Тартогай", "year": null, "power_kva": null, "balance": null, "inventory_no": null, "length": null, "description": null, "links": [], "source_folder": "Трансформаторные пункты"}}, {"type": "Feature", "geometry": {"type": "Point", "coordinates": [66.285625, 44.435614]}, "properties": {"id": "tp_0508", "name": "Точка 515", "object_type": "tp", "voltage": "10/0,4 кВ", "parent_id": "feeder_0063", "fed_from": "РРС", "year": null, "power_kva": null, "balance": null, "inventory_no": null, "length": null, "description": null, "links": [], "source_folder": "Трансформаторные пункты"}}, {"type": "Feature", "geometry": {"type": "Point", "coordinates": [66.294624, 44.433539]}, "properties": {"id": "tp_0509", "name": "Точка 516", "object_type": "tp", "voltage": "10/0,4 кВ", "parent_id": "feeder_0063", "fed_from": "РРС", "year": null, "power_kva": null, "balance": null, "inventory_no": null, "length": null, "description": null, "links": [], "source_folder": "Трансформаторные пункты"}}, {"type": "Feature", "geometry": {"type": "Point", "coordinates": [66.295305, 44.433397]}, "properties": {"id": "tp_0510", "name": "Точка 517", "object_type": "tp", "voltage": "10/0,4 кВ", "parent_id": "feeder_0063", "fed_from": "РРС", "year": null, "power_kva": null, "balance": null, "inventory_no": null, "length": null, "description": null, "links": [], "source_folder": "Трансформаторные пункты"}}, {"type": "Feature", "geometry": {"type": "Point", "coordinates": [66.713813, 44.1858247]}, "properties": {"id": "tp_0511", "name": "617 КТП-10/0,4 кВ", "object_type": "tp", "voltage": "10/0,4 кВ", "parent_id": "feeder_0070", "fed_from": "Райцентр", "year": "2010", "power_kva": "40 кВА", "balance": "АЗС \"Кор\"", "inventory_no": null, "length": null, "description": null, "links": [], "source_folder": "Трансформаторные пункты"}}, {"type": "Feature", "geometry": {"type": "Point", "coordinates": [66.179778, 44.506931]}, "properties": {"id": "tp_0512", "name": "Точка 519", "object_type": "tp", "voltage": "10/0,4 кВ", "parent_id": "feeder_0067", "fed_from": "Стар-Поселок", "year": null, "power_kva": null, "balance": null, "inventory_no": null, "length": null, "description": null, "links": [], "source_folder": "Трансформаторные пункты"}}, {"type": "Feature", "geometry": {"type": "Point", "coordinates": [66.086743, 44.611628]}, "properties": {"id": "tp_0513", "name": "Точка 520", "object_type": "tp", "voltage": "10/0,4 кВ", "parent_id": "feeder_0067", "fed_from": "Стар-Поселок", "year": null, "power_kva": null, "balance": null, "inventory_no": null, "length": null, "description": null, "links": [], "source_folder": "Трансформаторные пункты"}}, {"type": "Feature", "geometry": {"type": "Point", "coordinates": [66.083307, 44.610272]}, "properties": {"id": "tp_0514", "name": "Точка 521", "object_type": "tp", "voltage": "10/0,4 кВ", "parent_id": "feeder_0067", "fed_from": "Стар-Поселок", "year": null, "power_kva": null, "balance": null, "inventory_no": null, "length": null, "description": null, "links": [], "source_folder": "Трансформаторные пункты"}}, {"type": "Feature", "geometry": {"type": "Point", "coordinates": [66.083506, 44.608732]}, "properties": {"id": "tp_0515", "name": "Точка 522", "object_type": "tp", "voltage": "10/0,4 кВ", "parent_id": "feeder_0067", "fed_from": "Стар-Поселок", "year": null, "power_kva": null, "balance": null, "inventory_no": null, "length": null, "description": null, "links": [], "source_folder": "Трансформаторные пункты"}}, {"type": "Feature", "geometry": {"type": "Point", "coordinates": [66.180518, 44.510626]}, "properties": {"id": "tp_0516", "name": "Точка 523", "object_type": "tp", "voltage": "10/0,4 кВ", "parent_id": "feeder_0067", "fed_from": "Стар-Поселок", "year": null, "power_kva": null, "balance": null, "inventory_no": null, "length": null, "description": null, "links": [], "source_folder": "Трансформаторные пункты"}}, {"type": "Feature", "geometry": {"type": "Point", "coordinates": [66.0566, 44.641257]}, "properties": {"id": "tp_0517", "name": "Точка 524", "object_type": "tp", "voltage": "10/0,4 кВ", "parent_id": "feeder_0067", "fed_from": "Стар-Поселок", "year": null, "power_kva": null, "balance": null, "inventory_no": null, "length": null, "description": null, "links": [], "source_folder": "Трансформаторные пункты"}}, {"type": "Feature", "geometry": {"type": "Point", "coordinates": [66.04894, 44.638572]}, "properties": {"id": "tp_0518", "name": "Точка 525", "object_type": "tp", "voltage": "10/0,4 кВ", "parent_id": null, "fed_from": null, "year": null, "power_kva": null, "balance": null, "inventory_no": null, "length": null, "description": null, "links": [], "source_folder": "Трансформаторные пункты"}}, {"type": "Feature", "geometry": {"type": "Point", "coordinates": [66.042863, 44.632774]}, "properties": {"id": "tp_0519", "name": "Точка 526", "object_type": "tp", "voltage": "10/0,4 кВ", "parent_id": "feeder_0069", "fed_from": "Усадьба", "year": null, "power_kva": null, "balance": null, "inventory_no": null, "length": null, "description": null, "links": [], "source_folder": "Трансформаторные пункты"}}, {"type": "Feature", "geometry": {"type": "Point", "coordinates": [66.041716, 44.633835]}, "properties": {"id": "tp_0520", "name": "Точка 527", "object_type": "tp", "voltage": "10/0,4 кВ", "parent_id": "feeder_0069", "fed_from": "Усадьба", "year": null, "power_kva": null, "balance": null, "inventory_no": null, "length": null, "description": null, "links": [], "source_folder": "Трансформаторные пункты"}}, {"type": "Feature", "geometry": {"type": "Point", "coordinates": [66.047655, 44.629436]}, "properties": {"id": "tp_0521", "name": "Точка 528", "object_type": "tp", "voltage": "10/0,4 кВ", "parent_id": "feeder_0069", "fed_from": "Усадьба", "year": null, "power_kva": null, "balance": null, "inventory_no": null, "length": null, "description": null, "links": [], "source_folder": "Трансформаторные пункты"}}, {"type": "Feature", "geometry": {"type": "Point", "coordinates": [66.043574, 44.628583]}, "properties": {"id": "tp_0522", "name": "Точка 529", "object_type": "tp", "voltage": "10/0,4 кВ", "parent_id": "feeder_0069", "fed_from": "Усадьба", "year": null, "power_kva": null, "balance": null, "inventory_no": null, "length": null, "description": null, "links": [], "source_folder": "Трансформаторные пункты"}}, {"type": "Feature", "geometry": {"type": "Point", "coordinates": [66.083322, 44.645494]}, "properties": {"id": "tp_0523", "name": "Точка 530", "object_type": "tp", "voltage": "10/0,4 кВ", "parent_id": "feeder_0068", "fed_from": "Бырказан", "year": null, "power_kva": null, "balance": null, "inventory_no": null, "length": null, "description": null, "links": [], "source_folder": "Трансформаторные пункты"}}, {"type": "Feature", "geometry": {"type": "Point", "coordinates": [66.259206, 44.457032]}, "properties": {"id": "tp_0524", "name": "Точка 531", "object_type": "tp", "voltage": "10/0,4 кВ", "parent_id": null, "fed_from": null, "year": null, "power_kva": null, "balance": null, "inventory_no": null, "length": null, "description": null, "links": [], "source_folder": "Трансформаторные пункты"}}, {"type": "Feature", "geometry": {"type": "Point", "coordinates": [66.7307286, 44.165855]}, "properties": {"id": "tp_0525", "name": "489 КТПБ-10/0,4 кВ", "object_type": "tp", "voltage": "10/0,4 кВ", "parent_id": "feeder_0037", "fed_from": "ф.Кинотеатр", "year": "2020", "power_kva": "250 кВА", "balance": "ШРЭС", "inventory_no": null, "length": null, "description": null, "links": [{"name": "Гео-схема", "url": "https://www.google.com/maps/d/u/0/viewer?hl=ru&mid=1NZv8tC4Vxc3DvNdk9IvL6ABhtI7L7t0&ll=44.16615651990699%2C66.729531&z=18"}], "source_folder": "Трансформаторные пункты"}}, {"type": "Feature", "geometry": {"type": "Point", "coordinates": [66.694359, 44.176448]}, "properties": {"id": "tp_0526", "name": "644", "object_type": "tp", "voltage": "10/0,4 кВ", "parent_id": null, "fed_from": null, "year": "2010", "power_kva": null, "balance": null, "inventory_no": null, "length": null, "description": null, "links": [], "source_folder": "Трансформаторные пункты"}}, {"type": "Feature", "geometry": {"type": "Point", "coordinates": [66.7434848, 44.1481137]}, "properties": {"id": "tp_0527", "name": "930 КТПН-10/0,4 кВ", "object_type": "tp", "voltage": "10/0,4 кВ", "parent_id": null, "fed_from": null, "year": "2026", "power_kva": "63", "balance": null, "inventory_no": null, "length": null, "description": null, "links": [], "source_folder": "Трансформаторные пункты"}}, {"type": "Feature", "geometry": {"type": "Point", "coordinates": [66.7280925, 44.1695847]}, "properties": {"id": "tp_0528", "name": "931 КТПН-10/0,4 кВ", "object_type": "tp", "voltage": "10/0,4 кВ", "parent_id": "feeder_0043", "fed_from": "ф.Береке-2", "year": "2026", "power_kva": "100 кВА", "balance": "ИП Нурсейтова Ислам", "inventory_no": null, "length": null, "description": null, "links": [{"name": "Фото", "url": "https://mymaps.usercontent.google.com/hostedimage/m/*/3AAjQbR4qAvINMmH4gkVFvrDYXnLWV5DcfgkFMMjFQahtCYYxl7ZXuCS1cZvPi6yNVujLJGdGtZy89De9_WH5X_qCSxxKDrudT1b0NlDO6f0_0hFp7v0q47O2bBdN13xh5cpfA35sz5ODRiWsmADfb94udwrpMJ4bKUpgo46YSSKdGdD7hGjHlWty7Aysd3jFnvpli5qegVLwZ6dwPsHGlSkkCaXWF9tQz37u2uRFdLvnEH3sEKGWgB9pWz4eZes?authuser=0&fife=s16383"}], "source_folder": "Трансформаторные пункты"}}, {"type": "Feature", "geometry": {"type": "Point", "coordinates": [66.7213972, 44.2085897]}, "properties": {"id": "tp_0529", "name": "Точка 534", "object_type": "tp", "voltage": "10/0,4 кВ", "parent_id": null, "fed_from": null, "year": null, "power_kva": null, "balance": null, "inventory_no": null, "length": null, "description": null, "links": [], "source_folder": "Трансформаторные пункты"}}, {"type": "Feature", "geometry": {"type": "Point", "coordinates": [66.71173, 44.16082]}, "properties": {"id": "tp_0530", "name": "000 КТП(Н)-10/0,4 кВ", "object_type": "tp", "voltage": "10/0,4 кВ", "parent_id": null, "fed_from": null, "year": null, "power_kva": null, "balance": null, "inventory_no": null, "length": null, "description": null, "links": [], "source_folder": "Трансформаторные пункты"}}, {"type": "Feature", "geometry": {"type": "Point", "coordinates": [66.8661582, 44.0831431]}, "properties": {"id": "tp_0531", "name": "261 КТП-10/0,4 кВ", "object_type": "tp", "voltage": "10/0,4 кВ", "parent_id": "feeder_0005", "fed_from": "ф.Акмая", "year": null, "power_kva": "400 кВА", "balance": null, "inventory_no": null, "length": null, "description": "Кырман", "links": [], "source_folder": "Трансформаторные пункты"}}, {"type": "Feature", "geometry": {"type": "Point", "coordinates": [66.7049625, 44.1859132]}, "properties": {"id": "tp_0532", "name": "604 КТП(Н)-10/0,4 кВ", "object_type": "tp", "voltage": "10/0,4 кВ", "parent_id": "feeder_0050", "fed_from": "ф.Кызылту", "year": "2008 г.", "power_kva": "100 кВА", "balance": null, "inventory_no": null, "length": null, "description": null, "links": [], "source_folder": "Трансформаторные пункты"}}, {"type": "Feature", "geometry": {"type": "Point", "coordinates": [66.705774, 44.1851071]}, "properties": {"id": "tp_0533", "name": "920 КТПН-10/0,4 кВ", "object_type": "tp", "voltage": "10/0,4 кВ", "parent_id": "feeder_0050", "fed_from": "Кызылту", "year": null, "power_kva": "160 кВА", "balance": null, "inventory_no": null, "length": null, "description": null, "links": [], "source_folder": "Трансформаторные пункты"}}, {"type": "Feature", "geometry": {"type": "Point", "coordinates": [66.7345386, 44.1944764]}, "properties": {"id": "tp_0534", "name": "3 ТП-10/0,4 кВ", "object_type": "tp", "voltage": "10/0,4 кВ", "parent_id": "feeder_0033", "fed_from": "ЛЦ-14", "year": null, "power_kva": null, "balance": null, "inventory_no": null, "length": null, "description": null, "links": [], "source_folder": "Трансформаторные пункты"}}, {"type": "Feature", "geometry": {"type": "Point", "coordinates": [66.7345708, 44.1946841]}, "properties": {"id": "tp_0535", "name": "Точка 535", "object_type": "tp", "voltage": "10/0,4 кВ", "parent_id": "feeder_0033", "fed_from": "ЛЦ-14", "year": null, "power_kva": null, "balance": null, "inventory_no": null, "length": null, "description": null, "links": [], "source_folder": "Трансформаторные пункты"}}, {"type": "Feature", "geometry": {"type": "Point", "coordinates": [66.7345614, 44.194599]}, "properties": {"id": "tp_0536", "name": "Точка 536", "object_type": "tp", "voltage": "10/0,4 кВ", "parent_id": "feeder_0033", "fed_from": "ЛЦ-14", "year": null, "power_kva": null, "balance": null, "inventory_no": null, "length": null, "description": null, "links": [], "source_folder": "Трансформаторные пункты"}}, {"type": "Feature", "geometry": {"type": "Point", "coordinates": [66.74674, 44.13626]}, "properties": {"id": "tp_0537", "name": "178 КТПН-10/0,4 кВ", "object_type": "tp", "voltage": "10/0,4 кВ", "parent_id": "feeder_0024", "fed_from": "Ынтымак", "year": "2026", "power_kva": "160 кВА", "balance": "ЖКХ", "inventory_no": null, "length": null, "description": null, "links": [], "source_folder": "Трансформаторные пункты"}}, {"type": "Feature", "geometry": {"type": "Point", "coordinates": [66.73789, 44.13935]}, "properties": {"id": "tp_0538", "name": "173 КТПН-10/0,4 кВ", "object_type": "tp", "voltage": "10/0,4 кВ", "parent_id": "feeder_0024", "fed_from": "Ынтымак", "year": "2026", "power_kva": "250 кВА", "balance": "ЖКХ", "inventory_no": null, "length": null, "description": null, "links": [], "source_folder": "Трансформаторные пункты"}}, {"type": "Feature", "geometry": {"type": "Point", "coordinates": [66.8659244, 44.0954283]}, "properties": {"id": "tp_0539", "name": "677 КТП-10/0,4 кВ", "object_type": "tp", "voltage": "10/0,4 кВ", "parent_id": "feeder_0015", "fed_from": "Водазабор", "year": "2012", "power_kva": "63 кВА", "balance": "КазВодХоз", "inventory_no": null, "length": null, "description": null, "links": [], "source_folder": "Трансформаторные пункты"}}, {"type": "Feature", "geometry": {"type": "Point", "coordinates": [66.7222568, 44.1826694]}, "properties": {"id": "tp_0540", "name": "ТП-10/0,4 кВ №262", "object_type": "tp", "voltage": "10/0,4 кВ", "parent_id": "feeder_0048", "fed_from": "Залинейный", "year": "1980", "power_kva": "160 кВА", "balance": "(П) Шиели Ырысы", "inventory_no": null, "length": null, "description": "АС-50", "links": [], "source_folder": "Трансформаторные пункты"}}, {"type": "Feature", "geometry": {"type": "Point", "coordinates": [66.7433783, 44.1803493]}, "properties": {"id": "tp_0541", "name": "КТП-10/0,4 кВ №629", "object_type": "tp", "voltage": "10/0,4 кВ", "parent_id": "feeder_0048", "fed_from": "Залинейный", "year": "2010", "power_kva": "160 кВА", "balance": "(П) Д.С. Каусар", "inventory_no": null, "length": null, "description": "КЛ-10 кВ", "links": [], "source_folder": "Трансформаторные пункты"}}, {"type": "Feature", "geometry": {"type": "LineString", "coordinates": [[66.7966982, 44.1577534], [66.7966955, 44.1578612], [66.7974435, 44.1590154], [66.7983259, 44.1604624], [66.7986612, 44.1618901], [66.7989589, 44.1632274], [66.796978, 44.1712519], [66.7961224, 44.1747109], [66.7952399, 44.1781985], [66.7954035, 44.1787487], [66.7955967, 44.1795046], [66.7966025, 44.1803914], [66.7967715, 44.1814878], [66.7977827, 44.1820398], [66.7979329, 44.1834228], [66.7987027, 44.1847019], [66.7986866, 44.1851808], [66.7974152, 44.1880043], [66.7960231, 44.1911546], [66.7945238, 44.194397], [66.7944353, 44.1949931], [66.7948403, 44.1959662], [66.7946096, 44.1960566], [66.7923592, 44.1968258], [66.7902752, 44.1975104], [66.7899908, 44.1977334], [66.7886953, 44.1982642], [66.7874267, 44.1987603], [66.7862304, 44.1992429], [66.7859103, 44.2002928], [66.7838616, 44.2004869], [66.7811794, 44.2012638], [66.7787011, 44.2022656], [66.7782934, 44.2022636], [66.7773036, 44.2016695], [66.7760993, 44.2011791], [66.7740743, 44.2011061], [66.7699839, 44.2009523], [66.7658882, 44.2008119], [66.7656307, 44.2007946], [66.7640669, 44.1980698], [66.7638282, 44.1979429], [66.7597057, 44.1976583], [66.7555295, 44.1973487], [66.7548938, 44.1974141], [66.7502402, 44.1985505], [66.745431, 44.1996947], [66.7407854, 44.2008061], [66.7383177, 44.2014118], [66.7335702, 44.2025521], [66.7310811, 44.2031558], [66.7288093, 44.2037], [66.7264409, 44.2042826], [66.726129, 44.2044232], [66.7245948, 44.2050769], [66.7228219, 44.2043943], [66.7210159, 44.2037196], [66.7173788, 44.2024198], [66.7170516, 44.2021852], [66.715225, 44.1994374], [66.7134065, 44.1969126], [66.7132947, 44.1963949], [66.7131029, 44.1958687], [66.7149751, 44.1929418], [66.7156453, 44.1924638], [66.7160986, 44.1912137], [66.7168469, 44.1904867], [66.7176382, 44.1891482], [66.7182524, 44.1881461], [66.718754, 44.1878076]]}, "properties": {"id": "line110_0001", "name": "ВЛ-110 кВ", "object_type": "line110", "voltage": "110 кВ", "parent_id": null, "fed_from": null, "year": null, "power_kva": null, "balance": null, "inventory_no": null, "length": null, "description": null, "links": [], "source_folder": "ВЛ-110 кВ"}}, {"type": "Feature", "geometry": {"type": "LineString", "coordinates": [[66.7197427, 44.18796], [66.7180743, 44.1892467], [66.7171136, 44.1896214], [66.715077, 44.190643], [66.712925, 44.191905], [66.710721, 44.193181], [66.70866, 44.194377], [66.704098, 44.197033], [66.701551, 44.198474], [66.695934, 44.199924], [66.69036, 44.197481], [66.648744, 44.218789], [66.63744, 44.227538], [66.633773, 44.230442], [66.632311, 44.231579], [66.628774, 44.2344], [66.625602, 44.234126], [66.617889, 44.239603], [66.6176996, 44.2396406], [66.6177747, 44.2397645]]}, "properties": {"id": "line35_0001", "name": "Л-36 35-кВ", "object_type": "line35", "voltage": "35 кВ", "parent_id": null, "fed_from": null, "year": null, "power_kva": null, "balance": null, "inventory_no": null, "length": null, "description": null, "links": [], "source_folder": "ВЛ-35 кВ"}}, {"type": "Feature", "geometry": {"type": "LineString", "coordinates": [[66.500067, 44.219475], [66.500183, 44.219523], [66.501235, 44.219368], [66.503375, 44.219471], [66.506179, 44.219952], [66.507725, 44.22015], [66.50864, 44.21973], [66.509637, 44.219237], [66.508869, 44.217958], [66.508056, 44.216831], [66.507452, 44.215882], [66.506715, 44.214777], [66.506129, 44.213916], [66.505427, 44.212848], [66.505819, 44.211444], [66.50628, 44.209875], [66.507317, 44.209559], [66.509842, 44.20864], [66.525425, 44.208276], [66.534511, 44.208031], [66.550063, 44.211359], [66.580488, 44.211322], [66.603186, 44.211873], [66.60855, 44.212756], [66.611497, 44.213229], [66.618033, 44.214308], [66.62037, 44.214128], [66.640503, 44.214539], [66.64525, 44.212634], [66.647783, 44.212235], [66.666248, 44.203396], [66.676568, 44.197534], [66.679708, 44.196792], [66.686417, 44.194147], [66.69474, 44.189514], [66.704991, 44.185103], [66.706917, 44.184491]]}, "properties": {"id": "line35_0002", "name": "Л-58 35-кВ", "object_type": "line35", "voltage": "35 кВ", "parent_id": null, "fed_from": null, "year": null, "power_kva": null, "balance": null, "inventory_no": null, "length": null, "description": null, "links": [], "source_folder": "ВЛ-35 кВ"}}, {"type": "Feature", "geometry": {"type": "LineString", "coordinates": [[66.499864, 44.219458], [66.499753, 44.219545], [66.498846, 44.220261], [66.49419, 44.223904], [66.4862, 44.228632], [66.480047, 44.234359], [66.47942, 44.235575], [66.476835, 44.240482], [66.470694, 44.251893], [66.465628, 44.261061], [66.463965, 44.264079], [66.462679, 44.277673], [66.461293, 44.280094], [66.444591, 44.29231], [66.443831, 44.293044], [66.442927, 44.293933], [66.44047, 44.294082], [66.433993, 44.29602], [66.43283, 44.296828], [66.430512, 44.29719], [66.429775, 44.296616], [66.429655, 44.29656]]}, "properties": {"id": "line35_0003", "name": "Л-18 Ортакшыл-Джулек", "object_type": "line35", "voltage": "35 кВ", "parent_id": null, "fed_from": null, "year": null, "power_kva": null, "balance": null, "inventory_no": null, "length": null, "description": null, "links": [], "source_folder": "ВЛ-35 кВ"}}, {"type": "Feature", "geometry": {"type": "LineString", "coordinates": [[66.429503, 44.296639], [66.429576, 44.296711], [66.431189, 44.298285], [66.433875, 44.300925], [66.435704, 44.302771], [66.439226, 44.306134], [66.443806, 44.310611], [66.448626, 44.315353], [66.455636, 44.322253], [66.456479, 44.323036], [66.457272, 44.323827], [66.458609, 44.325624], [66.459355, 44.326564], [66.46186, 44.329924], [66.464547, 44.329704], [66.467258, 44.329145], [66.485927, 44.323659], [66.488154, 44.322924], [66.490569, 44.322765], [66.515456, 44.321091], [66.516274, 44.322641], [66.516319, 44.322716]]}, "properties": {"id": "line35_0004", "name": "Л-44 35-кВ", "object_type": "line35", "voltage": "35 кВ", "parent_id": null, "fed_from": null, "year": null, "power_kva": null, "balance": null, "inventory_no": null, "length": null, "description": null, "links": [], "source_folder": "ВЛ-35 кВ"}}, {"type": "Feature", "geometry": {"type": "LineString", "coordinates": [[66.516468, 44.322683], [66.516446, 44.322587], [66.515946, 44.320538], [66.515439, 44.318442], [66.514884, 44.316177], [66.514405, 44.314204], [66.513535, 44.310674], [66.511675, 44.30304], [66.535847, 44.293853], [66.550934, 44.288129], [66.558981, 44.286264], [66.56588, 44.284672], [66.574293, 44.273668], [66.610509, 44.244998], [66.616657, 44.240381], [66.617444, 44.239816], [66.617647, 44.239859]]}, "properties": {"id": "line35_0005", "name": "Л-35 35-кВ", "object_type": "line35", "voltage": "35 кВ", "parent_id": null, "fed_from": null, "year": null, "power_kva": null, "balance": null, "inventory_no": null, "length": null, "description": null, "links": [], "source_folder": "ВЛ-35 кВ"}}, {"type": "Feature", "geometry": {"type": "LineString", "coordinates": [[66.25863, 44.457521], [66.258754, 44.457583], [66.26545, 44.452513], [66.266829, 44.451301], [66.274416, 44.444881], [66.2758, 44.443817], [66.281879, 44.439128], [66.286112, 44.435867], [66.29403, 44.42974], [66.326733, 44.40851], [66.33056, 44.409356], [66.404082, 44.360789], [66.440567, 44.338651], [66.451041, 44.332478], [66.461693, 44.330289], [66.46186, 44.329924]]}, "properties": {"id": "line35_0006", "name": "Л-44 35-кВ", "object_type": "line35", "voltage": "35 кВ", "parent_id": null, "fed_from": null, "year": null, "power_kva": null, "balance": null, "inventory_no": null, "length": null, "description": null, "links": [], "source_folder": "ВЛ-35 кВ"}}, {"type": "Feature", "geometry": {"type": "LineString", "coordinates": [[66.048252, 44.63877], [66.048144, 44.638708], [66.04607, 44.639935], [66.047148, 44.641605], [66.049294, 44.644874], [66.049959, 44.646002], [66.050643, 44.647062], [66.051703, 44.648544], [66.059586, 44.641282], [66.066187, 44.63517], [66.067089, 44.634315], [66.068082, 44.630209], [66.071635, 44.620905], [66.083379, 44.610745], [66.157434, 44.547546], [66.163512, 44.542488], [66.205567, 44.506812], [66.235022, 44.482243], [66.261215, 44.46036], [66.26028, 44.459531], [66.259383, 44.45871], [66.258672, 44.458055], [66.258123, 44.457755], [66.258286, 44.457618]]}, "properties": {"id": "line35_0007", "name": "Л-63 35-кВ", "object_type": "line35", "voltage": "35 кВ", "parent_id": null, "fed_from": null, "year": null, "power_kva": null, "balance": null, "inventory_no": null, "length": null, "description": null, "links": [], "source_folder": "ВЛ-35 кВ"}}, {"type": "Feature", "geometry": {"type": "LineString", "coordinates": [[66.7194746, 44.1878116], [66.7192868, 44.1879848], [66.7186914, 44.1878483], [66.7181656, 44.1877329], [66.7159528, 44.1873329], [66.7141584, 44.1870847], [66.7118222, 44.1867539], [66.7096201, 44.1861692], [66.7085151, 44.1855153], [66.7077359, 44.1851941], [66.706917, 44.184491], [66.7065785, 44.1839747], [66.7061064, 44.1835746], [66.7066134, 44.1832168], [66.7066617, 44.1821935], [66.7067019, 44.1812895], [66.7061789, 44.1791563], [66.7062996, 44.1779848], [66.7063854, 44.1769556], [66.7065061, 44.1757476], [66.7066268, 44.174551], [66.7067958, 44.1726965], [66.706895, 44.1716731], [66.7070157, 44.1705149], [66.7071123, 44.1694702], [66.7073295, 44.1672154], [66.7070801, 44.1636752], [66.7070157, 44.1627862], [66.706844, 44.1605176], [66.7067421, 44.1590649], [66.7078287, 44.1557667], [66.7105898, 44.1502898], [66.711719, 44.1470276], [66.7126873, 44.1435555], [66.7132908, 44.1413959], [66.7134356, 44.141238], [66.7215734, 44.1315766], [66.7221769, 44.1308662], [66.7223996, 44.1296803], [66.7228019, 44.1275914], [66.7229065, 44.1249884], [66.7238238, 44.1192679], [66.724827, 44.1184187], [66.7274046, 44.1172634], [66.7325115, 44.1149719], [66.7342791, 44.1141708], [66.7403248, 44.1143345], [66.7420575, 44.1143942], [66.7422926, 44.1153749], [66.7432689, 44.119384], [66.7437812, 44.1214597], [66.7443257, 44.1238376], [66.7450579, 44.1267622], [66.7458948, 44.1268854], [66.7460235, 44.1269027]]}, "properties": {"id": "line35_0008", "name": "Л-95 Шиели-Гигант", "object_type": "line35", "voltage": "35 кВ", "parent_id": null, "fed_from": null, "year": null, "power_kva": null, "balance": null, "inventory_no": null, "length": null, "description": null, "links": [], "source_folder": "ВЛ-35 кВ"}}, {"type": "Feature", "geometry": {"type": "LineString", "coordinates": [[66.8421126, 44.244257], [66.8419865, 44.2442042], [66.8343586, 44.241745], [66.8343157, 44.2394833], [66.833857, 44.2380959], [66.8334547, 44.2373541], [66.8325374, 44.2355746], [66.8314189, 44.2334299], [66.8308825, 44.2324017], [66.829316, 44.2293882], [66.8283612, 44.2275508], [66.827578, 44.2264744], [66.8249601, 44.2228301], [66.8207598, 44.2170672], [66.8176431, 44.2147142], [66.8131048, 44.2119189], [66.8119536, 44.2110318], [66.8088047, 44.2086093], [66.8062888, 44.206329], [66.8046902, 44.2046217], [66.8013535, 44.2009991], [66.7996852, 44.1991569], [66.797872, 44.1960648], [66.7958926, 44.1952533], [66.7947017, 44.1947994], [66.7928885, 44.1949802], [66.7916064, 44.1951071], [66.7890154, 44.1955917], [66.7864083, 44.1963955], [66.7849331, 44.1968148], [66.7849545, 44.1968821]]}, "properties": {"id": "line35_0009", "name": "35-кВ", "object_type": "line35", "voltage": "35 кВ", "parent_id": null, "fed_from": null, "year": null, "power_kva": null, "balance": null, "inventory_no": null, "length": null, "description": null, "links": [], "source_folder": "ВЛ-35 кВ"}}, {"type": "Feature", "geometry": {"type": "LineString", "coordinates": [[66.8421091, 44.2443464], [66.8420725, 44.2444333], [66.8422544, 44.2447192], [66.8434139, 44.2449373], [66.8472505, 44.2456174], [66.8490605, 44.2460132], [66.864047, 44.2520392], [66.8807341, 44.2589602], [66.9000245, 44.2669659], [66.9018111, 44.266075], [66.9064557, 44.2679919], [66.9065178, 44.2713425], [66.9319806, 44.3347859], [66.9326334, 44.3363163], [66.9345414, 44.3405169], [66.9350179, 44.3415955], [66.9350238, 44.3430879], [66.9350104, 44.3448005], [66.9352282, 44.3448199]]}, "properties": {"id": "line35_0010", "name": "Л-89 35-кВ", "object_type": "line35", "voltage": "35 кВ", "parent_id": null, "fed_from": null, "year": null, "power_kva": null, "balance": null, "inventory_no": null, "length": null, "description": null, "links": [], "source_folder": "ВЛ-35 кВ"}}, {"type": "Feature", "geometry": {"type": "LineString", "coordinates": [[66.8553671, 44.4133906], [66.8537956, 44.4125146], [66.8539781, 44.4125123], [66.8537956, 44.4125146], [66.8055111, 44.3816197], [66.8043984, 44.38089], [66.8027649, 44.3808996], [66.7971967, 44.3808172], [66.7860065, 44.3806983], [66.7729602, 44.3805373], [66.7636422, 44.3804261], [66.7599196, 44.3803878], [66.7601154, 44.3802603], [66.7599209, 44.3803868], [66.7413185, 44.3801568], [66.7376116, 44.3801012], [66.7364771, 44.3799153], [66.7315794, 44.3758587], [66.7255283, 44.3708355], [66.7217464, 44.3677026], [66.7181415, 44.3646998], [66.7143757, 44.3615972], [66.7107171, 44.3585366], [66.7082871, 44.3565229], [66.7046983, 44.3535694], [66.7009861, 44.350447], [66.6986472, 44.3485175], [66.6961581, 44.346446], [66.6900319, 44.3413359], [66.689804, 44.3412803], [66.6900319, 44.3413359], [66.6840479, 44.3363779], [66.6805825, 44.3334272], [66.6794506, 44.3324027], [66.6803814, 44.3312189], [66.685558, 44.327347], [66.6910083, 44.3241734], [66.6952944, 44.3216711], [66.6995377, 44.3192072], [66.7038239, 44.3167086], [66.7067689, 44.3149775], [66.7124587, 44.3113628], [66.7120992, 44.3100132], [66.7117398, 44.3087234], [66.7172597, 44.3051821], [66.7224793, 44.3013315], [66.7249684, 44.2994158], [66.7239599, 44.2985212], [66.7205159, 44.2955226], [66.717013, 44.292447], [66.7157953, 44.2914006], [66.7158596, 44.2912759]]}, "properties": {"id": "line35_0011", "name": "35-кВ", "object_type": "line35", "voltage": "35 кВ", "parent_id": null, "fed_from": null, "year": null, "power_kva": null, "balance": null, "inventory_no": null, "length": null, "description": null, "links": [], "source_folder": "ВЛ-35 кВ"}}, {"type": "Feature", "geometry": {"type": "LineString", "coordinates": [[66.7157793, 44.2911468], [66.7156505, 44.2911046], [66.7145543, 44.29041], [66.7103727, 44.2887626], [66.7079077, 44.2882941], [66.7043885, 44.2876253], [66.6980531, 44.2861776], [66.6919162, 44.2847298], [66.6872438, 44.2836238], [66.6859992, 44.2833242], [66.6847386, 44.2814348], [66.6835692, 44.2796796], [66.6827109, 44.2777401], [66.6819223, 44.2748825], [66.6796049, 44.2692131], [66.6784193, 44.2680472], [66.6761931, 44.2658874], [66.6718989, 44.2619766], [66.6706463, 44.2608644], [66.6669851, 44.2576007], [66.6654401, 44.2561522], [66.6626399, 44.2550149], [66.6598697, 44.2539075], [66.656094, 44.25236], [66.6539648, 44.2517443], [66.6524467, 44.2514004], [66.6511297, 44.2510834], [66.647887, 44.25034], [66.6468785, 44.2500864], [66.6457547, 44.249508], [66.6406086, 44.2468519], [66.6393319, 44.2461929], [66.6380069, 44.2455108], [66.6355124, 44.2442119], [66.6349787, 44.242546], [66.634512, 44.2410895], [66.6337771, 44.2387739], [66.6334016, 44.2375998], [66.6322026, 44.2368196], [66.6287104, 44.2345385], [66.6272754, 44.2343636], [66.625602, 44.234126]]}, "properties": {"id": "line35_0012", "name": "35-кВ", "object_type": "line35", "voltage": "35 кВ", "parent_id": null, "fed_from": null, "year": null, "power_kva": null, "balance": null, "inventory_no": null, "length": null, "description": null, "links": [], "source_folder": "ВЛ-35 кВ"}}, {"type": "Feature", "geometry": {"type": "LineString", "coordinates": [[66.6248362, 43.9005614], [66.626939, 43.9011615], [66.6287522, 43.9016813], [66.6331671, 43.9029375], [66.6364206, 43.9038767], [66.6379844, 43.9039386], [66.6393147, 43.904012], [66.6485201, 43.9044468], [66.6501509, 43.9045357], [66.6535412, 43.9072856], [66.6565104, 43.9098055], [66.6588198, 43.9116489], [66.6616093, 43.9139792], [66.663924, 43.9159153], [66.6701267, 43.9162242], [66.6722725, 43.9163576], [66.6733561, 43.917511], [66.6783826, 43.9238692], [66.6828216, 43.9311057], [66.6841574, 43.9323245], [66.6879768, 43.9358419], [66.6918714, 43.9393378], [66.6958116, 43.9433086], [66.6975925, 43.9455759], [66.6990383, 43.9479203], [66.6997249, 43.950535], [66.7006824, 43.9542482]]}, "properties": {"id": "line35_0013", "name": "35-кВ", "object_type": "line35", "voltage": "35 кВ", "parent_id": null, "fed_from": null, "year": null, "power_kva": null, "balance": null, "inventory_no": null, "length": null, "description": null, "links": [], "source_folder": "ВЛ-35 кВ"}}, {"type": "Feature", "geometry": {"type": "LineString", "coordinates": [[66.7461722, 44.1267784], [66.7461534, 44.1258639], [66.7459147, 44.1249609], [66.7457215, 44.1236266], [66.7440505, 44.114902], [66.7439325, 44.114201], [66.7436053, 44.1132209], [66.7434202, 44.1122638], [66.7427772, 44.1087847], [66.7425572, 44.1078025], [66.7423051, 44.1063619], [66.7421428, 44.1030193], [66.7441347, 44.101873], [66.7450413, 44.0996117], [66.7462778, 44.0964912], [66.7466345, 44.0956186], [66.7481312, 44.0945013], [66.7503199, 44.0930064], [66.7540589, 44.0907795], [66.7587447, 44.0879649], [66.7595976, 44.0865276], [66.7613572, 44.0828381], [66.7619982, 44.0802928], [66.7628377, 44.0770306], [66.7636907, 44.0736546], [66.7645812, 44.0701762], [66.7654422, 44.0665974], [66.7667377, 44.0616577], [66.7635056, 44.0569623], [66.7572288, 44.0475341], [66.7558448, 44.0455001], [66.7537553, 44.0424443], [66.7508398, 44.0411872], [66.7492922, 44.0405008], [66.7473556, 44.0396717], [66.7422165, 44.0374466], [66.7392687, 44.0361778], [66.7373188, 44.0353352], [66.7348431, 44.0342823], [66.7311899, 44.0327049], [66.7292158, 44.0318507], [66.7274134, 44.0310754], [66.7255251, 44.0302713], [66.723948, 44.0295906], [66.7223681, 44.0289291], [66.7190573, 44.0274612], [66.7174668, 44.0268402], [66.7168794, 44.0239146], [66.7159594, 44.01971], [66.7156641, 44.0182983], [66.7152591, 44.0175441], [66.7006824, 43.9542482], [66.6990383, 43.9479203], [66.6958116, 43.9433086], [66.6828216, 43.9311057], [66.6783826, 43.9238692], [66.6722725, 43.9163576], [66.663924, 43.9159153], [66.6501509, 43.9045357], [66.6364206, 43.9038767], [66.6248362, 43.9005614]]}, "properties": {"id": "line35_0014", "name": "Л-96 Гигант-Каргалы", "object_type": "line35", "voltage": "35 кВ", "parent_id": null, "fed_from": null, "year": null, "power_kva": null, "balance": null, "inventory_no": null, "length": null, "description": null, "links": [], "source_folder": "ВЛ-35 кВ"}}, {"type": "Feature", "geometry": {"type": "LineString", "coordinates": [[66.7422795, 44.1987309], [66.74238, 44.1988838], [66.7428776, 44.1998763], [66.7429339, 44.199957], [66.7423438, 44.2000897], [66.7356759, 44.2017126], [66.7274817, 44.2036989], [66.7254406, 44.20417], [66.7238241, 44.2045646], [66.7223355, 44.204007], [66.7206886, 44.2033686], [66.7191437, 44.2027956], [66.7174136, 44.202138], [66.7167029, 44.2010439], [66.715984, 44.1999171], [66.7145195, 44.197648], [66.7138168, 44.1965404], [66.714541, 44.1953443], [66.7161128, 44.1927288], [66.7167914, 44.1915961], [66.7175424, 44.1903326], [66.7186555, 44.1892075], [66.7197016, 44.188142], [66.7198759, 44.1880131]]}, "properties": {"id": "line35_0015", "name": "35-кВ", "object_type": "line35", "voltage": "35 кВ", "parent_id": null, "fed_from": null, "year": null, "power_kva": null, "balance": null, "inventory_no": null, "length": null, "description": null, "links": [], "source_folder": "ВЛ-35 кВ"}}, {"type": "Feature", "geometry": {"type": "LineString", "coordinates": [[66.7851207, 44.1968641], [66.7858315, 44.196766], [66.7858744, 44.1980737], [66.7858529, 44.1993236], [66.7849732, 44.1997543], [66.7837286, 44.2002658], [66.7823553, 44.2004812], [66.7800326, 44.2005004], [66.7745769, 44.2005581], [66.7657847, 44.2006504], [66.7642665, 44.1977814], [66.7598194, 44.1974064], [66.7549843, 44.1970259], [66.7503066, 44.1981854], [66.7457951, 44.1992623], [66.7429339, 44.199957], [66.74238, 44.1988838], [66.7424021, 44.1987027]]}, "properties": {"id": "line35_0016", "name": "35-кВ", "object_type": "line35", "voltage": "35 кВ", "parent_id": null, "fed_from": null, "year": null, "power_kva": null, "balance": null, "inventory_no": null, "length": null, "description": null, "links": [], "source_folder": "ВЛ-35 кВ"}}, {"type": "Feature", "geometry": {"type": "LineString", "coordinates": [[67.0953482, 44.0689059], [67.0953871, 44.0690495], [67.095599, 44.0702327], [67.0957761, 44.0715451], [67.0959531, 44.0727803], [67.0963393, 44.0754049], [67.0971493, 44.0810083], [67.0980881, 44.0872739], [67.0982759, 44.0884491], [67.0985173, 44.0898747], [67.0995258, 44.0959043], [67.099971, 44.0985779], [67.0993917, 44.1000418], [67.089084, 44.1043891], [67.0868758, 44.1053286], [67.0843867, 44.106384], [67.0803768, 44.1080789], [67.0763481, 44.1085873], [67.0736606, 44.1082021], [67.0709301, 44.1078246], [67.0654906, 44.1070581], [67.0600832, 44.1062608], [67.0548261, 44.1055019], [67.0524765, 44.1051668], [67.0477504, 44.1058756], [67.045384, 44.1068795], [67.0430049, 44.1078771], [67.0404032, 44.108973], [67.0378175, 44.1100572], [67.0353043, 44.1111164], [67.0309671, 44.1129363], [67.0286417, 44.113929], [67.0261499, 44.1142015], [67.0237005, 44.114474], [67.0177997, 44.115148], [67.0119363, 44.1158142], [67.0088679, 44.1161686], [67.0029134, 44.1168502], [66.9996786, 44.1172161], [66.9986728, 44.1178304], [66.9972834, 44.1179074], [66.9957492, 44.1197135], [66.9938878, 44.1208843], [66.9913879, 44.1224708], [66.9869301, 44.1253146], [66.9845106, 44.1268586], [66.983309, 44.1276171], [66.9815977, 44.1287068], [66.9775744, 44.1312673], [66.9757344, 44.1324262], [66.9713195, 44.1348826], [66.9691442, 44.1360838], [66.9639598, 44.1389691], [66.9640832, 44.1390577], [66.9648664, 44.1392925], [66.9656415, 44.1401606], [66.9655852, 44.1403743], [66.9656496, 44.1404455], [66.9655839, 44.1403743], [66.9656415, 44.1401606], [66.9648664, 44.1392915], [66.9640832, 44.1390577], [66.9639598, 44.1389682], [66.9625369, 44.1397381], [66.9553673, 44.1437244], [66.9507969, 44.1462784], [66.9419187, 44.1506627], [66.9398373, 44.1515826], [66.9375322, 44.1525672], [66.9348929, 44.1531002], [66.9322778, 44.1536093], [66.9316649, 44.1540355], [66.9274659, 44.1565988], [66.9232763, 44.1591811], [66.9210232, 44.1605473], [66.9147147, 44.1644071], [66.9072201, 44.166885], [66.9058844, 44.1649533], [66.9037333, 44.1616919], [66.9012174, 44.1578935], [66.8999514, 44.1559634], [66.8986599, 44.1540121], [66.8961252, 44.1501805], [66.8948645, 44.1482733], [66.8936388, 44.1464083], [66.891147, 44.1426513], [66.8890442, 44.1394541], [66.8879686, 44.1378295], [66.8873534, 44.1366587], [66.8852291, 44.1326123], [66.8830485, 44.1284828], [66.8810207, 44.1248151], [66.8791405, 44.1214957], [66.8769572, 44.1178719], [66.8744761, 44.1139127], [66.8732021, 44.1118946], [66.8709544, 44.1107429], [66.8687228, 44.1086765], [66.8673924, 44.1074227], [66.8665207, 44.1066177], [66.8654264, 44.1055834], [66.8656798, 44.103877], [66.8658354, 44.1027368], [66.8647116, 44.1022822], [66.8639391, 44.1015349], [66.8660068, 44.1003141], [66.8713766, 44.0972206], [66.8709179, 44.0960032], [66.8714409, 44.09593], [66.8717708, 44.095878], [66.8714409, 44.09593], [66.8709179, 44.0960032], [66.8713766, 44.0972206], [66.8660068, 44.1003141], [66.8639391, 44.1015349], [66.8647116, 44.1022822], [66.8658354, 44.1027368], [66.8656798, 44.103877], [66.8654264, 44.1055834], [66.8665207, 44.1066177], [66.8673924, 44.1074227], [66.8687228, 44.1086765], [66.8709544, 44.1107429], [66.8732021, 44.1118946], [66.8744761, 44.1139127], [66.8769572, 44.1178719], [66.8791405, 44.1214957], [66.8810207, 44.1248151], [66.8830485, 44.1284828], [66.8852291, 44.1326123], [66.8873534, 44.1366587], [66.8879686, 44.1378295], [66.8890442, 44.1394541], [66.891147, 44.1426513], [66.8948645, 44.1482733], [66.8961252, 44.1501805], [66.8986599, 44.1540121], [66.8999514, 44.1559634], [66.9012174, 44.1578935], [66.9037333, 44.1616919], [66.9058844, 44.1649533], [66.9072201, 44.166885], [66.9048229, 44.167677], [66.9008586, 44.1692431], [66.8932786, 44.1728138], [66.8882844, 44.1751685], [66.8835369, 44.1774038], [66.8820134, 44.1784733], [66.8803718, 44.1790812], [66.8779686, 44.1795813], [66.8727651, 44.1806623], [66.8674651, 44.1817511], [66.8655875, 44.1810355], [66.8584636, 44.1824743], [66.8532654, 44.1835091], [66.8506315, 44.1838861], [66.8423542, 44.1850671], [66.8396666, 44.1854402], [66.8379621, 44.185144], [66.8357493, 44.1846824], [66.8287246, 44.1833495], [66.8240522, 44.1846343], [66.819133, 44.1859884], [66.812862, 44.1877194], [66.8075995, 44.1891657], [66.804413, 44.1900432], [66.8036882, 44.190652], [66.8027602, 44.1915078], [66.8015908, 44.1920406], [66.8021218, 44.1929521], [66.8005259, 44.1934618], [66.7986296, 44.1951387], [66.797872, 44.1960648]]}, "properties": {"id": "line35_0017", "name": "35-кВ", "object_type": "line35", "voltage": "35 кВ", "parent_id": null, "fed_from": null, "year": null, "power_kva": null, "balance": null, "inventory_no": null, "length": null, "description": null, "links": [], "source_folder": "ВЛ-35 кВ"}}, {"type": "Feature", "geometry": {"type": "LineString", "coordinates": [[66.842384, 44.244329], [66.84252, 44.244344], [66.844321, 44.244112], [66.845108, 44.244008], [66.845838, 44.24392], [66.845846, 44.24376], [66.845838, 44.24392], [66.846349, 44.243835], [66.84594, 44.243278], [66.844763, 44.243472], [66.844235, 44.2428], [66.844349, 44.24272], [66.844234, 44.242801], [66.844763, 44.243472], [66.84594, 44.243278], [66.845536, 44.242751], [66.844651, 44.241612], [66.842524, 44.241799], [66.844651, 44.241612], [66.843728, 44.240345], [66.843244, 44.238528], [66.843313, 44.238514], [66.843244, 44.238528], [66.842925, 44.236511], [66.842781, 44.236553], [66.842798, 44.236495], [66.842781, 44.236553], [66.84238, 44.236532], [66.834101, 44.237401], [66.833827, 44.237252], [66.832869, 44.235302], [66.832835, 44.235283], [66.832769, 44.235282], [66.832835, 44.235283], [66.832741, 44.235252], [66.832482, 44.234579], [66.83239, 44.234106], [66.833791, 44.233972], [66.835127, 44.233613], [66.835852, 44.233485], [66.838308, 44.233152], [66.835852, 44.233485], [66.835127, 44.233613], [66.833791, 44.233972], [66.83239, 44.234106], [66.832482, 44.234579], [66.83274, 44.23525], [66.832835, 44.235283], [66.832869, 44.235302], [66.833827, 44.237252], [66.834101, 44.237401], [66.84238, 44.236532], [66.842781, 44.236553], [66.842925, 44.236511], [66.842369, 44.234507]]}, "properties": {"id": "feeder_0001", "name": "ф.Енбекшы", "object_type": "feeder", "voltage": "10 кВ", "parent_id": null, "fed_from": null, "year": null, "power_kva": null, "balance": null, "inventory_no": null, "length": null, "description": "ячейка №3", "links": [], "source_folder": "ВЛ-10 кВ"}}, {"type": "Feature", "geometry": {"type": "LineString", "coordinates": [[66.842622, 44.244288], [66.843068, 44.244124], [66.84494, 44.243546], [66.84602, 44.242877], [66.846033, 44.24266], [66.846103, 44.242624], [66.846033, 44.24266], [66.84602, 44.242877], [66.846528, 44.242572], [66.846638, 44.242556]]}, "properties": {"id": "feeder_0002", "name": "ф.Клуб", "object_type": "feeder", "voltage": "10 кВ", "parent_id": null, "fed_from": null, "year": null, "power_kva": null, "balance": null, "inventory_no": null, "length": null, "description": "Ячейка №1", "links": [], "source_folder": "ВЛ-10 кВ"}}, {"type": "Feature", "geometry": {"type": "LineString", "coordinates": [[66.841893, 44.24428], [66.832818, 44.241368], [66.833306, 44.239454], [66.834812, 44.239481]]}, "properties": {"id": "feeder_0003", "name": "яч-8 ф.Школа", "object_type": "feeder", "voltage": "10 кВ", "parent_id": null, "fed_from": null, "year": null, "power_kva": null, "balance": null, "inventory_no": null, "length": null, "description": null, "links": [], "source_folder": "ВЛ-10 кВ"}}, {"type": "Feature", "geometry": {"type": "LineString", "coordinates": [[66.7161212, 44.291271], [66.7162191, 44.2912998], [66.7165785, 44.2907171], [66.7141564, 44.2892118], [66.7134577, 44.2890371], [66.7113602, 44.2889027], [66.7108853, 44.2881861], [66.7113602, 44.2889027], [66.7134577, 44.2890409], [66.7141604, 44.2892176], [66.7144367, 44.28892], [66.7146146, 44.2888087], [66.7183923, 44.28494], [66.7220133, 44.2868101], [66.7226114, 44.286261], [66.7231157, 44.2864895], [66.7228087, 44.2867624], [66.7231157, 44.2864876], [66.7226061, 44.2862591], [66.722016, 44.2868121], [66.718387, 44.2849438], [66.7200124, 44.283281], [66.722244, 44.2843294], [66.7245574, 44.2853778], [66.7245276, 44.2854031], [66.7245574, 44.2853778], [66.7250388, 44.285612], [66.726907, 44.2865855], [66.726872, 44.2866109], [66.7269057, 44.2865845], [66.727265, 44.2867712], [66.7324543, 44.2811062], [66.7303348, 44.2802076], [66.7324543, 44.2811062], [66.727265, 44.2867712], [66.7269079, 44.2865877], [66.7250411, 44.2856142], [66.7245583, 44.285378], [66.7222489, 44.2843296], [66.720012, 44.2832812], [66.7203097, 44.2830643], [66.7207603, 44.2828914], [66.7225145, 44.2822232], [66.7225591, 44.2819725], [66.7230848, 44.2814271], [66.722433, 44.2819706], [66.7230821, 44.2814271], [66.7225747, 44.2803497], [66.7230821, 44.281431], [66.7240348, 44.2803172], [66.7251242, 44.2804323], [66.7240348, 44.2803172], [66.7256061, 44.2783355], [66.7261747, 44.2781665], [66.7284119, 44.2793548], [66.7295519, 44.279886], [66.7284119, 44.2793548], [66.7261747, 44.2781665], [66.7299083, 44.2740184], [66.7328695, 44.2693322], [66.7371181, 44.2492004], [66.7332557, 44.24628], [66.734629, 44.2328133], [66.7370323, 44.2330286], [66.7379698, 44.2313055], [66.7392535, 44.2313563], [66.7379698, 44.2313132], [66.7391607, 44.2293529], [66.7380449, 44.2266775], [66.7409502, 44.2259834], [66.7444011, 44.2250621], [66.7409502, 44.2259834], [66.7380557, 44.2266852], [66.7368648, 44.2240788], [66.735116, 44.224594], [66.7354095, 44.2246411], [66.7351106, 44.224594], [66.7349339, 44.224456], [66.735116, 44.2245978], [66.7368594, 44.2240788], [66.7359289, 44.2212808], [66.7387075, 44.2208813], [66.7359289, 44.2212847], [66.7359692, 44.2214115], [66.7354754, 44.2215185], [66.7354676, 44.2214826], [66.7322811, 44.2218556], [66.7318144, 44.2218402], [66.7296043, 44.2224168], [66.7291698, 44.2225744], [66.7291352, 44.2224837], [66.7291725, 44.2225744], [66.7285958, 44.2227052], [66.727936, 44.2228436], [66.7268684, 44.2231972], [66.7242842, 44.2240207], [66.7246597, 44.2248972], [66.7254269, 44.2252124], [66.72562, 44.2253201], [66.7262637, 44.2268078], [66.7264649, 44.2268222], [66.7262583, 44.2268116], [66.72562, 44.2253239], [66.7254269, 44.2252163], [66.7246544, 44.2248972], [66.7242789, 44.2240207], [66.723197, 44.2214328], [66.7221324, 44.2161731], [66.72515, 44.2142122], [66.7221324, 44.2161731], [66.723197, 44.2214328], [66.7242842, 44.2240207], [66.7268684, 44.2231972], [66.727936, 44.2228436], [66.7285958, 44.2227052], [66.7291698, 44.2225744], [66.7296043, 44.2224168], [66.7318144, 44.2218402], [66.7322811, 44.2218556], [66.7354676, 44.2214826], [66.7354754, 44.2215185], [66.7359692, 44.2214115], [66.7359289, 44.2212808], [66.7350546, 44.21535], [66.7353962, 44.2152963], [66.7421571, 44.2149002], [66.7415327, 44.2102149], [66.7412484, 44.2095842], [66.7400628, 44.2092305], [66.7394835, 44.2093305], [66.7378232, 44.2102994], [66.7377159, 44.2103129], [66.7377087, 44.2091039], [66.7352518, 44.208779], [66.7329317, 44.2084502], [66.731789, 44.2063564], [66.7311238, 44.2051432], [66.7304372, 44.2038607], [66.7300885, 44.2032012], [66.7296218, 44.2034127], [66.7282619, 44.2042664], [66.724817, 44.2064459], [66.7227759, 44.2077264], [66.7221657, 44.2081273], [66.7214911, 44.2085397], [66.7213972, 44.2085897]]}, "properties": {"id": "feeder_0004", "name": "яч-1 ф.Ленин", "object_type": "feeder", "voltage": "10 кВ", "parent_id": null, "fed_from": null, "year": null, "power_kva": null, "balance": null, "inventory_no": null, "length": null, "description": "От ПС-35/10 кВ \"\"Бестам\"\"\nЯчейка №1", "links": [], "source_folder": "ВЛ-10 кВ"}}, {"type": "Feature", "geometry": {"type": "LineString", "coordinates": [[66.872099, 44.09555], [66.871397, 44.095684], [66.870932, 44.095782], [66.871078, 44.096302], [66.871269, 44.096881], [66.871437, 44.097225], [66.871629, 44.097626], [66.871753, 44.097983], [66.871867, 44.098296], [66.872204, 44.098743], [66.872652, 44.099101], [66.872558, 44.099583], [66.872444, 44.099927], [66.872122, 44.100474], [66.871854, 44.10081], [66.872207, 44.101241], [66.87238, 44.101416], [66.872207, 44.101241], [66.871854, 44.10081], [66.872122, 44.100474], [66.872444, 44.099927], [66.872558, 44.099583], [66.872652, 44.099101], [66.872204, 44.098743], [66.871867, 44.098296], [66.871753, 44.097983], [66.871629, 44.097626], [66.871437, 44.097225], [66.871269, 44.096881], [66.871078, 44.096302], [66.870932, 44.095782], [66.870794, 44.095456], [66.870587, 44.094983], [66.870401, 44.094646], [66.870203, 44.094212], [66.869962, 44.093774], [66.869658, 44.093382], [66.869413, 44.093327], [66.86906, 44.093513], [66.868737, 44.093696], [66.868238, 44.093993], [66.867849, 44.09422], [66.867536, 44.094412], [66.867358, 44.094492], [66.867361, 44.094715], [66.867024, 44.094897], [66.866447, 44.095116], [66.865993, 44.095284], [66.86569, 44.095405], [66.865392, 44.095532], [66.865198, 44.095586], [66.865139, 44.095602], [66.865198, 44.095586], [66.865392, 44.095532], [66.86569, 44.095405], [66.865993, 44.095284], [66.866447, 44.095116], [66.867024, 44.094897], [66.867361, 44.094715], [66.867358, 44.094492], [66.867092, 44.09423], [66.866811, 44.093943], [66.866507, 44.093617], [66.866256, 44.093366], [66.86597, 44.093061], [66.865731, 44.092819], [66.865437, 44.092505], [66.865171, 44.092239], [66.864913, 44.091984], [66.864622, 44.091671], [66.864308, 44.091363], [66.864088, 44.091137], [66.863869, 44.090909], [66.863612, 44.090647], [66.863329, 44.090282], [66.863083, 44.090019], [66.862894, 44.089755], [66.862681, 44.089525], [66.862967, 44.08931], [66.863033, 44.08927], [66.862967, 44.08931], [66.862681, 44.089525], [66.862894, 44.089755], [66.863083, 44.090019], [66.863329, 44.090282], [66.863612, 44.090647], [66.863869, 44.090909], [66.864088, 44.091137], [66.864308, 44.091363], [66.864622, 44.091671], [66.864913, 44.091984], [66.865171, 44.092239], [66.865437, 44.092505], [66.865731, 44.092819], [66.86597, 44.093061], [66.866256, 44.093366], [66.866507, 44.093617], [66.866811, 44.093943], [66.867092, 44.09423], [66.867358, 44.094492], [66.867536, 44.094412], [66.867849, 44.09422], [66.868238, 44.093993], [66.868737, 44.093696], [66.86906, 44.093513], [66.869413, 44.093327], [66.869658, 44.093382], [66.870038, 44.093159], [66.870343, 44.093009], [66.870656, 44.092847], [66.870971, 44.092669], [66.871332, 44.09247], [66.87157, 44.092445], [66.871643, 44.092501], [66.87157, 44.092445], [66.871332, 44.09247], [66.871761, 44.092233], [66.872167, 44.092012], [66.871898, 44.091936], [66.871701, 44.091683], [66.871417, 44.091398], [66.871136, 44.091113], [66.870829, 44.090793], [66.870575, 44.090527], [66.87033, 44.090258], [66.870022, 44.089945], [66.86965, 44.089594], [66.869369, 44.089307], [66.869076, 44.089008], [66.86855, 44.088478], [66.868397, 44.088242], [66.868313, 44.088157], [66.867995, 44.087818], [66.867581, 44.087402], [66.867138, 44.086963], [66.866747, 44.086579], [66.86638, 44.086822], [66.865922, 44.08711], [66.865793, 44.087109], [66.865862, 44.087073], [66.865793, 44.087109], [66.865922, 44.08711], [66.865515, 44.087424], [66.865014, 44.087756], [66.864727, 44.087954], [66.864689, 44.088178], [66.864427, 44.08846], [66.863992, 44.088658], [66.863851, 44.088654], [66.86386, 44.088691], [66.863851, 44.088654], [66.863992, 44.088658], [66.86376, 44.088794], [66.863818, 44.089046], [66.863864, 44.089198], [66.863939, 44.089186], [66.863864, 44.089198], [66.863818, 44.089046], [66.86376, 44.088794], [66.863992, 44.088658], [66.864427, 44.08846], [66.864689, 44.088178], [66.864727, 44.087954], [66.865014, 44.087756], [66.865515, 44.087424], [66.865922, 44.08711], [66.86638, 44.086822], [66.866747, 44.086579], [66.867138, 44.086963], [66.867581, 44.087402], [66.867995, 44.087818], [66.868313, 44.088157], [66.868397, 44.088242], [66.86855, 44.088478], [66.869076, 44.089008], [66.869369, 44.089307], [66.86965, 44.089594], [66.870022, 44.089945], [66.87033, 44.090258], [66.870575, 44.090527], [66.870829, 44.090793], [66.871136, 44.091113], [66.871417, 44.091398], [66.871701, 44.091683], [66.871898, 44.091936], [66.872167, 44.092012], [66.872591, 44.091773], [66.872912, 44.091593], [66.87316, 44.091443], [66.873279, 44.09113], [66.873385, 44.090934], [66.873668, 44.090743], [66.874037, 44.090507], [66.874327, 44.090354], [66.874061, 44.090019], [66.873821, 44.089759], [66.873601, 44.089511], [66.873392, 44.089269], [66.873176, 44.089039], [66.87296, 44.088795], [66.872672, 44.088479], [66.8724, 44.088196], [66.872004, 44.087766], [66.871776, 44.087525], [66.871679, 44.087381], [66.872094, 44.087128], [66.872387, 44.086948], [66.872683, 44.086749], [66.872895, 44.086599], [66.873015, 44.086502], [66.873097, 44.086442], [66.873015, 44.086502], [66.872895, 44.086599], [66.872683, 44.086749], [66.872387, 44.086948], [66.872094, 44.087128], [66.871679, 44.087381], [66.871483, 44.08723], [66.871192, 44.086935], [66.870998, 44.086746], [66.870742, 44.086503], [66.870489, 44.086268], [66.870044, 44.086084], [66.869697, 44.085945], [66.869378, 44.085812], [66.869078, 44.085666], [66.868852, 44.085584], [66.868464, 44.085414], [66.868076, 44.085255], [66.867511, 44.085031], [66.867288, 44.084873], [66.866978, 44.085129], [66.866661, 44.085291], [66.866328, 44.085451], [66.866025, 44.085618], [66.865766, 44.085768], [66.865332, 44.085993], [66.864933, 44.0862], [66.864724, 44.08617], [66.864649, 44.086115], [66.864724, 44.08617], [66.864933, 44.0862], [66.865332, 44.085993], [66.865766, 44.085768], [66.866025, 44.085618], [66.866328, 44.085451], [66.866661, 44.085291], [66.866978, 44.085129], [66.867288, 44.084873], [66.867077, 44.084685], [66.866878, 44.084476], [66.866692, 44.084281], [66.86646, 44.084046], [66.866158, 44.083757], [66.8657755, 44.083353], [66.8661582, 44.0831431], [66.8657755, 44.083353], [66.865578, 44.083187], [66.865352, 44.082949], [66.865089, 44.08265], [66.864876, 44.082422], [66.864571, 44.082109], [66.864288, 44.081823], [66.864052, 44.081546], [66.86374, 44.081224], [66.863372, 44.080833], [66.863351, 44.0804], [66.863661, 44.080363], [66.864167, 44.080369], [66.864587, 44.080321]]}, "properties": {"id": "feeder_0005", "name": "ф.Акмая", "object_type": "feeder", "voltage": "10 кВ", "parent_id": null, "fed_from": null, "year": "1976", "power_kva": null, "balance": null, "inventory_no": "10041а", "length": "12 км", "description": "Расчетная схема в онлайн формате: (сред.качество)\nРасчетная схема в pdf формате:\n(высок.качество)", "links": [{"name": "Гео-схема", "url": "https://www.google.com/maps/d/viewer?hl=ru&mid=1KefxQkQaafriggjlbwuQwwbniPD3Xtk&ll=44.090888443898905%2C66.86850399999999&z=15"}, {"name": "Ссылка", "url": "https://drive.google.com/file/d/1gf1IhQN6pyib_jViPmr_3bLktQClVKB7/view?usp=sharing"}, {"name": "Ссылка", "url": "https://drive.google.com/file/d/1eVwqCTGdD7iL00I9QOYjNSmUOkFrh4fl/view?usp=sharing"}], "source_folder": "ВЛ-10 кВ"}}, {"type": "Feature", "geometry": {"type": "LineString", "coordinates": [[66.872253, 44.095847], [66.872422, 44.095872], [66.872545, 44.096035], [66.872765, 44.096332], [66.872763, 44.096676], [66.872649, 44.097455], [66.872797, 44.098335], [66.872811, 44.098751], [66.872526, 44.098939], [66.872279, 44.099119], [66.871775, 44.09939], [66.871197, 44.099741], [66.870677, 44.100052], [66.870036, 44.100425], [66.869336, 44.100834], [66.868824, 44.101149], [66.868191, 44.101532], [66.867573, 44.101883], [66.866946, 44.102223], [66.866449, 44.102497], [66.865721, 44.103046], [66.865335, 44.103445], [66.864703, 44.103858], [66.864299, 44.104141], [66.863741, 44.104497], [66.863104, 44.10492], [66.86242, 44.105367], [66.861756, 44.10579], [66.861139, 44.1062], [66.860475, 44.106639], [66.859791, 44.107085], [66.859158, 44.107557], [66.858345, 44.108015], [66.85761, 44.108377], [66.856844, 44.10876], [66.856193, 44.109098], [66.855405, 44.109489], [66.854689, 44.109849], [66.853916, 44.11019], [66.853323, 44.110523], [66.852477, 44.110936], [66.851704, 44.111338], [66.850877, 44.111688], [66.850234, 44.112057], [66.849518, 44.112429], [66.848967, 44.112697], [66.848252, 44.113049], [66.847464, 44.113428], [66.846698, 44.113817], [66.845997, 44.114181], [66.845326, 44.114499], [66.842388, 44.115945], [66.841882, 44.116196], [66.84025, 44.117006], [66.839563, 44.117337], [66.838062, 44.118052], [66.833736, 44.120139], [66.832376, 44.120793], [66.831615, 44.121142], [66.830932, 44.121486], [66.830129, 44.121865], [66.829332, 44.122245], [66.827848, 44.122965], [66.826354, 44.123694], [66.825728, 44.123982], [66.825098, 44.124287], [66.824556, 44.124558], [66.823912, 44.124855], [66.822497, 44.125545], [66.821242, 44.126145], [66.820982, 44.126403], [66.820739, 44.12666], [66.819869, 44.127468], [66.819386, 44.127899], [66.818712, 44.128468], [66.818277, 44.128865], [66.816911, 44.129881], [66.815348, 44.13097], [66.815041, 44.131139], [66.814965, 44.131062], [66.815041, 44.131139], [66.812862, 44.132287], [66.812455, 44.132503], [66.811534, 44.133059], [66.810964, 44.133364], [66.810541, 44.133602], [66.809934, 44.133943], [66.809299, 44.134291], [66.808687, 44.134615], [66.808111, 44.134929], [66.807547, 44.135245], [66.806846, 44.135644], [66.806533, 44.135602], [66.805858, 44.135494], [66.805444, 44.13543], [66.804788, 44.135727], [66.803965, 44.136129], [66.803071, 44.136559], [66.800851, 44.137613], [66.800107, 44.137972], [66.799288, 44.138351], [66.798548, 44.138696], [66.79717, 44.139357], [66.796453, 44.139696], [66.795672, 44.140066], [66.795068, 44.140342], [66.794318, 44.140707], [66.793665, 44.141012], [66.79301, 44.141323], [66.792962, 44.141187], [66.79272, 44.140736], [66.792583, 44.140259], [66.792533, 44.140062], [66.792617, 44.140073], [66.792533, 44.140062], [66.792583, 44.140259], [66.79272, 44.140736], [66.792962, 44.141187], [66.79301, 44.141323], [66.792275, 44.141667], [66.79167, 44.141957], [66.790935, 44.142295], [66.790316, 44.142603], [66.789461, 44.143004], [66.787866, 44.143902], [66.787132, 44.144315], [66.786555, 44.144636], [66.785201, 44.145391], [66.784706, 44.145664], [66.783901, 44.145249], [66.783071, 44.144844], [66.782292, 44.14443], [66.781584, 44.144132], [66.781135, 44.144339], [66.781349, 44.144965], [66.781701, 44.145751], [66.782154, 44.146332], [66.782456, 44.146911], [66.782405, 44.146955], [66.78171, 44.14735], [66.781063, 44.147704], [66.78049, 44.148032], [66.779661, 44.14849], [66.778994, 44.148864], [66.778339, 44.149245], [66.778394, 44.149357], [66.77872, 44.149621], [66.779032, 44.149868], [66.779712, 44.150363], [66.780043, 44.150599], [66.780377, 44.15081], [66.78049, 44.150825], [66.780377, 44.15081], [66.780043, 44.150599], [66.779712, 44.150363], [66.779032, 44.149868], [66.77872, 44.149621], [66.778394, 44.149357], [66.778339, 44.149245], [66.777698, 44.149582], [66.776282, 44.150387], [66.775655, 44.1507], [66.774975, 44.151025], [66.77478, 44.150998], [66.774319, 44.150579], [66.773875, 44.150169], [66.773798, 44.150219], [66.773875, 44.150169], [66.774319, 44.150579], [66.77478, 44.150998], [66.774975, 44.151025], [66.774223, 44.151371], [66.773483, 44.151726], [66.772763, 44.152343], [66.772144, 44.152649], [66.771485, 44.153], [66.770869, 44.153286], [66.770551, 44.15346], [66.770162, 44.153654], [66.769759, 44.153865], [66.769379, 44.154056], [66.768939, 44.154275], [66.768516, 44.154496], [66.76811, 44.1547], [66.767711, 44.154898], [66.767293, 44.155118], [66.766908, 44.155309], [66.7665, 44.155515], [66.766111, 44.155714], [66.765705, 44.155907], [66.765291, 44.156133], [66.764925, 44.156313], [66.764609, 44.156035], [66.764456, 44.156115], [66.764424, 44.156054], [66.764456, 44.156115], [66.763866, 44.156389], [66.762975, 44.156819], [66.762338, 44.157127], [66.762286, 44.157055], [66.762202, 44.156925], [66.761887, 44.156582], [66.761603, 44.156291], [66.761212, 44.15592], [66.76047, 44.155463], [66.760085, 44.154893], [66.759544, 44.154498], [66.75902, 44.15401], [66.758591, 44.153558], [66.758335, 44.153746], [66.75801, 44.153997], [66.757388, 44.1537], [66.756965, 44.15345], [66.756371, 44.153289], [66.7559, 44.153239], [66.755401, 44.153203], [66.755211, 44.153402], [66.754912, 44.153783], [66.754612, 44.154139], [66.754322, 44.154489], [66.754207, 44.154633], [66.754154, 44.154709], [66.754207, 44.154633], [66.754322, 44.154489], [66.754612, 44.154139], [66.754912, 44.153783], [66.755211, 44.153402], [66.755401, 44.153203], [66.7559, 44.153239], [66.756371, 44.153289], [66.756965, 44.15345], [66.757388, 44.1537], [66.75801, 44.153997], [66.758335, 44.153746], [66.758591, 44.153558], [66.75902, 44.15401], [66.759544, 44.154498], [66.760085, 44.154893], [66.76047, 44.155463], [66.761212, 44.15592], [66.761603, 44.156291], [66.761887, 44.156582], [66.762202, 44.156925], [66.762338, 44.157127], [66.761859, 44.157337], [66.761784, 44.157947], [66.761304, 44.158204], [66.760693, 44.158508], [66.760047, 44.158837], [66.759298, 44.159196], [66.758638, 44.159515], [66.758499, 44.159577], [66.758494, 44.15952], [66.758805, 44.159364], [66.758614, 44.159112], [66.758369, 44.158857], [66.758179, 44.158641], [66.758313, 44.158487], [66.758336, 44.158397]]}, "properties": {"id": "feeder_0006", "name": "ф.Разьезд", "object_type": "feeder", "voltage": "10 кВ", "parent_id": null, "fed_from": null, "year": "1979", "power_kva": null, "balance": null, "inventory_no": "7752", "length": "14,4 км", "description": null, "links": [{"name": "Ссылка", "url": "https://www.google.com/maps/d/viewer?hl=ru&mid=1KefxQkQaafriggjlbwuQwwbniPD3Xtk&ll=44.090888443898905%2C66.86850399999999&z=15"}], "source_folder": "ВЛ-10 кВ"}}, {"type": "Feature", "geometry": {"type": "LineString", "coordinates": [[66.785154, 44.197162], [66.785258, 44.19739], [66.785966, 44.197688], [66.786753, 44.197957], [66.787902, 44.198301], [66.789804, 44.198], [66.799279, 44.194369], [66.798563, 44.193375], [66.798543, 44.193299], [66.798563, 44.193375], [66.799279, 44.194369], [66.80025, 44.195643], [66.801633, 44.195018], [66.80223, 44.193142], [66.807462, 44.192435], [66.809255, 44.191579], [66.81729, 44.190982], [66.818257, 44.193745], [66.81729, 44.190982], [66.809255, 44.191579], [66.807462, 44.192435], [66.80223, 44.193142], [66.801633, 44.195018], [66.80025, 44.195643], [66.809187, 44.207623], [66.821254, 44.215563], [66.828343, 44.225695], [66.83019, 44.230509], [66.83393, 44.237635], [66.810289, 44.241369], [66.81536, 44.238071], [66.815717, 44.237478], [66.81536, 44.238071], [66.810289, 44.241369], [66.795524, 44.244671], [66.795085, 44.246909], [66.794981, 44.246896], [66.795085, 44.246909], [66.795328, 44.24713], [66.796489, 44.247056], [66.795328, 44.24713], [66.795085, 44.246909], [66.79428, 44.250963], [66.793296, 44.250809], [66.792692, 44.250837], [66.793296, 44.250809], [66.79428, 44.250963], [66.795085, 44.246909], [66.795524, 44.244671], [66.794584, 44.244667], [66.793562, 44.245169], [66.792245, 44.244791], [66.793562, 44.245169], [66.790946, 44.245793], [66.790547, 44.245982], [66.790491, 44.245953], [66.790547, 44.245982], [66.790392, 44.245902], [66.78836, 44.246153], [66.788374, 44.246503], [66.788296, 44.246555], [66.788374, 44.246503], [66.78836, 44.246153], [66.787115, 44.246295], [66.78694, 44.246363], [66.786865, 44.246369], [66.78694, 44.246363], [66.787115, 44.246295], [66.78836, 44.246153], [66.790392, 44.245902], [66.790547, 44.245982], [66.790946, 44.245793], [66.793562, 44.245169], [66.794584, 44.244667], [66.795524, 44.244671], [66.810289, 44.241369], [66.83393, 44.237635], [66.834043, 44.237911], [66.833232, 44.241179], [66.842544, 44.244209], [66.842528, 44.244297], [66.842389, 44.244306]]}, "properties": {"id": "feeder_0007", "name": "ф.Ульгили + ф.Енбекши", "object_type": "feeder", "voltage": "10 кВ", "parent_id": null, "fed_from": null, "year": null, "power_kva": null, "balance": null, "inventory_no": null, "length": null, "description": null, "links": [], "source_folder": "ВЛ-10 кВ"}}, {"type": "Feature", "geometry": {"type": "LineString", "coordinates": [[66.842375, 44.244353], [66.842493, 44.244394], [66.843232, 44.244379], [66.844016, 44.244383], [66.844777, 44.24438], [66.845533, 44.244377], [66.84753, 44.244368], [66.849585, 44.2468], [66.899358, 44.267319], [66.901945, 44.266319], [66.905197, 44.267623], [66.905924, 44.26994], [66.971108, 44.302862], [66.963983, 44.310044], [66.963778, 44.310501], [66.964389, 44.311783], [66.964332, 44.312182], [66.964389, 44.311783], [66.963778, 44.310501], [66.963983, 44.310044], [66.971108, 44.302862], [66.971233, 44.303073], [66.964223, 44.310355], [66.966108, 44.313418], [66.968339, 44.314708], [66.968834, 44.315832], [66.959471, 44.339241], [66.959121, 44.342033], [66.961088, 44.34622], [66.968735, 44.356905], [66.968989, 44.357272], [66.968594, 44.360433], [66.965736, 44.360284], [66.965711, 44.360025], [66.965736, 44.360284], [66.968594, 44.360433], [66.968989, 44.357272], [66.968735, 44.356905], [66.961088, 44.34622], [66.959121, 44.342033], [66.959471, 44.339241], [66.968834, 44.315832], [66.968339, 44.314708], [66.966108, 44.313418], [66.964223, 44.310355], [66.971233, 44.303073], [66.971108, 44.302862], [67.00895, 44.321179], [67.013047, 44.322931], [67.014804, 44.323668], [67.016015, 44.324194], [67.017665, 44.324906], [67.017754, 44.32494], [67.017665, 44.324906], [67.016015, 44.324194], [67.014664, 44.325489], [67.016553, 44.325331], [67.016649, 44.325297], [67.016553, 44.325331], [67.014664, 44.325489], [67.012549, 44.327514], [67.013373, 44.330924], [66.998716, 44.344632], [66.99553, 44.344843], [66.995385, 44.344849], [66.99553, 44.344843], [66.998716, 44.344632], [67.013373, 44.330924], [67.012549, 44.327514], [67.014664, 44.325489], [67.016015, 44.324194], [67.014804, 44.323668], [67.015996, 44.323978], [67.022254, 44.324998], [67.109644, 44.339831], [67.115801, 44.337134], [67.117364, 44.33822], [67.117445, 44.338291]]}, "properties": {"id": "feeder_0008", "name": "яч-6 ф.Казанбай", "object_type": "feeder", "voltage": "10 кВ", "parent_id": null, "fed_from": null, "year": null, "power_kva": null, "balance": null, "inventory_no": null, "length": null, "description": null, "links": [], "source_folder": "ВЛ-10 кВ"}}, {"type": "Feature", "geometry": {"type": "LineString", "coordinates": [[66.842365, 44.244369], [66.842492, 44.244463], [66.847442, 44.244469], [66.849359, 44.246809], [66.905269, 44.270133], [66.916016, 44.332436], [66.916046, 44.332527], [66.916062, 44.332675], [66.920491, 44.342754], [66.914435, 44.350509], [66.914047, 44.354465], [66.914639, 44.355274], [66.915263, 44.355651], [66.916096, 44.355974], [66.916616, 44.355739], [66.917011, 44.355494], [66.916975, 44.355441], [66.917011, 44.355494], [66.917101, 44.355776], [66.917131, 44.355832], [66.917169, 44.355862], [66.917131, 44.355832], [66.917101, 44.355776], [66.917011, 44.355494], [66.916616, 44.355739], [66.916096, 44.355974], [66.915263, 44.355651], [66.914992, 44.356079], [66.914371, 44.35738], [66.914996, 44.358054], [66.915067, 44.358112]]}, "properties": {"id": "feeder_0009", "name": "яч-9 ф.Ак завод", "object_type": "feeder", "voltage": "10 кВ", "parent_id": null, "fed_from": null, "year": null, "power_kva": null, "balance": null, "inventory_no": null, "length": null, "description": null, "links": [], "source_folder": "ВЛ-10 кВ"}}, {"type": "Feature", "geometry": {"type": "LineString", "coordinates": [[66.854278, 44.412571], [66.856531, 44.413306], [66.868436, 44.410619], [66.87097, 44.406318], [66.87319, 44.404259], [66.872841, 44.402148], [66.874745, 44.396669], [66.879286, 44.389714], [66.880091, 44.38847], [66.882687, 44.387069], [66.884213, 44.386718], [66.888808, 44.386779], [66.893781, 44.386335], [66.895927, 44.385219], [66.900427, 44.377904], [66.908735, 44.360278], [66.909001, 44.357998], [66.909027, 44.357901]]}, "properties": {"id": "feeder_0010", "name": "Линия 1", "object_type": "feeder", "voltage": "10 кВ", "parent_id": null, "fed_from": null, "year": null, "power_kva": null, "balance": null, "inventory_no": null, "length": null, "description": null, "links": [], "source_folder": "ВЛ-10 кВ"}}, {"type": "Feature", "geometry": {"type": "LineString", "coordinates": [[66.855662, 44.413537], [66.862392, 44.413687], [66.880132, 44.414074], [66.882136, 44.416204], [66.883761, 44.417904], [66.883748, 44.417953], [66.883761, 44.4179], [66.882138, 44.416204], [66.878153, 44.422637], [66.878573, 44.423106], [66.878154, 44.422634], [66.882138, 44.416204], [66.880134, 44.414074], [66.862392, 44.413686], [66.860947, 44.41635]]}, "properties": {"id": "feeder_0011", "name": "Линия 2", "object_type": "feeder", "voltage": "10 кВ", "parent_id": null, "fed_from": null, "year": null, "power_kva": null, "balance": null, "inventory_no": null, "length": null, "description": null, "links": [], "source_folder": "ВЛ-10 кВ"}}, {"type": "Feature", "geometry": {"type": "LineString", "coordinates": [[66.863277, 44.550679], [66.844195, 44.543238], [66.838023, 44.540267], [66.85393, 44.520872], [66.877612, 44.490585], [66.873544, 44.477649], [66.869203, 44.463769], [66.868408, 44.463864], [66.851865, 44.449738], [66.846562, 44.441457], [66.841761, 44.437537], [66.842722, 44.43629], [66.842346, 44.436143], [66.841767, 44.436697], [66.842346, 44.436143], [66.843258, 44.434344], [66.854967, 44.415839], [66.855293, 44.41573], [66.854967, 44.415839], [66.855454, 44.414051], [66.855585, 44.413564], [66.855454, 44.414051], [66.855611, 44.414058], [66.856428, 44.412635], [66.861845, 44.407114], [66.862781, 44.406173], [66.868927, 44.402632], [66.872567, 44.404276], [66.872718, 44.404345]]}, "properties": {"id": "feeder_0012", "name": "Линия 4", "object_type": "feeder", "voltage": "10 кВ", "parent_id": null, "fed_from": null, "year": null, "power_kva": null, "balance": null, "inventory_no": null, "length": null, "description": null, "links": [], "source_folder": "ВЛ-10 кВ"}}, {"type": "Feature", "geometry": {"type": "LineString", "coordinates": [[66.624444, 43.900383], [66.624402, 43.900361], [66.62461, 43.900044], [66.624898, 43.899683], [66.655551, 43.899661], [66.657593, 43.900617], [66.661824, 43.905907], [66.661719, 43.905972], [66.661629, 43.906036], [66.661719, 43.905972], [66.661824, 43.905907], [66.666874, 43.912316], [66.672681, 43.916436], [66.679144, 43.923438], [66.684496, 43.932375], [66.697051, 43.94259], [66.699145, 43.946593], [66.699488, 43.947247], [66.699691, 43.947316], [66.709373, 43.948765], [66.710342, 43.948851], [66.709373, 43.948765], [66.699691, 43.947316], [66.699488, 43.947247], [66.699625, 43.948101], [66.700294, 43.950448], [66.70039, 43.950798], [66.700487, 43.95115], [66.700003, 43.951507], [66.701932, 43.9542], [66.709999, 43.952483], [66.701932, 43.9542], [66.700003, 43.951507], [66.700487, 43.95115], [66.70039, 43.950798], [66.700154, 43.950786], [66.695994, 43.951132], [66.700154, 43.950786], [66.70039, 43.950798], [66.700487, 43.95115], [66.700003, 43.951507], [66.701932, 43.9542], [66.702549, 43.954787], [66.70785, 43.963177]]}, "properties": {"id": "feeder_0013", "name": "яч-6 ф.Актам от ПС \"Каргалы\"", "object_type": "feeder", "voltage": "10 кВ", "parent_id": null, "fed_from": null, "year": "1974", "power_kva": null, "balance": null, "inventory_no": "3834", "length": "15,3 км", "description": null, "links": [], "source_folder": "ВЛ-10 кВ"}}, {"type": "Feature", "geometry": {"type": "LineString", "coordinates": [[66.624398, 43.900453], [66.624306, 43.900386], [66.624044, 43.899917], [66.623501, 43.899577], [66.619943, 43.899491], [66.617633, 43.899115], [66.613759, 43.899879], [66.613822, 43.898908], [66.613614, 43.898862], [66.613512, 43.898845], [66.613614, 43.898862], [66.613822, 43.898908], [66.613887, 43.898571], [66.613832, 43.89852], [66.613887, 43.898571], [66.613822, 43.898908], [66.613759, 43.899879], [66.610792, 43.900469], [66.610669, 43.900323], [66.610624, 43.900244], [66.610669, 43.900323], [66.610792, 43.900469], [66.609124, 43.900824], [66.607743, 43.901109], [66.609124, 43.900824], [66.609025, 43.900736], [66.60859, 43.900036], [66.607646, 43.898566], [66.605539, 43.899054], [66.603344, 43.899431], [66.603928, 43.901394], [66.604269, 43.902623], [66.605064, 43.90246], [66.605704, 43.90228], [66.605064, 43.90246], [66.604269, 43.902623], [66.604764, 43.904222], [66.605141, 43.90539], [66.604764, 43.904222], [66.604937, 43.904187], [66.609115, 43.903716], [66.613791, 43.902927], [66.613473, 43.902466], [66.613282, 43.902235], [66.613275, 43.90218], [66.613282, 43.902235], [66.613473, 43.902466], [66.613791, 43.902927], [66.614711, 43.902834], [66.61489, 43.902919], [66.614991, 43.90291]]}, "properties": {"id": "feeder_0014", "name": "яч-5 ф.Каргалы", "object_type": "feeder", "voltage": "10 кВ", "parent_id": null, "fed_from": null, "year": "1976", "power_kva": null, "balance": null, "inventory_no": "5076", "length": "3,5 км", "description": null, "links": [], "source_folder": "ВЛ-10 кВ"}}, {"type": "Feature", "geometry": {"type": "LineString", "coordinates": [[66.618118, 44.239932], [66.618302, 44.239922], [66.619132, 44.239881], [66.619195, 44.239805], [66.619132, 44.239881], [66.618411, 44.239399], [66.634776, 44.2279], [66.644939, 44.234858], [66.64518, 44.235273], [66.645152, 44.235329]]}, "properties": {"id": "feeder_0015", "name": "яч-21 ф.Водазабор (Скважина)", "object_type": "feeder", "voltage": "10 кВ", "parent_id": null, "fed_from": null, "year": null, "power_kva": null, "balance": null, "inventory_no": null, "length": null, "description": null, "links": [], "source_folder": "ВЛ-10 кВ"}}, {"type": "Feature", "geometry": {"type": "LineString", "coordinates": [[66.618028, 44.239994], [66.618209, 44.240073], [66.619218, 44.240396], [66.619199, 44.240154], [66.619218, 44.240396], [66.618874, 44.240713], [66.618673, 44.240678], [66.618645, 44.24074], [66.618673, 44.240678], [66.618874, 44.240713], [66.617765, 44.241638], [66.61899, 44.242072], [66.618725, 44.242683], [66.619972, 44.24296], [66.620069, 44.242748], [66.619972, 44.24296], [66.624487, 44.243991], [66.624948, 44.244117], [66.624917, 44.244168]]}, "properties": {"id": "feeder_0016", "name": "яч-7 ф.Плодоягодный", "object_type": "feeder", "voltage": "10 кВ", "parent_id": null, "fed_from": null, "year": "1983", "power_kva": null, "balance": null, "inventory_no": "10049", "length": "1,7 км", "description": null, "links": [], "source_folder": "ВЛ-10 кВ"}}, {"type": "Feature", "geometry": {"type": "LineString", "coordinates": [[66.618081, 44.239968], [66.618249, 44.239997], [66.619463, 44.240139], [66.622604, 44.237488], [66.6233021, 44.2377792], [66.6239734, 44.2387661], [66.6246187, 44.2390526], [66.6252877, 44.2394972], [66.6253214, 44.2393542], [66.6252877, 44.2394972], [66.6246187, 44.2390526], [66.6239734, 44.2387661], [66.6233021, 44.2377792], [66.622604, 44.237488], [66.626804, 44.234506], [66.627557, 44.234516], [66.62848, 44.234551], [66.6328, 44.237568], [66.634262, 44.241808], [66.634444, 44.242222], [66.635676, 44.241759], [66.645211, 44.238239], [66.646102, 44.237931], [66.645992, 44.237912], [66.645592, 44.237823], [66.644028, 44.236432], [66.643452, 44.236805], [66.64378, 44.237081], [66.643965, 44.236946], [66.64378, 44.237081], [66.643452, 44.236805], [66.644028, 44.236432], [66.645592, 44.237823], [66.645992, 44.237912], [66.646102, 44.237931], [66.646181, 44.237912], [66.646102, 44.237931], [66.647108, 44.237538], [66.647117, 44.237494], [66.647108, 44.237538], [66.653011, 44.237922], [66.652727, 44.238056], [66.652611, 44.238071], [66.652727, 44.238056], [66.653011, 44.237922], [66.653169, 44.237931], [66.654322, 44.237971], [66.654267, 44.238249], [66.654214, 44.239441], [66.653065, 44.239365], [66.654214, 44.239441], [66.654267, 44.238249], [66.654322, 44.237971], [66.655271, 44.238025], [66.655807, 44.238657], [66.655271, 44.238025], [66.654322, 44.237971], [66.653169, 44.237931], [66.653011, 44.237922], [66.647108, 44.237538], [66.646102, 44.237931], [66.645211, 44.238239], [66.635676, 44.241759], [66.634444, 44.242222], [66.634869, 44.243537], [66.63629, 44.244097], [66.642893, 44.246656], [66.644816, 44.247213], [66.6356282, 44.253516], [66.644816, 44.247213], [66.646516, 44.247473], [66.650894, 44.248155], [66.653003, 44.248221], [66.653609, 44.24892], [66.6555311, 44.2516631], [66.6564212, 44.2518048], [66.6573416, 44.2521788], [66.666794, 44.254553], [66.667556, 44.254756], [66.668252, 44.254924], [66.668508, 44.255135], [66.669385, 44.255887], [66.670506, 44.256869], [66.673124, 44.2591], [66.676359, 44.261851], [66.678229, 44.261329], [66.6788, 44.260913], [66.678884, 44.260951], [66.679225, 44.261095], [66.679233, 44.26101], [66.679225, 44.261095], [66.681205, 44.262847], [66.681309, 44.262846], [66.6832942, 44.2617383], [66.6844075, 44.2631835], [66.6832942, 44.2617383], [66.681309, 44.262846], [66.681205, 44.262847], [66.679225, 44.261095], [66.678884, 44.260951], [66.6788, 44.260913], [66.679385, 44.260507], [66.678991, 44.260393], [66.679385, 44.260507], [66.680488, 44.259747], [66.681158, 44.259454], [66.681036, 44.25937], [66.678136, 44.258244], [66.679185, 44.255955], [66.68192, 44.254657], [66.681984, 44.254625], [66.68192, 44.254657], [66.679185, 44.255955], [66.678136, 44.258244], [66.681036, 44.25937], [66.681158, 44.259454], [66.685181, 44.257569], [66.685068, 44.257468], [66.683545, 44.255805], [66.683595, 44.255775], [66.683545, 44.255805], [66.685068, 44.257468], [66.685181, 44.257569], [66.685858, 44.257234], [66.685836, 44.256991], [66.685914, 44.257053], [66.685836, 44.256991], [66.685858, 44.257234], [66.685181, 44.257569], [66.687318, 44.259971], [66.687143, 44.260109], [66.68721, 44.260085]]}, "properties": {"id": "feeder_0017", "name": "яч-11 ф.Теликуль", "object_type": "feeder", "voltage": "10 кВ", "parent_id": null, "fed_from": null, "year": "1975", "power_kva": null, "balance": null, "inventory_no": "4917", "length": "14 км", "description": null, "links": [], "source_folder": "ВЛ-10 кВ"}}, {"type": "Feature", "geometry": {"type": "LineString", "coordinates": [[66.618118, 44.239932], [66.618251, 44.239948], [66.618293, 44.2394], [66.625602, 44.234126], [66.626521, 44.234645], [66.626838, 44.234409], [66.627212, 44.234136], [66.627863, 44.233615], [66.63526, 44.22801], [66.637206, 44.226761], [66.634236, 44.225061], [66.634028, 44.225031], [66.63383, 44.224909], [66.634493, 44.223951], [66.633156, 44.222601], [66.63279, 44.222208], [66.632642, 44.221981], [66.63279, 44.222208], [66.63594, 44.220139], [66.636554, 44.220346], [66.63594, 44.220139], [66.63279, 44.222208], [66.632326, 44.222445], [66.632069, 44.222211], [66.631631, 44.221435], [66.626936, 44.217257], [66.61784, 44.214009], [66.618299, 44.213315], [66.61784, 44.214009], [66.616254, 44.213414], [66.616796, 44.212207], [66.616131, 44.212037], [66.61589, 44.212241], [66.616131, 44.212037], [66.616796, 44.212207], [66.616254, 44.213414], [66.612913, 44.212245], [66.611675, 44.211781], [66.611519, 44.211756], [66.61149, 44.211848], [66.611519, 44.211756], [66.611675, 44.211781], [66.612913, 44.212245], [66.616254, 44.213414], [66.61784, 44.214009], [66.626936, 44.217257], [66.631631, 44.221435], [66.632069, 44.222211], [66.632326, 44.222445], [66.63279, 44.222208], [66.633156, 44.222601], [66.634493, 44.223951], [66.63383, 44.224909], [66.634028, 44.225031], [66.634236, 44.225061], [66.637206, 44.226761], [66.6470789, 44.2192223], [66.64863, 44.2184266], [66.690209, 44.197208], [66.690355, 44.19726], [66.690781, 44.197378], [66.701551, 44.198474], [66.711464, 44.193382], [66.707855, 44.189196], [66.707987, 44.189093], [66.707855, 44.189196], [66.711466, 44.193383], [66.718646, 44.188038]]}, "properties": {"id": "feeder_0018", "name": "яч-13 ф.Шиелы от ПС \"Алмалы\"", "object_type": "feeder", "voltage": "10 кВ", "parent_id": null, "fed_from": null, "year": null, "power_kva": null, "balance": null, "inventory_no": null, "length": null, "description": null, "links": [], "source_folder": "ВЛ-10 кВ"}}, {"type": "Feature", "geometry": {"type": "LineString", "coordinates": [[66.680568, 44.261297], [66.6804486, 44.2613788], [66.6813451, 44.2621317], [66.6830576, 44.261372], [66.685705, 44.2648228], [66.6851551, 44.2676021], [66.6834747, 44.2722884], [66.6831086, 44.2733044], [66.6823884, 44.2753506], [66.6845194, 44.2797944], [66.685874, 44.282646], [66.6861543, 44.2829436], [66.6864654, 44.2831999], [66.6868784, 44.2833881], [66.687372, 44.2835379], [66.6934888, 44.2849626], [66.6969408, 44.2857729], [66.7001675, 44.2865026], [66.704455, 44.2874818], [66.7094854, 44.2884936], [66.7109204, 44.2887682], [66.7117506, 44.2890264], [66.7155861, 44.2906671], [66.7161682, 44.2909752], [66.7161293, 44.2910875]]}, "properties": {"id": "feeder_0019", "name": "яч-8 ф.Школа Теликол от ПС \"Бестам\"", "object_type": "feeder", "voltage": "10 кВ", "parent_id": null, "fed_from": null, "year": null, "power_kva": null, "balance": null, "inventory_no": null, "length": null, "description": null, "links": [], "source_folder": "ВЛ-10 кВ"}}, {"type": "Feature", "geometry": {"type": "LineString", "coordinates": [[66.746209, 44.127097], [66.746192, 44.127291], [66.746044, 44.127427], [66.745784, 44.127461], [66.745137, 44.127457], [66.744685, 44.127429], [66.745088, 44.127138], [66.745175, 44.126684], [66.745268, 44.125701], [66.745219, 44.125125], [66.744373, 44.121338], [66.743913, 44.119099], [66.743507, 44.117393], [66.743292, 44.117114], [66.741221, 44.11071], [66.741729, 44.109264], [66.741875, 44.109169], [66.743767, 44.104577], [66.742799, 44.104505], [66.743767, 44.104577], [66.745577, 44.100214], [66.747471, 44.095153], [66.746839, 44.094896], [66.746188, 44.092636], [66.746839, 44.094896], [66.747471, 44.095153], [66.758102, 44.089762], [66.761079, 44.08454], [66.762619, 44.080063], [66.76035, 44.080219], [66.759585, 44.080267], [66.755962, 44.080363], [66.752556, 44.080455], [66.751133, 44.080067], [66.751074, 44.080026], [66.751133, 44.080067], [66.752556, 44.080455], [66.755962, 44.080363], [66.759585, 44.080267], [66.76035, 44.080219], [66.762619, 44.080063], [66.763793, 44.07549], [66.767091, 44.061204], [66.760378, 44.051061], [66.753909, 44.040593], [66.752547, 44.037604], [66.752266, 44.037036], [66.752047, 44.036486], [66.751799, 44.035802], [66.749636, 44.035981], [66.748814, 44.036003], [66.747598, 44.035911], [66.748814, 44.036003], [66.749636, 44.035981], [66.751799, 44.035802], [66.7487996, 44.0294341], [66.7089672, 44.0286282], [66.7487996, 44.0294341], [66.74504, 44.021302], [66.744993, 44.021184], [66.740707, 44.015274], [66.738889, 44.012097], [66.73874, 44.012088], [66.738675, 44.011977], [66.73874, 44.012088], [66.738889, 44.012097], [66.72757, 43.991928], [66.726014, 43.989465], [66.725687, 43.988972], [66.726161, 43.98879], [66.7330801, 43.9849212], [66.7339518, 43.9847484], [66.7390706, 43.9832907], [66.7391766, 43.983281], [66.7390706, 43.9832907], [66.7339518, 43.9847484], [66.7330801, 43.9849212], [66.726161, 43.98879], [66.725687, 43.988972], [66.723024, 43.984832], [66.722429, 43.984994], [66.721839, 43.98517], [66.721748, 43.985177], [66.721839, 43.98517], [66.722429, 43.984994], [66.723024, 43.984832], [66.720418, 43.980852], [66.723024, 43.984832], [66.723092, 43.984746], [66.723633, 43.984243], [66.724626, 43.983295], [66.7325598, 43.9780249], [66.7429227, 43.9781946], [66.7526071, 43.9784168], [66.7694478, 43.9786979], [66.7765822, 43.9832469], [66.8037782, 43.9938352], [66.8038967, 43.9940461], [66.8043094, 43.994412], [66.8038967, 43.9940461], [66.8040463, 43.9944553], [66.804387, 43.99553], [66.8042928, 43.9955242]]}, "properties": {"id": "feeder_0020", "name": "ф.Актам", "object_type": "feeder", "voltage": "10 кВ", "parent_id": null, "fed_from": null, "year": null, "power_kva": null, "balance": null, "inventory_no": null, "length": null, "description": null, "links": [], "source_folder": "ВЛ-10 кВ"}}, {"type": "Feature", "geometry": {"type": "LineString", "coordinates": [[66.746619, 44.127027], [66.746791, 44.127034], [66.746812, 44.126581], [66.74685, 44.125883], [66.746856, 44.125485], [66.746864, 44.125128], [66.746402, 44.125037], [66.746166, 44.125021], [66.745982, 44.124939], [66.745988, 44.123615], [66.745731, 44.12225], [66.744423, 44.114902], [66.745576, 44.113089], [66.7456, 44.112946]]}, "properties": {"id": "feeder_0021", "name": "ф.Зернаток", "object_type": "feeder", "voltage": "10 кВ", "parent_id": null, "fed_from": null, "year": null, "power_kva": null, "balance": null, "inventory_no": null, "length": null, "description": null, "links": [], "source_folder": "ВЛ-10 кВ"}}, {"type": "Feature", "geometry": {"type": "LineString", "coordinates": [[66.7753702, 44.1579707], [66.7711538, 44.1533907], [66.7823976, 44.1472091], [66.780681, 44.1439757], [66.7778486, 44.1411578], [66.7773336, 44.1400183], [66.7768401, 44.1374158], [66.7756599, 44.1282678], [66.7749303, 44.1278519], [66.7742222, 44.1276825], [66.7733425, 44.1276363], [66.7612618, 44.1277903], [66.7600173, 44.1277595], [66.7572278, 44.1277133], [66.7551893, 44.1275285], [66.7463487, 44.1264657], [66.7463016, 44.1268465]]}, "properties": {"id": "feeder_0022", "name": "ф.Шугыла-1, ф.Шугыла-2", "object_type": "feeder", "voltage": "10 кВ", "parent_id": null, "fed_from": null, "year": null, "power_kva": null, "balance": null, "inventory_no": null, "length": null, "description": "Двухцепная ВЛ-10 кВ от ПС-35/10 кВ «Бидайколь»\nЯчейка №14,21", "links": [], "source_folder": "ВЛ-10 кВ"}}, {"type": "Feature", "geometry": {"type": "LineString", "coordinates": [[66.746217, 44.127174], [66.746202, 44.127486], [66.746167, 44.12778], [66.74568, 44.127794], [66.745327, 44.127794], [66.744749, 44.127801], [66.744101, 44.127828], [66.743574, 44.12785], [66.743038, 44.127823], [66.742506, 44.127864], [66.741963, 44.127882], [66.74141, 44.127901], [66.740859, 44.127925], [66.740301, 44.127946], [66.739739, 44.127965], [66.739168, 44.127977], [66.738621, 44.127993], [66.738052, 44.128009], [66.737503, 44.12802], [66.736935, 44.128036], [66.736398, 44.12805], [66.735888, 44.128068], [66.735225, 44.12809], [66.734789, 44.128101], [66.734323, 44.128116], [66.734208, 44.128481], [66.73409, 44.128869], [66.733966, 44.129262], [66.733823, 44.129654], [66.733685, 44.130072], [66.733559, 44.13044], [66.733411, 44.130783], [66.733312, 44.131115], [66.733268, 44.1314], [66.733174, 44.131869], [66.733079, 44.132296], [66.732946, 44.132746], [66.73283, 44.133242], [66.732722, 44.133783], [66.732709, 44.134358], [66.732617, 44.134752], [66.732585, 44.135145], [66.732547, 44.13554], [66.732505, 44.135925], [66.732466, 44.136315], [66.732441, 44.13669], [66.732424, 44.137087], [66.732405, 44.13751], [66.732389, 44.137887], [66.73237, 44.138269], [66.732375, 44.138651], [66.732381, 44.139016], [66.732391, 44.139394], [66.732395, 44.139775], [66.732395, 44.140161], [66.73239, 44.140525], [66.732398, 44.140916], [66.732422, 44.141352], [66.732453, 44.141771], [66.732512, 44.142222], [66.732573, 44.14267], [66.732697, 44.143099], [66.73281, 44.143463], [66.732909, 44.143826], [66.733018, 44.144132], [66.733057, 44.144391], [66.733254, 44.144624], [66.733843, 44.144602], [66.734373, 44.14456], [66.734786, 44.144521], [66.735046, 44.144868], [66.735309, 44.145232], [66.735483, 44.145647], [66.73575, 44.146026], [66.736004, 44.146435], [66.736201, 44.146829], [66.736464, 44.147214], [66.73664, 44.147493], [66.736927, 44.14792], [66.737181, 44.148351], [66.736927, 44.14792], [66.73712, 44.14781], [66.736927, 44.14792], [66.737181, 44.148351], [66.737417, 44.14875], [66.737668, 44.149186], [66.737869, 44.149524], [66.738052, 44.149816], [66.738248, 44.150151], [66.738541, 44.150583], [66.738735, 44.150837], [66.738989, 44.151136], [66.739263, 44.151484], [66.739634, 44.151677], [66.739845, 44.151805], [66.739673, 44.152115], [66.739507, 44.152388], [66.739313, 44.152753], [66.73916, 44.15308], [66.739147, 44.153355], [66.739147, 44.153603], [66.73908, 44.154152], [66.739542, 44.154265], [66.73963, 44.15427], [66.739542, 44.154265], [66.73908, 44.154152], [66.739056, 44.154532], [66.739016, 44.154872], [66.738986, 44.155304], [66.739171, 44.155441], [66.739364, 44.155444], [66.739414, 44.155244], [66.73953, 44.15523], [66.739414, 44.155244], [66.739364, 44.155444], [66.739171, 44.155441], [66.738986, 44.155304], [66.738977, 44.155706], [66.738928, 44.156051], [66.738889, 44.156422], [66.738898, 44.156734], [66.738893, 44.15712], [66.738894, 44.157424], [66.738869, 44.157734], [66.738844, 44.158212], [66.738846, 44.158543], [66.738827, 44.15888], [66.738805, 44.159383], [66.738806, 44.159754], [66.738759, 44.160122], [66.738712, 44.160426], [66.73871, 44.160656], [66.738667, 44.161068], [66.738577, 44.161415], [66.738442, 44.161818], [66.738357, 44.162081], [66.738281, 44.162279], [66.738149, 44.162602], [66.738004, 44.163041], [66.737985, 44.16307], [66.738189, 44.16312], [66.738732, 44.163243], [66.739474, 44.163351], [66.739546, 44.163094], [66.73958, 44.16302], [66.739546, 44.163094], [66.739474, 44.163351], [66.738732, 44.163243], [66.738189, 44.16312], [66.737985, 44.16307], [66.738004, 44.163041], [66.737887, 44.163335], [66.73774, 44.163715], [66.73754, 44.164223], [66.737434, 44.164531], [66.739241, 44.164893]]}, "properties": {"id": "feeder_0023", "name": "ф.ЦРП Бидайкол Вв-2", "object_type": "feeder", "voltage": "10 кВ", "parent_id": null, "fed_from": null, "year": null, "power_kva": null, "balance": null, "inventory_no": null, "length": null, "description": "ВЛ-10 кВ от ПС 35/10 «Бидайкол» ф ЦРП\nЯчейка №", "links": [{"name": "Гео-схема", "url": "https://www.google.com/maps/d/viewer?hl=ru&mid=15vU5jBYTauFSASLwQyGPZK5InF5STFI&ll=44.141150216694264%2C66.74108499999998&z=14"}], "source_folder": "ВЛ-10 кВ"}}, {"type": "Feature", "geometry": {"type": "LineString", "coordinates": [[66.746358, 44.126911], [66.745485, 44.12923], [66.7451401, 44.1327087], [66.7465631, 44.1326526], [66.7466515, 44.133078], [66.74674, 44.13626], [66.7466515, 44.133078], [66.7465631, 44.1326526], [66.7451401, 44.1327087], [66.745104, 44.133005], [66.745328, 44.132944], [66.745104, 44.133005], [66.74487, 44.135375], [66.744667, 44.135555], [66.744278, 44.139688], [66.744604, 44.139718], [66.74469, 44.139701], [66.744604, 44.139718], [66.744278, 44.139688], [66.7440313, 44.1422633], [66.7414432, 44.1421376], [66.7379768, 44.1419626], [66.737819, 44.1418283], [66.7379243, 44.1395805], [66.737942, 44.1393652], [66.73789, 44.13935], [66.737942, 44.1393652], [66.7379243, 44.1395805], [66.737819, 44.1418283], [66.7379768, 44.1419626], [66.7414432, 44.1421376], [66.7440313, 44.1422633], [66.743615, 44.146599], [66.744515, 44.146666], [66.744776, 44.146499], [66.747509, 44.147563], [66.750542, 44.14877]]}, "properties": {"id": "feeder_0024", "name": "ф.Ынтымак", "object_type": "feeder", "voltage": "10 кВ", "parent_id": null, "fed_from": null, "year": null, "power_kva": null, "balance": null, "inventory_no": null, "length": null, "description": "ВЛ-10 кВ от ПС 35/10 «Бидайкол»\nЯчейка №7", "links": [{"name": "Гео-схема", "url": "https://www.google.com/maps/d/viewer?hl=ru&mid=15vU5jBYTauFSASLwQyGPZK5InF5STFI&ll=44.141150216694264%2C66.74108499999998&z=14"}, {"name": "Паспорт", "url": "https://drive.google.com/drive/folders/1UAGVpCl4mfLGtgv1k2EAZJJ_Tr8IT0PP?usp=sharing"}], "source_folder": "ВЛ-10 кВ"}}, {"type": "Feature", "geometry": {"type": "LineString", "coordinates": [[66.746358, 44.126911], [66.745485, 44.12923], [66.745401, 44.129951], [66.744634, 44.130031], [66.745401, 44.129951], [66.7451401, 44.1327087], [66.74487, 44.135375], [66.744667, 44.135555], [66.744257, 44.139926], [66.744219, 44.139799], [66.73792, 44.139468], [66.736486, 44.139379], [66.73792, 44.139468], [66.737715, 44.139303], [66.737857, 44.136783], [66.738511, 44.136606], [66.7399647, 44.1366605], [66.7397454, 44.1368852], [66.7399647, 44.1366605], [66.738511, 44.136606], [66.737857, 44.136783], [66.737957, 44.134767], [66.737887, 44.134569], [66.737829, 44.134569], [66.737887, 44.134569], [66.737957, 44.134767], [66.738016, 44.133395], [66.737957, 44.134767], [66.737857, 44.136783], [66.737715, 44.139303], [66.73792, 44.139468], [66.744219, 44.139799], [66.744257, 44.139926], [66.743615, 44.146599], [66.742725, 44.147721], [66.7427834, 44.1476503], [66.742764, 44.147622], [66.740172, 44.145891], [66.740116, 44.145798], [66.740172, 44.145891], [66.740622, 44.14536], [66.740172, 44.145891], [66.742764, 44.147622], [66.743246, 44.14829], [66.74322, 44.148423], [66.743482, 44.148572], [66.74322, 44.148423], [66.743139, 44.148996], [66.74322, 44.148423], [66.743246, 44.14829], [66.7434848, 44.1481137], [66.743246, 44.14829], [66.742764, 44.147622], [66.7427834, 44.1476503], [66.742725, 44.147721], [66.741229, 44.149383], [66.73922, 44.153029], [66.7391973, 44.153598], [66.7405337, 44.1531846], [66.7391973, 44.153598], [66.739105, 44.153786], [66.738478, 44.154018], [66.733845, 44.155386], [66.731531, 44.150755], [66.731941, 44.150625], [66.734787, 44.149886]]}, "properties": {"id": "feeder_0025", "name": "ф.Бейбытшылык", "object_type": "feeder", "voltage": "10 кВ", "parent_id": null, "fed_from": null, "year": null, "power_kva": null, "balance": null, "inventory_no": null, "length": null, "description": "ВЛ-10 кВ от ПС 35/10 «Бидайкол»\nЯчейка №9", "links": [{"name": "Гео-схема", "url": "https://www.google.com/maps/d/viewer?hl=ru&mid=15vU5jBYTauFSASLwQyGPZK5InF5STFI&ll=44.141150216694264%2C66.74108499999998&z=14"}, {"name": "Паспорт", "url": "https://drive.google.com/drive/folders/1M7O_eIVIQU0l2iIe9oYzD6ypuOmKrMO-?usp=sharing"}], "source_folder": "ВЛ-10 кВ"}}, {"type": "Feature", "geometry": {"type": "LineString", "coordinates": [[66.7849962, 44.1972836], [66.7844678, 44.1971086], [66.7837651, 44.1970134], [66.7827941, 44.1969327], [66.7733957, 44.1966981], [66.7675431, 44.1955096], [66.7641689, 44.1947712], [66.7600812, 44.1939019], [66.7618568, 44.1858167], [66.7619534, 44.1856436], [66.7610146, 44.1855435], [66.7580374, 44.1858051], [66.7529412, 44.1860359], [66.7491324, 44.1861898], [66.7473622, 44.1845742], [66.74733, 44.1836509], [66.7473622, 44.1845703], [66.7491271, 44.186186], [66.7480971, 44.1869668], [66.747974, 44.186948], [66.745437, 44.186962], [66.743642, 44.187046], [66.741747, 44.187126], [66.7415203, 44.1871861], [66.7411019, 44.1869514], [66.740776, 44.1865538], [66.7398064, 44.1867255], [66.738079, 44.1866514], [66.7362015, 44.1867206], [66.7342971, 44.1867976], [66.7289542, 44.1871053], [66.7275916, 44.1872169], [66.7276452, 44.18749], [66.7275916, 44.1872092], [66.7257141, 44.1872361], [66.7252634, 44.1874823], [66.7211543, 44.1887363]]}, "properties": {"id": "feeder_0026", "name": "ф.Шиелы от ПС \"Н.Бекежанов\"", "object_type": "feeder", "voltage": "10 кВ", "parent_id": null, "fed_from": null, "year": null, "power_kva": null, "balance": null, "inventory_no": null, "length": null, "description": null, "links": [], "source_folder": "ВЛ-10 кВ"}}, {"type": "Feature", "geometry": {"type": "LineString", "coordinates": [[66.785042, 44.197232], [66.785138, 44.197456], [66.785415, 44.197762], [66.785972, 44.197557], [66.786411, 44.197322], [66.785946, 44.197518], [66.78547, 44.197664], [66.785255, 44.197472], [66.785267, 44.197182], [66.785255, 44.197472], [66.78547, 44.197664], [66.785946, 44.197518], [66.786411, 44.197322], [66.787002, 44.197041], [66.788345, 44.197186], [66.78901, 44.197247], [66.789889, 44.196884], [66.790524, 44.19662], [66.79124, 44.19634], [66.79203, 44.196024], [66.792754, 44.195737], [66.792967, 44.195214], [66.793161, 44.194707], [66.793408, 44.19414], [66.793619, 44.19364], [66.793809, 44.19316], [66.793937, 44.19279], [66.79431, 44.192001], [66.794541, 44.191435], [66.794745, 44.190928], [66.795036, 44.190393], [66.795211, 44.190122], [66.795492, 44.189431], [66.795698, 44.188906], [66.79593, 44.18833], [66.796165, 44.187739], [66.796412, 44.187161], [66.796632, 44.186588], [66.796865, 44.186011], [66.797095, 44.185456], [66.797353, 44.184877], [66.797617, 44.184184], [66.797213, 44.183801], [66.796752, 44.183366], [66.796268, 44.182915], [66.79579, 44.182468], [66.795333, 44.182025], [66.794861, 44.181576], [66.794333, 44.181077], [66.794447, 44.180535], [66.794575, 44.180031], [66.794704, 44.179466], [66.794812, 44.178935], [66.79491, 44.178617], [66.794994, 44.178159], [66.795082, 44.177821], [66.795202, 44.177256], [66.795337, 44.176725], [66.79548, 44.176157], [66.795612, 44.175584], [66.795745, 44.175028], [66.795877, 44.174494], [66.796012, 44.173941], [66.796143, 44.173377], [66.796294, 44.172831], [66.796408, 44.172265], [66.796608, 44.17154], [66.796806, 44.170796], [66.796956, 44.170235], [66.797136, 44.169578], [66.797211, 44.169236], [66.797395, 44.168647], [66.79752, 44.168125], [66.797675, 44.167592], [66.797808, 44.167047], [66.797947, 44.166516], [66.798085, 44.16598], [66.798228, 44.165412], [66.798373, 44.164897], [66.79852, 44.164315], [66.798665, 44.163732], [66.798602, 44.16314], [66.798522, 44.162521], [66.798447, 44.161891], [66.798355, 44.161233], [66.798178, 44.160856], [66.797905, 44.160409], [66.797647, 44.159971], [66.797361, 44.159524], [66.79717, 44.159094], [66.8088053, 44.1591059], [66.8067723, 44.1631199], [66.8088053, 44.1591059], [66.79717, 44.159094], [66.796394, 44.158145], [66.796297, 44.158057], [66.795873, 44.157649], [66.795418, 44.157208], [66.794963, 44.156789], [66.794516, 44.15637], [66.794053, 44.155918], [66.793465, 44.155381], [66.793564, 44.154758], [66.793421, 44.15467], [66.7928579, 44.1544004], [66.7923764, 44.1541], [66.7924351, 44.1540537], [66.7923764, 44.1541], [66.7928579, 44.1544004], [66.793421, 44.15467], [66.793564, 44.154758], [66.794365, 44.154791], [66.795175, 44.154825], [66.795942, 44.154855], [66.797135, 44.154916], [66.79817, 44.154954], [66.798674, 44.154977], [66.79817, 44.154954], [66.797135, 44.154916], [66.795942, 44.154855], [66.795175, 44.154825], [66.794365, 44.154791], [66.793564, 44.154758], [66.793465, 44.155381], [66.794053, 44.155918], [66.794516, 44.15637], [66.794963, 44.156789], [66.795418, 44.157208], [66.795873, 44.157649], [66.79548, 44.157841], [66.7964401, 44.1588474], [66.790358, 44.171071], [66.791455, 44.17183], [66.793298, 44.173031], [66.791455, 44.17183], [66.79219, 44.17131], [66.791455, 44.17183], [66.790358, 44.171071], [66.7964401, 44.1588474], [66.79548, 44.157841], [66.794997, 44.157437], [66.794518, 44.157], [66.794097, 44.156583], [66.793649, 44.156153], [66.793191, 44.155745], [66.792706, 44.155296], [66.792494, 44.155094], [66.792268, 44.154895], [66.791781, 44.154431], [66.791367, 44.154018], [66.790894, 44.154185], [66.790853, 44.154185], [66.790894, 44.154185], [66.791367, 44.154018], [66.790894, 44.153596], [66.79059, 44.153297], [66.790467, 44.153348], [66.790175, 44.153445], [66.789791, 44.153559], [66.789727, 44.153567], [66.789791, 44.153559], [66.790175, 44.153445], [66.790467, 44.153348], [66.79059, 44.153297], [66.790383, 44.153119], [66.790179, 44.15289], [66.790289, 44.152843], [66.790443, 44.152388], [66.790827, 44.152164], [66.791338, 44.151918], [66.791887, 44.151632], [66.792481, 44.151329], [66.793591, 44.150749], [66.793324, 44.150411], [66.79309, 44.150106], [66.793019, 44.15001], [66.79309, 44.150106], [66.793324, 44.150411], [66.793591, 44.150749], [66.792481, 44.151329], [66.791887, 44.151632], [66.791338, 44.151918], [66.790827, 44.152164], [66.790443, 44.152388], [66.790289, 44.152843], [66.790179, 44.15289], [66.790312, 44.152412], [66.790736, 44.15211], [66.791269, 44.15185], [66.791788, 44.151575], [66.791741, 44.151539], [66.791356, 44.151239], [66.791292, 44.151179], [66.791356, 44.151239], [66.791741, 44.151539], [66.791788, 44.151575], [66.792402, 44.151263], [66.793578, 44.15059], [66.794064, 44.150357], [66.7948, 44.149995], [66.795034, 44.15039], [66.795085, 44.150451], [66.795034, 44.15039], [66.7948, 44.149995]]}, "properties": {"id": "feeder_0027", "name": "ф.Индустриальный зона двухцепная линия", "object_type": "feeder", "voltage": "10 кВ", "parent_id": null, "fed_from": null, "year": null, "power_kva": null, "balance": null, "inventory_no": null, "length": null, "description": "ВЛ-10 кВ от ПС 35/10 кВ «Н.Бекежанов»\nЯчейка №2; №16", "links": [{"name": "Гео-схема", "url": "https://www.google.com/maps/d/u/0/viewer?hl=ru&mid=1RrOxrUQ-HZ-U8HPg_yaaFdK4nJWZfNE&ll=44.176761464479725%2C66.81145570000001&z=14"}], "source_folder": "ВЛ-10 кВ"}}, {"type": "Feature", "geometry": {"type": "LineString", "coordinates": [[66.785344, 44.19718], [66.785434, 44.197226], [66.786203, 44.196859], [66.786859, 44.196549], [66.787317, 44.196532], [66.787869, 44.196368], [66.787995, 44.196238], [66.7880607, 44.1960853], [66.788147, 44.195924], [66.788308, 44.195715], [66.788713, 44.195495], [66.789245, 44.195217], [66.789856, 44.195002], [66.790508, 44.194468], [66.791102, 44.193779], [66.791656, 44.19319], [66.792029, 44.192766], [66.792584, 44.192118], [66.792727, 44.191916], [66.792767, 44.191831], [66.792727, 44.191916], [66.792353, 44.19158], [66.792077, 44.191032], [66.792309, 44.190528], [66.792575, 44.190008], [66.792708, 44.189673], [66.792874, 44.189312], [66.792286, 44.189045], [66.791803, 44.188837], [66.79133, 44.18862], [66.791487, 44.188112], [66.79168, 44.187488], [66.791826, 44.187145], [66.79203, 44.186569], [66.792656, 44.186113], [66.793299, 44.185801], [66.793494, 44.185709], [66.793299, 44.185801], [66.792656, 44.186113], [66.79203, 44.186569], [66.792227, 44.186012], [66.792417, 44.185428], [66.792573, 44.184947], [66.792756, 44.184453], [66.792977, 44.183842], [66.793071, 44.183337], [66.793155, 44.182857], [66.793258, 44.182356], [66.793359, 44.181813], [66.793458, 44.181346], [66.793498, 44.181001], [66.793608, 44.180463], [66.793748, 44.179754], [66.793855, 44.179234], [66.79393, 44.17874], [66.794034, 44.178183], [66.794138, 44.17769], [66.794252, 44.177186], [66.794355, 44.176622], [66.794443, 44.176124], [66.794555, 44.175422], [66.794674, 44.174963], [66.79475, 44.174594], [66.794847, 44.174057], [66.794925, 44.173569], [66.795045, 44.173041], [66.794182, 44.173043], [66.793298, 44.173031], [66.792342, 44.173034], [66.793298, 44.173031]]}, "properties": {"id": "feeder_0028", "name": "ф.Водозабор", "object_type": "feeder", "voltage": "10 кВ", "parent_id": null, "fed_from": null, "year": null, "power_kva": null, "balance": null, "inventory_no": null, "length": null, "description": null, "links": [], "source_folder": "ВЛ-10 кВ"}}, {"type": "Feature", "geometry": {"type": "LineString", "coordinates": [[66.784861, 44.197175], [66.78449, 44.197032], [66.783637, 44.196954], [66.783012, 44.196837], [66.782189, 44.196855], [66.781387, 44.196804], [66.780582, 44.196785], [66.779764, 44.196767], [66.779007, 44.196735], [66.778254, 44.196727], [66.778267, 44.197031], [66.778276, 44.197257], [66.77829, 44.19758], [66.7783272, 44.1987889], [66.77829, 44.19758], [66.778276, 44.197257], [66.778267, 44.197031], [66.778254, 44.196727], [66.777584, 44.196711], [66.776853, 44.196703], [66.77609, 44.196674], [66.775319, 44.196651], [66.774741, 44.196633], [66.774108, 44.196618], [66.773492, 44.196602], [66.772772, 44.196428], [66.772079, 44.196261], [66.771362, 44.196082], [66.770644, 44.195918], [66.769264, 44.195546], [66.76782, 44.195219], [66.767127, 44.195043], [66.7664, 44.194844], [66.766249, 44.194376], [66.766151, 44.193981], [66.766019, 44.193443], [66.765942, 44.193053], [66.766481, 44.19306], [66.766852, 44.193058], [66.76688, 44.192821], [66.766851, 44.192346], [66.766871, 44.191771], [66.766975, 44.191285], [66.767074, 44.190763], [66.767187, 44.190223], [66.767309, 44.189719], [66.767428, 44.189169], [66.767482, 44.188857], [66.767527, 44.188643], [66.768029, 44.18869], [66.768797, 44.18879], [66.769312, 44.188863], [66.769284, 44.189019], [66.769269, 44.189076]]}, "properties": {"id": "feeder_0029", "name": "ф.Иманкулов", "object_type": "feeder", "voltage": "10 кВ", "parent_id": null, "fed_from": null, "year": null, "power_kva": null, "balance": null, "inventory_no": null, "length": null, "description": "ВЛ-10 кВ от ПС 35/10 кВ «Н.Бекежанов»\nЯчейка №1", "links": [{"name": "Гео-схема", "url": "https://www.google.com/maps/d/u/0/viewer?hl=ru&mid=1RrOxrUQ-HZ-U8HPg_yaaFdK4nJWZfNE&ll=44.176761464479725%2C66.81145570000001&z=14"}], "source_folder": "ВЛ-10 кВ"}}, {"type": "Feature", "geometry": {"type": "LineString", "coordinates": [[66.78517, 44.197211], [66.785338, 44.197306], [66.785434, 44.197226], [66.785711, 44.197099], [66.786639, 44.196459], [66.787763, 44.195967], [66.78808, 44.1957], [66.788744, 44.195344], [66.788531, 44.195387], [66.788649, 44.195162], [66.788949, 44.19467], [66.789249, 44.194174], [66.789544, 44.193677], [66.789839, 44.193183], [66.790133, 44.19268], [66.790437, 44.192182], [66.790744, 44.191676], [66.791044, 44.191162], [66.791345, 44.190652], [66.791686, 44.189985], [66.791911, 44.189605], [66.792074, 44.189432], [66.791766, 44.189279], [66.791163, 44.189008], [66.790774, 44.188834], [66.791003, 44.188606], [66.791347, 44.188244], [66.791729, 44.187883], [66.792106, 44.187527], [66.792428, 44.187218], [66.792483, 44.187172], [66.792428, 44.187218], [66.792106, 44.187527], [66.791729, 44.187883], [66.791347, 44.188244], [66.791003, 44.188606], [66.790774, 44.188834], [66.791163, 44.189008], [66.791766, 44.189279], [66.792074, 44.189432], [66.791911, 44.189605], [66.791686, 44.189985], [66.791345, 44.190652], [66.791044, 44.191162], [66.790744, 44.191676], [66.790437, 44.192182], [66.790133, 44.19268], [66.789839, 44.193183], [66.789544, 44.193677], [66.789249, 44.194174], [66.788949, 44.19467], [66.788649, 44.195162], [66.788531, 44.195387], [66.788744, 44.195344], [66.789496, 44.194941], [66.790097, 44.194594], [66.790321, 44.19426], [66.79042, 44.193671], [66.789815, 44.193525], [66.7897, 44.1935], [66.78966, 44.193518], [66.78962, 44.193508], [66.789617, 44.193479], [66.789093, 44.193386], [66.788327, 44.193247], [66.787731, 44.193131], [66.786951, 44.192972], [66.786286, 44.192853], [66.78622, 44.192825], [66.786286, 44.192853], [66.786121, 44.192791], [66.785773, 44.19283], [66.785171, 44.192842], [66.784366, 44.192812], [66.783771, 44.192821], [66.78338, 44.192817], [66.783286, 44.19236], [66.783343, 44.192331], [66.783286, 44.19236], [66.78338, 44.192817], [66.783771, 44.192821], [66.784366, 44.192812], [66.785171, 44.192842], [66.785773, 44.19283], [66.786121, 44.192791], [66.786286, 44.192853], [66.786951, 44.192972], [66.787731, 44.193131], [66.788327, 44.193247], [66.789093, 44.193386], [66.789619, 44.19348], [66.78962, 44.19351], [66.789662, 44.193518], [66.789702, 44.1935], [66.789815, 44.193525], [66.79042, 44.193671], [66.79064, 44.193605], [66.790984, 44.192942], [66.791342, 44.192391], [66.791497, 44.191901], [66.791152, 44.191832], [66.791059, 44.191819], [66.791152, 44.191832], [66.791497, 44.191901], [66.791792, 44.191332], [66.792093, 44.190707], [66.792365, 44.190125], [66.792569, 44.189801], [66.792617, 44.189627], [66.792368, 44.189489], [66.791726, 44.189199], [66.79085, 44.188809], [66.790818, 44.188816], [66.79078, 44.188805], [66.790783, 44.188778], [66.790736, 44.188765], [66.789964, 44.188447], [66.789046, 44.188084], [66.789354, 44.187873], [66.788969, 44.187462], [66.788553, 44.187059], [66.788209, 44.186705], [66.787789, 44.18627], [66.787724, 44.186205], [66.787789, 44.18627], [66.788209, 44.186705], [66.788553, 44.187059], [66.788969, 44.187462], [66.789354, 44.187873], [66.789046, 44.188084], [66.788187, 44.188165], [66.787518, 44.188243], [66.786316, 44.188397], [66.785384, 44.188492], [66.784497, 44.188625], [66.78379, 44.18864], [66.783291, 44.188768], [66.783332, 44.188945], [66.783391, 44.189264], [66.783458, 44.18961], [66.783498, 44.189966], [66.783533, 44.190357], [66.783589, 44.190625], [66.783552, 44.190699], [66.783589, 44.190625], [66.783533, 44.190357], [66.783498, 44.189966], [66.783458, 44.18961], [66.783391, 44.189264], [66.783332, 44.188945], [66.783291, 44.188768], [66.782771, 44.188822], [66.782252, 44.188904], [66.781712, 44.188954], [66.78114, 44.189018], [66.780581, 44.189076], [66.780586, 44.189134], [66.780631, 44.18943], [66.780695, 44.18964], [66.780758, 44.190204], [66.780841, 44.190683], [66.780886, 44.191024], [66.780903, 44.191189], [66.78092, 44.191246], [66.780903, 44.191189], [66.780886, 44.191024], [66.780841, 44.190683], [66.780758, 44.190204], [66.780695, 44.18964], [66.780631, 44.18943], [66.780586, 44.189134], [66.780581, 44.189076], [66.780267, 44.189107], [66.779709, 44.189179], [66.778849, 44.189267], [66.778106, 44.18935], [66.777145, 44.189472], [66.776077, 44.189615], [66.775029, 44.189761], [66.774717, 44.189808], [66.774028, 44.189878], [66.77314, 44.190003], [66.772507, 44.190151], [66.77314, 44.190003], [66.774028, 44.189878], [66.774717, 44.189808], [66.774768, 44.190405], [66.774814, 44.190924], [66.775042, 44.191259], [66.775103, 44.191362], [66.775102, 44.191825], [66.774747, 44.191798], [66.774693, 44.191789], [66.774747, 44.191798], [66.775102, 44.191825], [66.775065, 44.192368], [66.775084, 44.192986], [66.775106, 44.193536], [66.775106, 44.193805], [66.775228, 44.193797], [66.775106, 44.193805], [66.775065, 44.192368], [66.775102, 44.191825], [66.775103, 44.191362], [66.775042, 44.191259], [66.774814, 44.190924], [66.774768, 44.190405], [66.774717, 44.189808], [66.774028, 44.189878], [66.77314, 44.190003], [66.772507, 44.190151], [66.7723589, 44.1899685], [66.7709454, 44.1892386], [66.7705109, 44.1886539], [66.7690786, 44.1879654], [66.7683007, 44.1877615], [66.7670025, 44.1870191], [66.7628505, 44.1858651], [66.7623569, 44.185844], [66.7630865, 44.1881904], [66.7623569, 44.185844], [66.7624964, 44.1851843], [66.7622158, 44.185056], [66.7624964, 44.1851843], [66.7625225, 44.185076], [66.7599981, 44.1838139], [66.7595122, 44.1836905], [66.7599981, 44.1838139], [66.7625225, 44.185076], [66.7633976, 44.1826684], [66.7608583, 44.1801675]]}, "properties": {"id": "feeder_0030", "name": "ф.Коммунизм", "object_type": "feeder", "voltage": "10 кВ", "parent_id": null, "fed_from": null, "year": "1986", "power_kva": null, "balance": null, "inventory_no": "11182", "length": "4 км", "description": "ВЛ-10 кВ от ПС 35/10 кВ «Н.Бекежанов»\nЯчейка №11", "links": [{"name": "Гео-схема", "url": "https://www.google.com/maps/d/u/0/viewer?hl=ru&mid=1RrOxrUQ-HZ-U8HPg_yaaFdK4nJWZfNE&ll=44.176761464479725%2C66.81145570000001&z=14"}], "source_folder": "ВЛ-10 кВ"}}, {"type": "Feature", "geometry": {"type": "LineString", "coordinates": [[66.7851273, 44.1972111], [66.7853745, 44.1974053], [66.7871104, 44.1966956], [66.7883063, 44.1965229], [66.7916216, 44.194015], [66.793982, 44.192984], [66.796866, 44.192682], [66.797438, 44.19246], [66.798043, 44.192246], [66.798611, 44.192098], [66.799291, 44.192041], [66.799687, 44.192004], [66.800236, 44.191962], [66.801204, 44.191868], [66.80175, 44.191629], [66.802152, 44.191572], [66.802573, 44.191544], [66.802673, 44.1915], [66.802934, 44.191219], [66.803475, 44.190695], [66.803984, 44.190237], [66.804466, 44.189806], [66.804853, 44.189419], [66.805317, 44.188895], [66.805404, 44.188829], [66.805317, 44.188895], [66.804853, 44.189419], [66.804466, 44.189806], [66.803984, 44.190237], [66.803475, 44.190695], [66.802934, 44.191219], [66.802673, 44.1915], [66.802573, 44.191544], [66.803456, 44.191545], [66.804358, 44.191454], [66.805008, 44.191911], [66.805816, 44.191755], [66.806619, 44.191587], [66.807417, 44.191441], [66.808263, 44.191268], [66.808973, 44.191128], [66.809637, 44.191013], [66.810571, 44.190926], [66.811489, 44.190817], [66.812323, 44.190764], [66.813136, 44.190678], [66.813767, 44.190631], [66.814228, 44.190617], [66.814917, 44.19052], [66.815867, 44.190444], [66.816728, 44.190372], [66.817502, 44.190293], [66.817731, 44.190129], [66.817759, 44.189447], [66.817782, 44.188836], [66.817799, 44.188156], [66.81782, 44.187494], [66.81784, 44.186827], [66.817873, 44.186141], [66.817901, 44.185552], [66.817935, 44.184826], [66.817956, 44.184154], [66.81799, 44.183521], [66.817989, 44.182928], [66.818004, 44.18239], [66.818032, 44.18181], [66.81806, 44.18087], [66.818102, 44.180194], [66.818119, 44.179524], [66.817841, 44.179632], [66.817689, 44.179707], [66.817708, 44.17975], [66.817689, 44.179707], [66.817841, 44.179632], [66.818119, 44.179524], [66.818115, 44.178911], [66.818069, 44.178249], [66.818288, 44.177221], [66.818124, 44.177012], [66.818221, 44.176351], [66.818231, 44.175948], [66.81826, 44.175369], [66.818267, 44.174893], [66.818321, 44.174827], [66.818689, 44.174835], [66.818707, 44.175163], [66.818698, 44.175531], [66.81869, 44.175897], [66.818677, 44.17625], [66.81867, 44.1766], [66.818662, 44.176972], [66.818651, 44.177333], [66.818652, 44.177693], [66.818631, 44.178075], [66.818617, 44.178434], [66.818622, 44.178706], [66.819106, 44.178722], [66.819605, 44.178728], [66.820027, 44.178733], [66.820343, 44.178739], [66.820027, 44.178733], [66.819605, 44.178728], [66.819106, 44.178722], [66.818622, 44.178706], [66.818617, 44.178434], [66.818631, 44.178075], [66.818652, 44.177693], [66.818651, 44.177333], [66.818662, 44.176972], [66.81867, 44.1766], [66.818677, 44.17625], [66.81869, 44.175897], [66.818698, 44.175531], [66.818707, 44.175163], [66.818689, 44.174835], [66.818321, 44.174827], [66.818324, 44.174477], [66.818356, 44.174187], [66.818795, 44.174008], [66.81941, 44.173719], [66.819868, 44.173455], [66.82008, 44.173414], [66.820474, 44.173619], [66.820788, 44.173816], [66.821072, 44.174002], [66.821005, 44.174076], [66.821072, 44.174002], [66.820788, 44.173816], [66.820474, 44.173619], [66.82008, 44.173414], [66.819868, 44.173455], [66.81941, 44.173719], [66.818795, 44.174008], [66.818356, 44.174187], [66.818293, 44.173629], [66.818293, 44.172963], [66.818431, 44.172751], [66.817633, 44.173026], [66.817045, 44.173246], [66.816373, 44.173489], [66.816152, 44.173143], [66.816102, 44.173191], [66.81605, 44.173208], [66.816102, 44.173191], [66.816152, 44.173143], [66.81587, 44.172771], [66.815545, 44.172346], [66.815209, 44.171918], [66.814606, 44.17214], [66.814201, 44.172299], [66.81368, 44.172516], [66.813292, 44.172684], [66.81279, 44.172914], [66.812509, 44.172998], [66.81193, 44.173266], [66.811389, 44.17354], [66.811076, 44.173752], [66.811002, 44.173789], [66.811076, 44.173752], [66.811082, 44.173816], [66.810715, 44.173993], [66.810436, 44.174111], [66.810118, 44.173726], [66.809823, 44.173346], [66.809514, 44.172954], [66.809222, 44.172564], [66.808907, 44.17217], [66.8086, 44.171774], [66.808287, 44.171379], [66.807973, 44.170988], [66.807824, 44.170752], [66.807172, 44.170941], [66.806805, 44.171085], [66.806405, 44.171234], [66.806612, 44.1716], [66.80684, 44.171897], [66.807077, 44.172222], [66.807299, 44.172541], [66.807528, 44.172863], [66.80777, 44.173196], [66.807989, 44.173513], [66.808213, 44.173843], [66.808446, 44.174164], [66.808658, 44.174472], [66.808898, 44.1748], [66.808933, 44.17485], [66.808898, 44.1748], [66.808658, 44.174472], [66.808446, 44.174164], [66.808213, 44.173843], [66.807989, 44.173513], [66.80777, 44.173196], [66.807528, 44.172863], [66.807299, 44.172541], [66.807077, 44.172222], [66.80684, 44.171897], [66.806612, 44.1716], [66.806405, 44.171234], [66.806176, 44.170954], [66.805609, 44.171141], [66.80498, 44.171422], [66.805152, 44.171701], [66.805376, 44.172026], [66.805619, 44.172353], [66.805847, 44.172674], [66.806085, 44.172999], [66.806311, 44.173304], [66.806541, 44.173629], [66.806768, 44.173942], [66.807007, 44.174278], [66.807221, 44.174597], [66.807465, 44.174912], [66.80752, 44.174956], [66.807465, 44.174912], [66.807221, 44.174597], [66.807007, 44.174278], [66.806768, 44.173942], [66.806541, 44.173629], [66.806311, 44.173304], [66.806085, 44.172999], [66.805847, 44.172674], [66.805619, 44.172353], [66.805376, 44.172026], [66.805152, 44.171701], [66.80498, 44.171422], [66.804606, 44.171677], [66.804241, 44.17192], [66.803999, 44.172142], [66.80384, 44.172292], [66.803974, 44.17253], [66.804202, 44.172851], [66.804431, 44.173162], [66.80466, 44.173495], [66.804887, 44.173802], [66.805125, 44.174138], [66.805353, 44.174471], [66.805584, 44.174792], [66.805811, 44.175119], [66.806047, 44.175446], [66.806114, 44.175471], [66.806047, 44.175446], [66.805811, 44.175119], [66.805584, 44.174792], [66.805353, 44.174471], [66.805125, 44.174138], [66.804887, 44.173802], [66.80466, 44.173495], [66.804431, 44.173162], [66.804202, 44.172851], [66.803974, 44.17253], [66.80384, 44.172292], [66.803999, 44.172142], [66.804241, 44.17192], [66.804606, 44.171677], [66.80498, 44.171422], [66.805609, 44.171141], [66.806176, 44.170954], [66.806405, 44.171234], [66.806805, 44.171085], [66.807172, 44.170941], [66.807824, 44.170752], [66.807973, 44.170988], [66.808287, 44.171379], [66.8086, 44.171774], [66.808907, 44.17217], [66.809222, 44.172564], [66.809514, 44.172954], [66.809823, 44.173346], [66.810118, 44.173726], [66.810436, 44.174111], [66.810715, 44.173993], [66.811082, 44.173816], [66.811076, 44.173752], [66.811389, 44.17354], [66.81193, 44.173266], [66.812509, 44.172998], [66.81279, 44.172914], [66.813292, 44.172684], [66.81368, 44.172516], [66.814201, 44.172299], [66.814606, 44.17214], [66.815209, 44.171918], [66.815545, 44.172346], [66.81587, 44.172771], [66.816152, 44.173143], [66.816373, 44.173489], [66.817045, 44.173246], [66.817633, 44.173026], [66.818431, 44.172751], [66.819116, 44.172498], [66.819859, 44.1722], [66.820603, 44.17197], [66.821211, 44.171724], [66.821654, 44.171536], [66.821335, 44.171116], [66.821038, 44.170714], [66.820684, 44.170238], [66.820288, 44.169712], [66.819985, 44.169303], [66.819632, 44.168818], [66.819241, 44.168299], [66.818874, 44.167844], [66.818863, 44.167676], [66.818936, 44.16773], [66.818863, 44.167676], [66.818874, 44.167844], [66.818517, 44.167326], [66.818193, 44.166888], [66.817925, 44.166938], [66.81705, 44.16724], [66.816424, 44.167486], [66.815687, 44.167764], [66.814971, 44.168077], [66.815285, 44.168064], [66.815345, 44.168156], [66.815285, 44.168064], [66.814971, 44.168077], [66.815048, 44.167888], [66.815146, 44.167856], [66.815048, 44.167888], [66.814971, 44.168077], [66.814243, 44.168344], [66.814298, 44.16841], [66.814444, 44.168642], [66.814298, 44.16841], [66.814243, 44.168344], [66.813518, 44.168619], [66.812786, 44.168897], [66.812072, 44.169159], [66.811492, 44.169398], [66.81144, 44.169427], [66.811492, 44.169398], [66.812072, 44.169159], [66.812786, 44.168897], [66.813518, 44.168619], [66.814243, 44.168344], [66.814971, 44.168077], [66.815687, 44.167764], [66.816424, 44.167486], [66.81705, 44.16724], [66.817925, 44.166938], [66.818193, 44.166888], [66.817947, 44.166554], [66.817653, 44.166167], [66.817272, 44.165654], [66.816881, 44.165117], [66.816524, 44.164625], [66.816116, 44.164069], [66.815757, 44.163577], [66.815322, 44.163241], [66.815335, 44.162797], [66.814829, 44.162556], [66.814486, 44.16207], [66.814254, 44.161519], [66.814057, 44.161013], [66.813803, 44.160355], [66.813593, 44.159655], [66.81329, 44.158994], [66.813021, 44.158268], [66.812901, 44.157366], [66.812969, 44.157315], [66.813322, 44.15726], [66.814128, 44.157032], [66.814898, 44.156857], [66.815609, 44.156676], [66.816165, 44.156608], [66.816185, 44.156544], [66.816165, 44.156608], [66.815609, 44.156676], [66.814898, 44.156857], [66.814128, 44.157032], [66.813322, 44.15726], [66.812969, 44.157315], [66.812901, 44.157366], [66.813021, 44.158268], [66.81329, 44.158994], [66.813593, 44.159655], [66.813803, 44.160355], [66.813871, 44.16034], [66.813985, 44.160308], [66.814196, 44.160276], [66.814262, 44.160274], [66.814196, 44.160276], [66.813985, 44.160308], [66.813871, 44.16034], [66.813803, 44.160355], [66.814057, 44.161013], [66.814254, 44.161519], [66.814486, 44.16207], [66.814829, 44.162556], [66.815335, 44.162797], [66.815322, 44.163241], [66.815757, 44.163577], [66.815846, 44.163494], [66.815689, 44.163288], [66.815618, 44.163233], [66.815689, 44.163288], [66.815846, 44.163494], [66.816144, 44.163371], [66.816842, 44.163145], [66.817722, 44.163031], [66.818505, 44.162987], [66.819525, 44.162819], [66.820486, 44.162769], [66.82143, 44.162608], [66.822439, 44.16252], [66.823486, 44.162371], [66.823468, 44.161559], [66.82296, 44.161677], [66.822383, 44.161674], [66.821662, 44.161665], [66.821113, 44.161658], [66.820993, 44.161653], [66.821113, 44.161658], [66.821662, 44.161665], [66.822383, 44.161674], [66.82296, 44.161677], [66.823468, 44.161559], [66.823486, 44.162371], [66.838059, 44.16103], [66.8416849, 44.1606762], [66.8534044, 44.1564682], [66.8593267, 44.1508027], [66.8872217, 44.1377146]]}, "properties": {"id": "feeder_0031", "name": "ф.Тонкерыс", "object_type": "feeder", "voltage": "10 кВ", "parent_id": null, "fed_from": null, "year": "1991", "power_kva": null, "balance": null, "inventory_no": "13684", "length": "6,6 км", "description": "ВЛ-10 кВ от ПС 35/10 кВ «Н.Бекежанов»\nЯчейка №10", "links": [{"name": "Гео-схема", "url": "https://www.google.com/maps/d/u/0/viewer?hl=ru&mid=1RrOxrUQ-HZ-U8HPg_yaaFdK4nJWZfNE&ll=44.176761464479725%2C66.81145570000001&z=14"}], "source_folder": "ВЛ-10 кВ"}}, {"type": "Feature", "geometry": {"type": "LineString", "coordinates": [[66.742094, 44.198558], [66.742191, 44.198971], [66.742293, 44.199407], [66.741445, 44.199638], [66.74087, 44.199786], [66.740164, 44.199981], [66.739465, 44.200152], [66.738964, 44.200272], [66.738351, 44.200436], [66.737749, 44.200601], [66.737131, 44.200756], [66.736504, 44.200913], [66.735908, 44.201072], [66.735306, 44.201229], [66.735283, 44.201131], [66.73522, 44.20089], [66.735283, 44.201131], [66.735306, 44.201229], [66.7347, 44.201388], [66.734093, 44.20155], [66.733577, 44.201654], [66.733603, 44.201604], [66.73346, 44.20137], [66.733603, 44.201604], [66.733577, 44.201654], [66.732907, 44.201843], [66.732296, 44.201979], [66.731485, 44.202133], [66.730936, 44.202243], [66.730369, 44.202349], [66.729763, 44.202157], [66.729257, 44.202245], [66.729113, 44.201689], [66.728926, 44.201065], [66.728811, 44.200591], [66.728725, 44.200666], [66.728323, 44.200723], [66.728725, 44.200666], [66.728811, 44.200591], [66.728734, 44.200306], [66.728642, 44.199969], [66.728569, 44.199699], [66.728432, 44.199302], [66.728208, 44.199325], [66.728129, 44.19938], [66.728208, 44.199325], [66.728432, 44.199302], [66.72852, 44.199283], [66.728735, 44.199265], [66.72918, 44.19922], [66.728735, 44.199265], [66.72852, 44.199283], [66.728432, 44.199302], [66.728324, 44.198846], [66.728224, 44.198476], [66.728077, 44.197983], [66.727918, 44.197442], [66.727759, 44.196904], [66.727592, 44.196905], [66.727363, 44.196905], [66.726125, 44.197112], [66.725349, 44.197222], [66.724543, 44.1973419], [66.725349, 44.197222], [66.726125, 44.197112], [66.727363, 44.196905], [66.727759, 44.196904], [66.727609, 44.196272], [66.727664, 44.196272], [66.72795, 44.196215], [66.728492, 44.196069], [66.728706, 44.19597], [66.728492, 44.196069], [66.72795, 44.196215], [66.727664, 44.196272], [66.727609, 44.196272], [66.727465, 44.195863], [66.727418, 44.195931], [66.726874, 44.196014], [66.726997, 44.196072], [66.727044, 44.196078], [66.726997, 44.196072], [66.726874, 44.196014], [66.726328, 44.196089], [66.725693, 44.196174], [66.725151, 44.196251], [66.725048, 44.196228], [66.725151, 44.196251], [66.725693, 44.196174], [66.726328, 44.196089], [66.726874, 44.196014], [66.727418, 44.195931], [66.727465, 44.195863], [66.727359, 44.195239], [66.72723, 44.194719], [66.727009, 44.194194], [66.726853, 44.193673], [66.726718, 44.1931], [66.726038, 44.193239], [66.726101, 44.193388], [66.726038, 44.193239], [66.726718, 44.1931], [66.726583, 44.192817], [66.726417, 44.192778], [66.725808, 44.192901], [66.725221, 44.193017], [66.724709, 44.193197], [66.724222, 44.193312], [66.723665, 44.193605], [66.723435, 44.193754], [66.723448, 44.193971], [66.72348, 44.19414], [66.723588, 44.194151], [66.72348, 44.19414], [66.723448, 44.193971], [66.723435, 44.193754], [66.723665, 44.193605], [66.724222, 44.193312], [66.724709, 44.193197], [66.725221, 44.193017], [66.725115, 44.192669], [66.724947, 44.192349], [66.724925, 44.192079], [66.724971, 44.192046], [66.725002, 44.192008], [66.724971, 44.192046], [66.724925, 44.192079], [66.72468, 44.191819], [66.72443, 44.191551], [66.723971, 44.19137], [66.723283, 44.191075], [66.722588, 44.190775], [66.722058, 44.19053], [66.722588, 44.190775], [66.723283, 44.191075], [66.723971, 44.19137], [66.72443, 44.191551], [66.72468, 44.191819], [66.724925, 44.192079], [66.724947, 44.192349], [66.725115, 44.192669], [66.725221, 44.193017], [66.725808, 44.192901], [66.726417, 44.192778], [66.726583, 44.192817], [66.726897, 44.192612], [66.727702, 44.192309], [66.728543, 44.192202], [66.728438, 44.192281], [66.728304, 44.192299], [66.728438, 44.192281], [66.728543, 44.192202], [66.727702, 44.192309], [66.726897, 44.192612], [66.726583, 44.192817], [66.726417, 44.192778], [66.725808, 44.192901], [66.725221, 44.193017], [66.725115, 44.192669], [66.724947, 44.192349], [66.724925, 44.192079], [66.72468, 44.191819], [66.72443, 44.191551], [66.724592, 44.191446], [66.72443, 44.191551], [66.723971, 44.19137], [66.724161, 44.191243], [66.724694, 44.190782], [66.72499, 44.190456], [66.725067, 44.190435], [66.72499, 44.190456], [66.724694, 44.190782], [66.724161, 44.191243], [66.723971, 44.19137], [66.72443, 44.191551], [66.72468, 44.191819], [66.724925, 44.192079], [66.724947, 44.192349], [66.725115, 44.192669], [66.725221, 44.193017], [66.725808, 44.192901], [66.726417, 44.192778], [66.726583, 44.192817], [66.726718, 44.1931], [66.726853, 44.193673], [66.727009, 44.194194], [66.72723, 44.194719], [66.727359, 44.195239], [66.727465, 44.195863], [66.727609, 44.196272], [66.727759, 44.196904], [66.727918, 44.197442], [66.728077, 44.197983], [66.728224, 44.198476], [66.728324, 44.198846], [66.728432, 44.199302], [66.728569, 44.199699], [66.728642, 44.199969], [66.728734, 44.200306], [66.728811, 44.200591], [66.728725, 44.200666], [66.728323, 44.200723], [66.728241, 44.200718], [66.728323, 44.200723], [66.727903, 44.200774], [66.727334, 44.20086], [66.726653, 44.200922], [66.726325, 44.200969], [66.725605, 44.201079], [66.724828, 44.201171], [66.724134, 44.201268], [66.723377, 44.201388], [66.723256, 44.201891], [66.723133, 44.202454], [66.722985, 44.203033], [66.722843, 44.203566], [66.722755, 44.203928], [66.722642, 44.204378], [66.722545, 44.204775], [66.722444, 44.205302], [66.722266, 44.205949], [66.722134, 44.206343], [66.721754, 44.207046], [66.72144, 44.207459], [66.721213, 44.207842], [66.720875, 44.208337], [66.720578, 44.208622], [66.719961, 44.209082], [66.719522, 44.209479], [66.719007, 44.209916], [66.718472, 44.210292], [66.718042, 44.210607], [66.717416, 44.211072], [66.71696, 44.211397], [66.716489, 44.211778], [66.716008, 44.212121], [66.715545, 44.212416], [66.7151, 44.212801], [66.714679, 44.213176], [66.714278, 44.213481], [66.713915, 44.213803], [66.71385, 44.213772]]}, "properties": {"id": "feeder_0032", "name": "ф.ЛЦ-4", "object_type": "feeder", "voltage": "10 кВ", "parent_id": null, "fed_from": null, "year": null, "power_kva": null, "balance": null, "inventory_no": null, "length": null, "description": "ВЛ-10 кВ от ПС 35/10 кВ «ЦПП»\nЯчейка №17", "links": [{"name": "Гео-схема", "url": "https://www.google.com/maps/d/viewer?hl=ru&mid=1WD1p_gKwWDika1K0cKdssyo0tJmcJ4g&ll=44.196439796323105%2C66.73217550000001&z=15"}, {"name": "Паспорт", "url": "https://drive.google.com/drive/folders/1XGHOeTrtNE4EV6I1gP8rNZd5XeEP-qWG?usp=sharing"}], "source_folder": "ВЛ-10 кВ"}}, {"type": "Feature", "geometry": {"type": "LineString", "coordinates": [[66.720405, 44.192157], [66.720361, 44.192075], [66.720014, 44.191555], [66.719635, 44.191076], [66.719307, 44.190703], [66.719008, 44.190267], [66.718719, 44.189826], [66.718526, 44.189487], [66.719077, 44.189228], [66.719414, 44.189037], [66.71981, 44.188828], [66.720112, 44.188674], [66.720363, 44.188463], [66.719746, 44.188419], [66.720363, 44.188463], [66.720916, 44.188788], [66.721097, 44.188889], [66.721857, 44.188911], [66.722583, 44.188872], [66.723579, 44.188824], [66.724241, 44.188832], [66.725117, 44.188825], [66.725664, 44.188805], [66.726023, 44.188944], [66.726672, 44.189013], [66.727302, 44.189115], [66.728067, 44.1892], [66.72878, 44.189292], [66.729461, 44.189414], [66.729692, 44.18971], [66.729768, 44.190043], [66.730039, 44.190574], [66.730202, 44.190917], [66.730389, 44.19131], [66.730556, 44.191675], [66.73063, 44.191911], [66.730561, 44.191981], [66.73063, 44.191911], [66.730404, 44.191825], [66.730071, 44.191892], [66.730149, 44.192163], [66.730247, 44.1925], [66.730325, 44.192782], [66.730435, 44.19319], [66.730555, 44.193608], [66.730665, 44.193998], [66.730565, 44.194046], [66.730665, 44.193998], [66.730783, 44.194383], [66.730937, 44.194683], [66.730879, 44.194715], [66.730937, 44.194683], [66.730783, 44.194383], [66.730665, 44.193998], [66.730555, 44.193608], [66.730435, 44.19319], [66.730325, 44.192782], [66.730247, 44.1925], [66.730149, 44.192163], [66.730071, 44.191892], [66.730404, 44.191825], [66.73063, 44.191911], [66.73129, 44.191936], [66.731364, 44.192247], [66.731444, 44.192558], [66.732099, 44.19246], [66.732666, 44.192359], [66.733201, 44.192251], [66.733734, 44.191973], [66.734307, 44.191663], [66.734616, 44.191404], [66.735463, 44.191437], [66.736065, 44.191438], [66.736141, 44.19136], [66.736065, 44.191438], [66.735463, 44.191437], [66.734616, 44.191404], [66.734307, 44.191663], [66.733734, 44.191973], [66.733201, 44.192251], [66.733318, 44.19264], [66.733516, 44.193289], [66.733201, 44.193373], [66.733008, 44.193423], [66.733146, 44.193894], [66.733106, 44.194024], [66.733133, 44.194069], [66.733106, 44.194024], [66.733146, 44.193894], [66.733008, 44.193423], [66.733201, 44.193373], [66.733516, 44.193289], [66.73383, 44.19344], [66.7340353, 44.1941666], [66.7344659, 44.1942009], [66.7347423, 44.1946388], [66.7345614, 44.194599], [66.7347423, 44.1946388], [66.7345386, 44.1944764], [66.7347423, 44.1946388], [66.734968, 44.194776], [66.7347423, 44.1946388], [66.7345708, 44.1946841], [66.7347423, 44.1946388], [66.734968, 44.194776], [66.735094, 44.195007], [66.735074, 44.195172], [66.735343, 44.195675], [66.735633, 44.196236], [66.735846, 44.196766], [66.736288, 44.197452], [66.736571, 44.197972], [66.736764, 44.198314], [66.73761, 44.19837], [66.73846, 44.19834], [66.73951, 44.19834], [66.74019, 44.1983], [66.74107, 44.19828], [66.74188, 44.19826], [66.74107, 44.19828], [66.74019, 44.1983], [66.73951, 44.19834], [66.73846, 44.19834], [66.73761, 44.19837], [66.736764, 44.198314], [66.73358, 44.19789]]}, "properties": {"id": "feeder_0033", "name": "ф.ЛЦ-14", "object_type": "feeder", "voltage": "10 кВ", "parent_id": null, "fed_from": null, "year": null, "power_kva": null, "balance": null, "inventory_no": null, "length": null, "description": "ВЛ-10 кВ от ПС 35/10 кВ «ЦПП»\nЯчейка №2", "links": [{"name": "Гео-схема", "url": "https://www.google.com/maps/d/viewer?hl=ru&mid=1WD1p_gKwWDika1K0cKdssyo0tJmcJ4g&ll=44.196439796323105%2C66.73217550000001&z=15"}], "source_folder": "ВЛ-10 кВ"}}, {"type": "Feature", "geometry": {"type": "LineString", "coordinates": [[66.739241, 44.164893], [66.738836, 44.164828], [66.738381, 44.164735], [66.73799, 44.164652], [66.737671, 44.164583], [66.737266, 44.164492], [66.737305, 44.164454], [66.737266, 44.164492], [66.736882, 44.16442], [66.736503, 44.164335], [66.735874, 44.16421], [66.735451, 44.164119], [66.734945, 44.164009], [66.734382, 44.163904], [66.733948, 44.163807], [66.733416, 44.163699], [66.732932, 44.163586], [66.732678, 44.16365], [66.732076, 44.163519], [66.73146, 44.163395], [66.731123, 44.163334], [66.730674, 44.163247], [66.730149, 44.163129], [66.729732, 44.163038], [66.729259, 44.162945], [66.728932, 44.162885], [66.728765, 44.162858], [66.728442, 44.16279], [66.728375, 44.162769], [66.72832, 44.162752], [66.728375, 44.162769], [66.728442, 44.16279], [66.728765, 44.162858], [66.728932, 44.162885], [66.729259, 44.162945], [66.729732, 44.163038], [66.730149, 44.163129], [66.730674, 44.163247], [66.731123, 44.163334], [66.73146, 44.163395], [66.732076, 44.163519], [66.732678, 44.16365], [66.732932, 44.163586], [66.73305, 44.163279], [66.733182, 44.162922], [66.73338, 44.162426], [66.733414, 44.162378], [66.73338, 44.162426], [66.733561, 44.162027], [66.733678, 44.161677], [66.733744, 44.161449], [66.733888, 44.161114], [66.733976, 44.160786], [66.734039, 44.160873], [66.734625, 44.160959], [66.735154, 44.161035], [66.735649, 44.161101], [66.735998, 44.161155], [66.736303, 44.161217], [66.736411, 44.161209], [66.736303, 44.161217], [66.735998, 44.161155], [66.735649, 44.161101], [66.735154, 44.161035], [66.734625, 44.160959], [66.734039, 44.160873], [66.733976, 44.160786], [66.734059, 44.16059], [66.734207, 44.160194], [66.734399, 44.159707], [66.734516, 44.159383], [66.734707, 44.158987], [66.734422, 44.158961], [66.73423, 44.158942], [66.734164, 44.158924], [66.73423, 44.158942], [66.734422, 44.158961], [66.734707, 44.158987], [66.735283, 44.159057], [66.735879, 44.159141], [66.736135, 44.15916], [66.736642, 44.159191], [66.737179, 44.159226], [66.737644, 44.159261], [66.738204, 44.159279], [66.738265, 44.15928], [66.738204, 44.159279], [66.738437, 44.159317], [66.738366, 44.159293]]}, "properties": {"id": "feeder_0034", "name": "яч№10 ф.Советский", "object_type": "feeder", "voltage": "10 кВ", "parent_id": null, "fed_from": null, "year": null, "power_kva": null, "balance": null, "inventory_no": null, "length": null, "description": "ВЛ-10 кВ от ЦРП 10кВ\nЯчейка №10\nПаспорт: (не готов)", "links": [{"name": "Гео-схема", "url": "https://www.google.com/maps/d/u/0/viewer?hl=ru&mid=1ZiT75tuaCmxam5m6lNwi0OUH2rbWMyA&ll=44.161923076224305%2C66.73364400000001&z=17"}, {"name": "Ссылка", "url": "https://drive.google.com/drive/folders/101VH45y602nZzeyzzIpCccG-0d-bAanj?usp=drive_link"}], "source_folder": "ВЛ-10 кВ"}}, {"type": "Feature", "geometry": {"type": "LineString", "coordinates": [[66.740764, 44.166546], [66.740834, 44.166359], [66.740962, 44.166083], [66.741025, 44.165879], [66.741096, 44.165631], [66.7412, 44.165391], [66.741219, 44.165221], [66.741466, 44.164709], [66.741575, 44.164335], [66.741653, 44.164133], [66.741802, 44.163727], [66.741242, 44.163651], [66.740805, 44.163568], [66.740384, 44.163491], [66.740157, 44.163708], [66.74002, 44.164018], [66.740067, 44.164108], [66.74002, 44.164018], [66.740157, 44.163708], [66.740384, 44.163491], [66.740805, 44.163568], [66.741242, 44.163651], [66.741802, 44.163727], [66.741946, 44.16339], [66.742048, 44.163128], [66.74198, 44.163097], [66.742008, 44.163031], [66.741977, 44.163103], [66.742048, 44.163128], [66.742225, 44.162633], [66.742333, 44.162357], [66.742518, 44.161868], [66.74248, 44.161851], [66.742518, 44.161868], [66.742627, 44.161522], [66.742772, 44.161088], [66.742401, 44.161026], [66.742449, 44.161015], [66.742401, 44.161026], [66.74206, 44.160982], [66.741716, 44.160941], [66.741212, 44.16093], [66.740862, 44.160893], [66.740433, 44.160866], [66.740328, 44.16091], [66.740148, 44.161225], [66.740101, 44.161287], [66.740148, 44.161225], [66.740328, 44.16091], [66.740433, 44.160866], [66.740862, 44.160893], [66.741212, 44.16093], [66.741716, 44.160941], [66.741661, 44.16062], [66.741666, 44.160336], [66.741656, 44.159912], [66.74163, 44.159755], [66.741737, 44.159472], [66.741854, 44.159246], [66.742284, 44.159222], [66.742681, 44.159212], [66.743228, 44.159193], [66.743715, 44.159172], [66.744058, 44.159146], [66.744037, 44.158804], [66.74405, 44.158475], [66.74402, 44.15826], [66.744438, 44.158238], [66.744534, 44.158281], [66.744438, 44.158238], [66.74402, 44.15826], [66.743818, 44.158213], [66.743638, 44.158175], [66.743583, 44.15821]]}, "properties": {"id": "feeder_0035", "name": "яч№12-17 ф.Райболница", "object_type": "feeder", "voltage": "10 кВ", "parent_id": null, "fed_from": null, "year": "1983", "power_kva": null, "balance": null, "inventory_no": "10041", "length": "2,1 км", "description": "ВЛ-10 кВ от ЦРП 10кВ\nЯчейка №12-17", "links": [{"name": "Гео-схема", "url": "https://www.google.com/maps/d/u/0/viewer?hl=ru&mid=1ZiT75tuaCmxam5m6lNwi0OUH2rbWMyA&ll=44.161923076224305%2C66.73364400000001&z=17"}], "source_folder": "ВЛ-10 кВ"}}, {"type": "Feature", "geometry": {"type": "LineString", "coordinates": [[66.739809, 44.1662], [66.739736, 44.166387], [66.739292, 44.166322], [66.739226, 44.166484], [66.739139, 44.166731], [66.739069, 44.16698], [66.739035, 44.16706], [66.739069, 44.16698], [66.739114, 44.167071], [66.739178, 44.167079], [66.739114, 44.167071], [66.739069, 44.16698], [66.739139, 44.166731], [66.739226, 44.166484], [66.739292, 44.166322], [66.739736, 44.166387], [66.740098, 44.166464], [66.740578, 44.16656], [66.740665, 44.166765], [66.740594, 44.167036], [66.740488, 44.167345], [66.740387, 44.167584], [66.740258, 44.167844], [66.740154, 44.168138], [66.739824, 44.168092], [66.739729, 44.168128], [66.739824, 44.168092], [66.73937, 44.167996], [66.73895, 44.167913], [66.738599, 44.167854], [66.738019, 44.168141], [66.737997, 44.168327], [66.737925, 44.168342], [66.737997, 44.168327], [66.737653, 44.168268], [66.737289, 44.168226], [66.737117, 44.168553], [66.736877, 44.168489], [66.736881, 44.168435], [66.736877, 44.168489], [66.736622, 44.168444], [66.736634, 44.168403], [66.736622, 44.168444], [66.736426, 44.168713], [66.736194, 44.168975], [66.73603, 44.169241], [66.736248, 44.169306], [66.736645, 44.169419], [66.736307, 44.169776], [66.736119, 44.17003], [66.735762, 44.17028], [66.736034, 44.170517], [66.736179, 44.170656], [66.736034, 44.170517], [66.735762, 44.17028], [66.736119, 44.17003], [66.736307, 44.169776], [66.736645, 44.169419], [66.736248, 44.169306], [66.73603, 44.169241], [66.735645, 44.169183], [66.735645, 44.169267], [66.735645, 44.169183], [66.73561, 44.169176], [66.735085, 44.169083], [66.735033, 44.169402], [66.734973, 44.169613], [66.735236, 44.169742], [66.735192, 44.169802], [66.735236, 44.169742], [66.734973, 44.169613], [66.735033, 44.169402], [66.735085, 44.169083], [66.734891, 44.169045], [66.734966, 44.169126], [66.734845, 44.169138], [66.734966, 44.169126], [66.734891, 44.169045], [66.735096, 44.168671], [66.734614, 44.1686], [66.734733, 44.168438], [66.734779, 44.168355], [66.734733, 44.168438], [66.734614, 44.1686], [66.734178, 44.168508], [66.733891, 44.168612], [66.733595, 44.16869], [66.73328, 44.168695], [66.733346, 44.168609], [66.73328, 44.168695], [66.733232, 44.168726], [66.733129, 44.168957], [66.733057, 44.168977], [66.733006, 44.168955], [66.733057, 44.168977], [66.733129, 44.168957], [66.733232, 44.168726], [66.7329551, 44.1686187], [66.73252, 44.1687], [66.7329551, 44.1686187], [66.733232, 44.168726], [66.73328, 44.168695], [66.733595, 44.16869], [66.733891, 44.168612], [66.734178, 44.168508], [66.733938, 44.168271], [66.734064, 44.167952], [66.734106, 44.167718], [66.733682, 44.167713], [66.733739, 44.167511], [66.733749, 44.16745], [66.733739, 44.167511], [66.733682, 44.167713], [66.734106, 44.167718], [66.734064, 44.167952], [66.733938, 44.168271], [66.73363, 44.168219], [66.733333, 44.168158], [66.7327, 44.16807], [66.732741, 44.167888], [66.732783, 44.167844], [66.732741, 44.167888], [66.7327, 44.16807], [66.73242, 44.168021], [66.73203, 44.167952], [66.731594, 44.167856], [66.731589, 44.1678], [66.731678, 44.167423], [66.731782, 44.167155], [66.731877, 44.166863], [66.731998, 44.166552], [66.732025, 44.166264]]}, "properties": {"id": "feeder_0036", "name": "яч№5 ф.Реалбаза", "object_type": "feeder", "voltage": "10 кВ", "parent_id": null, "fed_from": null, "year": null, "power_kva": null, "balance": null, "inventory_no": null, "length": null, "description": "ВЛ-10 кВ от ЦРП 10кВ\nЯчейка №5", "links": [{"name": "Гео-схема", "url": "https://www.google.com/maps/d/u/0/viewer?hl=ru&mid=1ZiT75tuaCmxam5m6lNwi0OUH2rbWMyA&ll=44.161923076224305%2C66.73364400000001&z=17"}, {"name": "Расчетная схема", "url": "https://miro.com/app/board/uXjVHVvZ-uQ=/?share_link_id=350607862515"}], "source_folder": "ВЛ-10 кВ"}}, {"type": "Feature", "geometry": {"type": "LineString", "coordinates": [[66.739159, 44.164995], [66.738597, 44.164893], [66.738148, 44.164792], [66.737687, 44.1647], [66.737283, 44.164648], [66.737267, 44.164932], [66.737152, 44.165227], [66.737004, 44.165576], [66.736896, 44.16587], [66.736471, 44.165794], [66.736014, 44.165716], [66.735364, 44.165595], [66.734939, 44.165511], [66.735047, 44.165709], [66.734917, 44.166044], [66.734835, 44.166294], [66.73506, 44.166396], [66.735466, 44.166747], [66.735568, 44.166708], [66.735466, 44.166747], [66.735275, 44.167007], [66.735214, 44.167311], [66.735169, 44.167538], [66.735201, 44.167601], [66.735169, 44.167538], [66.735214, 44.167311], [66.735275, 44.167007], [66.735466, 44.166747], [66.73506, 44.166396], [66.734835, 44.166294], [66.734917, 44.166044], [66.735047, 44.165709], [66.734939, 44.165511], [66.734274, 44.165379], [66.73393, 44.1653], [66.733472, 44.165192], [66.73296, 44.165076], [66.732992, 44.164785], [66.733028, 44.164725], [66.732992, 44.164785], [66.73296, 44.165076], [66.73248, 44.164951], [66.732524, 44.164891], [66.73248, 44.164951], [66.732239, 44.16508], [66.732101, 44.165392], [66.732027, 44.165643], [66.731936, 44.165894], [66.731798, 44.166319], [66.731531, 44.166264], [66.730985, 44.166155], [66.730685, 44.166076], [66.730694, 44.165929], [66.730728, 44.16586], [66.730694, 44.165929]]}, "properties": {"id": "feeder_0037", "name": "яч№3 ф.Кинотеатр", "object_type": "feeder", "voltage": "10 кВ", "parent_id": null, "fed_from": null, "year": "1990", "power_kva": null, "balance": null, "inventory_no": "14344", "length": "3,5 км", "description": "ВЛ-10 кВ от ЦРП 10кВ\nЯчейка №3\nПаспорт: (не готов)", "links": [{"name": "Гео-схема", "url": "https://www.google.com/maps/d/u/0/viewer?hl=ru&mid=1ZiT75tuaCmxam5m6lNwi0OUH2rbWMyA&ll=44.161923076224305%2C66.73364400000001&z=17"}, {"name": "Однолинейная схема", "url": "https://miro.com/app/board/uXjVHVvZ-uQ=/?share_link_id=350607862515"}, {"name": "По опорная схема", "url": "https://drive.google.com/file/d/1oRq4qf3MWOM7F2VJTWKbkppupxSqh5w9/view?usp=drive_link"}], "source_folder": "ВЛ-10 кВ"}}, {"type": "Feature", "geometry": {"type": "LineString", "coordinates": [[66.739983, 44.165158], [66.740768, 44.165289], [66.741525, 44.165417], [66.742279, 44.165558], [66.743114, 44.165716], [66.74359, 44.165703], [66.743712, 44.165717], [66.743777, 44.165717], [66.743712, 44.165717], [66.743647, 44.165692], [66.743712, 44.165717], [66.74359, 44.165703], [66.743114, 44.165716], [66.743357, 44.165559], [66.743462, 44.16527], [66.743632, 44.164937], [66.743733, 44.164666], [66.743833, 44.164416], [66.743965, 44.164091], [66.744102, 44.163754], [66.744247, 44.163403], [66.744405, 44.163164], [66.744915, 44.163175], [66.745222, 44.163187], [66.745722, 44.163192], [66.74629, 44.163204], [66.746639, 44.163208], [66.747175, 44.163216], [66.747701, 44.163227], [66.747716, 44.163174], [66.747725, 44.162887], [66.747735, 44.16254], [66.747733, 44.162341], [66.747745, 44.162098], [66.747774, 44.161899], [66.747599, 44.16187], [66.747774, 44.161899], [66.747769, 44.161839], [66.747736, 44.161493], [66.747675, 44.160872], [66.747554, 44.160512], [66.747675, 44.160872], [66.747736, 44.161493], [66.747769, 44.161839], [66.747774, 44.161899], [66.747745, 44.162098], [66.747733, 44.162341], [66.747735, 44.16254], [66.747725, 44.162887], [66.747716, 44.163174], [66.747701, 44.163227], [66.747175, 44.163216], [66.746639, 44.163208], [66.74629, 44.163204], [66.745722, 44.163192], [66.745222, 44.163187], [66.744915, 44.163175], [66.744405, 44.163164], [66.744476, 44.162827], [66.744405, 44.163164], [66.744247, 44.163403], [66.744076, 44.163394], [66.743553, 44.163333], [66.742984, 44.163276], [66.742429, 44.163207], [66.742359, 44.163248], [66.742429, 44.163207], [66.742307, 44.163332], [66.742051, 44.16378], [66.741955, 44.163988], [66.741544, 44.164297], [66.741411, 44.164649], [66.741169, 44.165202], [66.740344, 44.165095], [66.739643, 44.164946], [66.739533, 44.165062], [66.739343, 44.165072], [66.739317, 44.165147], [66.73924, 44.165379], [66.739135, 44.165649], [66.739336, 44.165744], [66.739135, 44.165649], [66.739336, 44.165744], [66.739135, 44.165649], [66.73924, 44.165379], [66.739317, 44.165147], [66.739343, 44.165072], [66.739533, 44.165062], [66.739643, 44.164946], [66.740344, 44.165095], [66.741169, 44.165202], [66.741411, 44.164649], [66.741544, 44.164297], [66.741955, 44.163988], [66.742051, 44.16378], [66.742307, 44.163332], [66.742429, 44.163207], [66.742984, 44.163276], [66.743553, 44.163333], [66.744076, 44.163394], [66.744247, 44.163403], [66.744405, 44.163164], [66.744476, 44.162827], [66.744578, 44.162458], [66.744647, 44.162174], [66.744719, 44.16189], [66.744845, 44.161441], [66.744865, 44.161161], [66.744879, 44.16079], [66.744835, 44.160437], [66.744791, 44.159994], [66.744718, 44.159792], [66.744666, 44.159368], [66.744652, 44.159094], [66.745023, 44.159038], [66.745453, 44.158994], [66.745883, 44.158963], [66.746461, 44.158936], [66.746846, 44.158897], [66.747409, 44.15885], [66.747466, 44.158517], [66.747607, 44.158531], [66.748683, 44.158126], [66.748803, 44.158113], [66.748683, 44.158126], [66.747607, 44.158531], [66.747466, 44.158517], [66.747467, 44.158167], [66.747468, 44.157829], [66.747487, 44.15739], [66.747454, 44.156986], [66.747475, 44.156794], [66.747266, 44.156774], [66.747183, 44.156774], [66.747266, 44.156774], [66.747475, 44.156794], [66.747806, 44.156788], [66.748376, 44.156768], [66.748822, 44.156752], [66.749414, 44.156723], [66.749966, 44.156704], [66.750601, 44.156687], [66.751111, 44.156666], [66.751694, 44.156656], [66.752028, 44.156647], [66.752443, 44.156619], [66.752934, 44.156603], [66.753622, 44.156573], [66.754067, 44.15657], [66.75435, 44.156798], [66.754625, 44.157136], [66.754906, 44.157464], [66.754828, 44.15751], [66.754906, 44.157464], [66.7547626, 44.157299], [66.75435, 44.156798], [66.7534804, 44.1572362], [66.7520749, 44.1585216], [66.7525273, 44.1603939]]}, "properties": {"id": "feeder_0038", "name": "яч№1 ф.МКСО", "object_type": "feeder", "voltage": "10 кВ", "parent_id": null, "fed_from": null, "year": "1983", "power_kva": null, "balance": null, "inventory_no": "10044", "length": "1,75 км", "description": "ВЛ-10 кВ от ЦРП 10кВ\nЯчейка №1", "links": [{"name": "Гео-схема", "url": "https://www.google.com/maps/d/u/0/viewer?hl=ru&mid=1ZiT75tuaCmxam5m6lNwi0OUH2rbWMyA&ll=44.161923076224305%2C66.73364400000001&z=17"}, {"name": "Однолинейная схема", "url": "https://miro.com/app/board/uXjVHVvZ-uQ=/?share_link_id=350607862515"}], "source_folder": "ВЛ-10 кВ"}}, {"type": "Feature", "geometry": {"type": "LineString", "coordinates": [[66.77493, 44.157944], [66.774631, 44.158079], [66.774323, 44.158235], [66.774019, 44.158378], [66.773699, 44.158531], [66.773388, 44.158687], [66.773079, 44.158843], [66.772764, 44.158995], [66.772465, 44.159131], [66.772263, 44.158973], [66.772042, 44.158779], [66.771776, 44.158536], [66.771543, 44.158329], [66.771331, 44.158132], [66.771084, 44.157914], [66.770862, 44.157693], [66.770592, 44.157471], [66.770723, 44.157353], [66.770776, 44.157308], [66.770723, 44.157353], [66.770592, 44.157471], [66.770462, 44.157298], [66.770357, 44.157147], [66.770151, 44.156876], [66.769986, 44.156693], [66.769911, 44.156653], [66.769986, 44.156693], [66.770151, 44.156876], [66.770357, 44.157147], [66.770462, 44.157298], [66.770592, 44.157471], [66.770862, 44.157693], [66.771084, 44.157914], [66.771331, 44.158132], [66.771543, 44.158329], [66.771776, 44.158536], [66.772042, 44.158779], [66.772263, 44.158973], [66.772465, 44.159131], [66.772252, 44.159239], [66.77209, 44.159311], [66.771798, 44.159459], [66.77145, 44.159623], [66.771131, 44.159776], [66.770799, 44.159922], [66.77049, 44.16009], [66.77014, 44.160263], [66.770263, 44.160426], [66.770481, 44.160649], [66.770723, 44.160909], [66.770964, 44.161174], [66.771165, 44.161367], [66.771228, 44.161421], [66.771165, 44.161367], [66.770964, 44.161174], [66.770723, 44.160909], [66.770481, 44.160649], [66.770263, 44.160426], [66.77014, 44.160263], [66.769786, 44.160422], [66.769648, 44.160298], [66.769446, 44.160088], [66.769224, 44.159856], [66.769012, 44.159634], [66.768794, 44.159428], [66.768563, 44.159218], [66.768281, 44.158937], [66.768184, 44.158969], [66.768119, 44.158996], [66.768184, 44.158969], [66.768281, 44.158937], [66.768563, 44.159218], [66.768794, 44.159428], [66.769012, 44.159634], [66.769224, 44.159856], [66.769446, 44.160088], [66.769648, 44.160298], [66.769786, 44.160422], [66.769482, 44.160588], [66.769168, 44.16074], [66.768851, 44.160891], [66.768237, 44.161192], [66.767942, 44.161355], [66.76763, 44.161506], [66.767311, 44.161663], [66.767, 44.16181], [66.767062, 44.16188], [66.767114, 44.161924], [66.767062, 44.16188], [66.767, 44.16181], [66.76671, 44.161935], [66.766383, 44.162091], [66.766072, 44.162255], [66.765828, 44.162399], [66.7655, 44.162554], [66.765171, 44.162731], [66.764859, 44.162883], [66.764566, 44.163016], [66.764432, 44.162909], [66.764215, 44.162698], [66.764033, 44.162492], [66.763793, 44.162234], [66.763583, 44.162025], [66.763367, 44.161803], [66.763152, 44.161589], [66.762984, 44.161406], [66.76307, 44.161351], [66.763141, 44.161309]]}, "properties": {"id": "feeder_0039", "name": "ф.Шыгыс-4", "object_type": "feeder", "voltage": "10 кВ", "parent_id": null, "fed_from": null, "year": null, "power_kva": null, "balance": null, "inventory_no": null, "length": null, "description": "ВЛ-10 кВ от РП \"Шугыла\" 10кВ\nЯчейка №7", "links": [{"name": "Гео-схема", "url": "https://www.google.com/maps/d/u/1/viewer?hl=ru&mid=1EmTb9FZ_g90775aqOqVwYKgNEqFrfZk&ll=44.15983458577737%2C66.768957&z=16"}], "source_folder": "ВЛ-10 кВ"}}, {"type": "Feature", "geometry": {"type": "LineString", "coordinates": [[66.757949, 44.159885], [66.757995, 44.15987], [66.758492, 44.159599], [66.758973, 44.160055], [66.759673, 44.160815], [66.759688, 44.160897], [66.759602, 44.161123], [66.759806, 44.16164], [66.759886, 44.162086], [66.760203, 44.162695], [66.760437, 44.163191], [66.760786, 44.16357], [66.761124, 44.163981], [66.760927, 44.164447], [66.761073, 44.164387], [66.761573, 44.164292], [66.761618, 44.164309], [66.761573, 44.164292], [66.761073, 44.164387], [66.76158, 44.164718], [66.762145, 44.165077], [66.762582, 44.164875], [66.76296, 44.164669], [66.763234, 44.164535], [66.763567, 44.164366], [66.763666, 44.164135], [66.763963, 44.163986], [66.764238, 44.163833], [66.76457, 44.163675], [66.764817, 44.16355], [66.765112, 44.163409], [66.765442, 44.163236], [66.765777, 44.163074], [66.766052, 44.162918], [66.766365, 44.162775], [66.766674, 44.162609], [66.766965, 44.162455], [66.76731, 44.162283], [66.767599, 44.162147], [66.767903, 44.161991], [66.768198, 44.161846], [66.768499, 44.161684], [66.768801, 44.161539], [66.769119, 44.161386], [66.769427, 44.161234], [66.769722, 44.161078], [66.770041, 44.160919], [66.770353, 44.160752], [66.770652, 44.1606], [66.771014, 44.160409], [66.771334, 44.160249], [66.771591, 44.160123], [66.771843, 44.15999], [66.772155, 44.159835], [66.772462, 44.159689], [66.772768, 44.159541], [66.773066, 44.159391], [66.773362, 44.159242], [66.773679, 44.159078], [66.773988, 44.158912], [66.774283, 44.158768], [66.77458, 44.158626], [66.774904, 44.158455], [66.775195, 44.158301], [66.775573, 44.158129], [66.77581, 44.158446], [66.775835, 44.158782], [66.775964, 44.15895], [66.776191, 44.159184], [66.7764, 44.159409], [66.776606, 44.159634], [66.776826, 44.159849], [66.777064, 44.160088], [66.777293, 44.160308], [66.77752, 44.160525], [66.777715, 44.160733], [66.777615, 44.160792], [66.777553, 44.160819], [66.777615, 44.160792], [66.777715, 44.160733], [66.777916, 44.160924], [66.778142, 44.161186], [66.778322, 44.161369], [66.778459, 44.161496], [66.778703, 44.161719], [66.778977, 44.161992], [66.779209, 44.162281], [66.779115, 44.162323], [66.779058, 44.162356], [66.779115, 44.162323], [66.779209, 44.162281], [66.778977, 44.161992], [66.778703, 44.161719], [66.778459, 44.161496], [66.778322, 44.161369], [66.778142, 44.161186], [66.777916, 44.160924], [66.777715, 44.160733], [66.77752, 44.160525], [66.777293, 44.160308], [66.777064, 44.160088], [66.776826, 44.159849], [66.776606, 44.159634], [66.7764, 44.159409], [66.776191, 44.159184], [66.775964, 44.15895], [66.775835, 44.158782], [66.77581, 44.158446], [66.775913, 44.158418], [66.776065, 44.158707], [66.776473, 44.159118], [66.776914, 44.159557], [66.777354, 44.160002], [66.777777, 44.160456], [66.778212, 44.160899], [66.778675, 44.161337], [66.779056, 44.161729], [66.779521, 44.162223], [66.779923, 44.162674], [66.780375, 44.163095], [66.780784, 44.16356], [66.780712, 44.163819], [66.78081, 44.164187], [66.78092, 44.164279], [66.781139, 44.164493], [66.781356, 44.164715], [66.781585, 44.164933], [66.781793, 44.165159], [66.781628, 44.165235], [66.78172, 44.165329], [66.781781, 44.165379], [66.78172, 44.165329], [66.781628, 44.165235], [66.781793, 44.165159], [66.781902, 44.165269], [66.782124, 44.165493], [66.782355, 44.165715], [66.782559, 44.165938], [66.782781, 44.166146], [66.782853, 44.166116], [66.782936, 44.166057], [66.782853, 44.166116], [66.782781, 44.166146], [66.782913, 44.166277], [66.783134, 44.166498], [66.78336, 44.166708], [66.783573, 44.166922], [66.783711, 44.167203], [66.78377, 44.167409], [66.783864, 44.167771], [66.783897, 44.168013], [66.783664, 44.168271], [66.784065, 44.168219], [66.784158, 44.168192], [66.784065, 44.168219], [66.783664, 44.168271], [66.783313, 44.16832], [66.78296, 44.168357], [66.782565, 44.168416], [66.782204, 44.168438], [66.781836, 44.168478], [66.781458, 44.168531], [66.781086, 44.168593], [66.78072, 44.168621], [66.78035, 44.168668], [66.78038, 44.168912], [66.780441, 44.169162], [66.780497, 44.16943], [66.780574, 44.169693], [66.780597, 44.169873], [66.780606, 44.17013], [66.780618, 44.170396], [66.780626, 44.170664], [66.780631, 44.170859], [66.780642, 44.171202], [66.780657, 44.171466], [66.78066, 44.171733], [66.780665, 44.171997], [66.780672, 44.172175], [66.780677, 44.172221], [66.780672, 44.172175], [66.780665, 44.171997], [66.78066, 44.171733], [66.780657, 44.171466], [66.780642, 44.171202], [66.780631, 44.170859], [66.780626, 44.170664], [66.780618, 44.170396], [66.780606, 44.17013], [66.780597, 44.169873], [66.780574, 44.169693], [66.780497, 44.16943], [66.780441, 44.169162], [66.78038, 44.168912], [66.78035, 44.168668], [66.78002, 44.168726], [66.779679, 44.168742], [66.779348, 44.168786], [66.779011, 44.168826], [66.778643, 44.168873], [66.778309, 44.168905], [66.777934, 44.168964], [66.777565, 44.169018], [66.777232, 44.169037], [66.777165, 44.16897], [66.777142, 44.16889], [66.777165, 44.16897], [66.777232, 44.169037], [66.776834, 44.169061], [66.776897, 44.169321], [66.77696, 44.169592], [66.777023, 44.169921], [66.777075, 44.17012], [66.777106, 44.170298], [66.777132, 44.170546], [66.777148, 44.170799], [66.777151, 44.171071], [66.777168, 44.171337], [66.777165, 44.171612], [66.77717, 44.171867], [66.777172, 44.172145], [66.777169, 44.172215], [66.777177, 44.172256], [66.777169, 44.172215], [66.777172, 44.172145], [66.77717, 44.171867], [66.777165, 44.171612], [66.777168, 44.171337], [66.777151, 44.171071], [66.777148, 44.170799], [66.777132, 44.170546], [66.777106, 44.170298], [66.777075, 44.17012], [66.777023, 44.169921], [66.77696, 44.169592], [66.776897, 44.169321], [66.776834, 44.169061], [66.776788, 44.168876], [66.776739, 44.16862], [66.776681, 44.168351], [66.776606, 44.16807], [66.77646, 44.167803], [66.776313, 44.167663], [66.776096, 44.167444], [66.775882, 44.167228], [66.77566, 44.166997], [66.775447, 44.166777], [66.775222, 44.166562], [66.775014, 44.166353], [66.774799, 44.166128], [66.774578, 44.165918], [66.774345, 44.16571], [66.774138, 44.165486], [66.773919, 44.165255], [66.773689, 44.165036], [66.773613, 44.16496], [66.773523, 44.16499], [66.773452, 44.165015], [66.773523, 44.16499], [66.773613, 44.16496], [66.773345, 44.164879], [66.772961, 44.165091], [66.772346, 44.165393], [66.771725, 44.16572], [66.771138, 44.166031], [66.770778, 44.166205], [66.770523, 44.166334], [66.770452, 44.16637], [66.770523, 44.166334], [66.770778, 44.166205], [66.770893, 44.16632], [66.770491, 44.16654], [66.77022, 44.166682], [66.769885, 44.16686], [66.769521, 44.167046], [66.769454, 44.167074], [66.769521, 44.167046], [66.769885, 44.16686], [66.769745, 44.166739], [66.769203, 44.166986], [66.769027, 44.16711], [66.768749, 44.167271], [66.768382, 44.167479], [66.768166, 44.167621], [66.767984, 44.167716], [66.76767, 44.167829], [66.767431, 44.167951], [66.767093, 44.168142], [66.766897, 44.168252], [66.766694, 44.168364], [66.76648, 44.168488], [66.766309, 44.168603], [66.76614, 44.168716], [66.766106, 44.168751]]}, "properties": {"id": "feeder_0040", "name": "ф.Шыгыс-3", "object_type": "feeder", "voltage": "10 кВ", "parent_id": null, "fed_from": null, "year": null, "power_kva": null, "balance": null, "inventory_no": null, "length": null, "description": "ВЛ-10 кВ от РП \"Шугыла\" 10кВ\nЯчейка №17", "links": [{"name": "Гео-схема", "url": "https://www.google.com/maps/d/u/1/viewer?hl=ru&mid=1EmTb9FZ_g90775aqOqVwYKgNEqFrfZk&ll=44.15983458577737%2C66.768957&z=16"}], "source_folder": "ВЛ-10 кВ"}}, {"type": "Feature", "geometry": {"type": "LineString", "coordinates": [[66.69537, 44.180639], [66.6948, 44.177489], [66.694731, 44.177487], [66.6948, 44.177489], [66.694601, 44.176296], [66.699496, 44.175873], [66.699987, 44.17605], [66.701705, 44.174069], [66.701442, 44.171988], [66.705732, 44.170975], [66.706667, 44.170535], [66.707427, 44.170354], [66.709424, 44.169887], [66.709552, 44.17023], [66.709954, 44.171088], [66.709552, 44.17023], [66.709371, 44.17021], [66.702795, 44.171945], [66.703229, 44.172775], [66.702795, 44.171945], [66.709371, 44.17021], [66.709552, 44.17023], [66.709424, 44.169887], [66.714125, 44.168781], [66.716674, 44.167705]]}, "properties": {"id": "feeder_0041", "name": "ф.Жахаев", "object_type": "feeder", "voltage": "10 кВ", "parent_id": null, "fed_from": null, "year": null, "power_kva": null, "balance": null, "inventory_no": null, "length": null, "description": "ВЛ-10 кВ от ПС 35/10 кВ «РП Береке»\nЯчейка №5 и №14", "links": [{"name": "Гео-схема", "url": "https://www.google.com/maps/d/viewer?hl=ru&mid=1jvdXUKosieiJJ8Q0_oJGvgeisaznwPU&ll=44.15650501774134%2C66.71075350000001&z=14"}], "source_folder": "ВЛ-10 кВ"}}, {"type": "Feature", "geometry": {"type": "LineString", "coordinates": [[66.687195, 44.181752], [66.68716, 44.18163], [66.687335, 44.181535], [66.686495, 44.178582], [66.686317, 44.178621], [66.686495, 44.178582], [66.686206, 44.177511], [66.694417, 44.176294], [66.694418, 44.176421], [66.694359, 44.176448], [66.694418, 44.176421], [66.694417, 44.176294], [66.694588, 44.176177], [66.699232, 44.1758], [66.699496, 44.175873], [66.699987, 44.17605], [66.701705, 44.174069], [66.701442, 44.171988], [66.705732, 44.170975], [66.706667, 44.170535], [66.707289, 44.170386], [66.707701, 44.17031], [66.714125, 44.168781], [66.7166539, 44.1676848]]}, "properties": {"id": "feeder_0042", "name": "ф.Жахаев", "object_type": "feeder", "voltage": "10 кВ", "parent_id": null, "fed_from": null, "year": null, "power_kva": null, "balance": null, "inventory_no": null, "length": null, "description": "ВЛ-10 кВ от ПС 35/10 кВ «РП Береке»\nЯчейка №5 и №14", "links": [{"name": "Гео-схема", "url": "https://www.google.com/maps/d/viewer?hl=ru&mid=1jvdXUKosieiJJ8Q0_oJGvgeisaznwPU&ll=44.15650501774134%2C66.71075350000001&z=14"}], "source_folder": "ВЛ-10 кВ"}}, {"type": "Feature", "geometry": {"type": "LineString", "coordinates": [[66.72106, 44.16068], [66.721132, 44.160721], [66.72138, 44.16086], [66.722266, 44.160961], [66.722673, 44.161157], [66.722924, 44.16166], [66.72341, 44.162259], [66.723914, 44.162695], [66.724303, 44.163136], [66.724628, 44.163487], [66.724907, 44.163775], [66.725257, 44.164201], [66.725618, 44.164653], [66.725904, 44.165004], [66.72624, 44.16515], [66.726171, 44.165169], [66.72624, 44.16515], [66.7262878, 44.165257], [66.726422, 44.16544], [66.726665, 44.165681], [66.727131, 44.165891], [66.727429, 44.166175], [66.72781, 44.166476], [66.728046, 44.166656], [66.728321, 44.166958], [66.728595, 44.167254], [66.728697, 44.167321], [66.728887, 44.167217], [66.72888, 44.16713], [66.728887, 44.167217], [66.728697, 44.167321], [66.7289084, 44.1675803], [66.729207, 44.167924], [66.729467, 44.168152], [66.72974, 44.167998], [66.72984, 44.16782], [66.72974, 44.167998], [66.729467, 44.168152], [66.729602, 44.168362], [66.729801, 44.168526], [66.730308, 44.168576], [66.730562, 44.168491], [66.730701, 44.168588], [66.730859, 44.168941], [66.730938, 44.169118], [66.73097, 44.16913], [66.730938, 44.169118], [66.730859, 44.168941], [66.730701, 44.168588], [66.730562, 44.168491], [66.730308, 44.168576], [66.729801, 44.168526], [66.7295778, 44.1686031], [66.7291326, 44.1687436], [66.729066, 44.168593], [66.729042, 44.168475], [66.72902, 44.16841], [66.729042, 44.168475], [66.729066, 44.168593], [66.7291312, 44.1687436], [66.7295778, 44.1686031], [66.729801, 44.168526], [66.7295791, 44.1686041], [66.7291312, 44.1687426], [66.728691, 44.16888], [66.7282273, 44.1690428], [66.727738, 44.169194], [66.727761, 44.169414], [66.7281388, 44.1695757], [66.728423, 44.169706], [66.728824, 44.169881], [66.729217, 44.170051], [66.729528, 44.170181], [66.729794, 44.170044], [66.730041, 44.170072], [66.730314, 44.170203], [66.730678, 44.17035], [66.730868, 44.170482], [66.731664, 44.170288], [66.732175, 44.170776], [66.73231, 44.170914], [66.73257, 44.171143], [66.7329825, 44.1707926], [66.73257, 44.171143], [66.73231, 44.170914], [66.7326369, 44.1707108], [66.732084, 44.1701598], [66.7319338, 44.1701609], [66.732084, 44.1701598], [66.7326369, 44.1707127], [66.73231, 44.170914], [66.732175, 44.170776], [66.731664, 44.170288], [66.730868, 44.170482], [66.7305596, 44.1706315], [66.730868, 44.170482], [66.730678, 44.17035], [66.730314, 44.170203], [66.730041, 44.170072], [66.729794, 44.170044], [66.729528, 44.170181], [66.72925, 44.170464], [66.729041, 44.170696], [66.72902, 44.17082], [66.729041, 44.170696], [66.72925, 44.170464], [66.729528, 44.170181], [66.729217, 44.170051], [66.728824, 44.169881], [66.728979, 44.169693], [66.7290571, 44.1695858], [66.728979, 44.169693], [66.728824, 44.169881], [66.728423, 44.169706], [66.7281388, 44.1695757], [66.7280925, 44.1695847], [66.7281361, 44.1695766], [66.727761, 44.169414], [66.727738, 44.169194], [66.727493, 44.169099], [66.72726, 44.168979], [66.72732, 44.16891], [66.72726, 44.168979], [66.727493, 44.169099], [66.72703, 44.169103], [66.726443, 44.168852], [66.725958, 44.168636], [66.725608, 44.168488], [66.725136, 44.16828], [66.724573, 44.168067], [66.724172, 44.167919], [66.724052, 44.167861], [66.72399, 44.16785], [66.724052, 44.167861], [66.723931, 44.167781], [66.723368, 44.167577], [66.722961, 44.16743], [66.72235, 44.1672], [66.721829, 44.167027], [66.721211, 44.166836], [66.720617, 44.166753], [66.720069, 44.166685], [66.719486, 44.166648], [66.718825, 44.166885], [66.718849, 44.166969], [66.718902, 44.167233], [66.71893, 44.16725], [66.718902, 44.167233], [66.718849, 44.166969], [66.718825, 44.166885], [66.718842, 44.166805], [66.71877, 44.16674], [66.718842, 44.166805], [66.718825, 44.166885], [66.718136, 44.167166], [66.717278, 44.167545], [66.7166351, 44.1676598], [66.714125, 44.168781], [66.712327, 44.169176], [66.712082, 44.168786], [66.712288, 44.168723], [66.711804, 44.167153], [66.712636, 44.166853], [66.712631, 44.166633], [66.712636, 44.166853], [66.7131598, 44.1672533], [66.71341, 44.16724], [66.7131598, 44.1672533], [66.712636, 44.166853], [66.711804, 44.167153], [66.71107, 44.164819], [66.710672, 44.164217], [66.710745, 44.163796], [66.710907, 44.163713], [66.712612, 44.164211], [66.715019, 44.164314], [66.715732, 44.164246], [66.716403, 44.164275], [66.716967, 44.164016], [66.716403, 44.164275], [66.720937, 44.164332], [66.716403, 44.164275], [66.715732, 44.164246], [66.715019, 44.164314], [66.712612, 44.164211], [66.710907, 44.163713], [66.710745, 44.163796], [66.708816, 44.163077], [66.70115, 44.150445], [66.702827, 44.149914], [66.70115, 44.150445], [66.699367, 44.147474], [66.704244, 44.146059], [66.704189, 44.145797], [66.70432, 44.145723], [66.704189, 44.145797], [66.704244, 44.146059], [66.704592, 44.146711], [66.706401, 44.146304], [66.706155, 44.145499], [66.708069, 44.144856], [66.706155, 44.145499], [66.706401, 44.146304], [66.704592, 44.146711], [66.704244, 44.146059], [66.699367, 44.147474], [66.699095, 44.147133], [66.699148, 44.147092], [66.699095, 44.147133], [66.696083, 44.14312]]}, "properties": {"id": "feeder_0043", "name": "ф.Береке-2", "object_type": "feeder", "voltage": "10 кВ", "parent_id": null, "fed_from": null, "year": null, "power_kva": null, "balance": null, "inventory_no": null, "length": null, "description": "ВЛ-10 кВ от ПС 35/10 кВ «РП Береке»\nЯчейка №6 и №13", "links": [{"name": "Гео-схема", "url": "https://www.google.com/maps/d/viewer?hl=ru&mid=1jvdXUKosieiJJ8Q0_oJGvgeisaznwPU&ll=44.15650501774134%2C66.71075350000001&z=14"}], "source_folder": "ВЛ-10 кВ"}}, {"type": "Feature", "geometry": {"type": "LineString", "coordinates": [[66.712327, 44.169176], [66.714125, 44.168781], [66.7166271, 44.1676338], [66.714125, 44.168781], [66.712327, 44.169176], [66.710104, 44.164034], [66.710296, 44.163869], [66.710304, 44.163458], [66.710912, 44.163186], [66.710304, 44.163458], [66.710296, 44.163869], [66.710104, 44.164034], [66.709338, 44.162117], [66.712049, 44.161229], [66.711794, 44.160818], [66.711734, 44.160829], [66.711794, 44.160818], [66.710014, 44.157965], [66.709472, 44.157939], [66.709243, 44.15743], [66.709521, 44.157317], [66.709243, 44.15743], [66.709472, 44.157939], [66.710014, 44.157965], [66.710483, 44.158713], [66.71544, 44.157085], [66.714984, 44.156348], [66.717669, 44.155469], [66.718102, 44.156123], [66.717669, 44.155469], [66.723996, 44.15339], [66.723525, 44.153577], [66.724189, 44.155222], [66.724262, 44.155243], [66.7243, 44.15531], [66.724241, 44.155353], [66.725424, 44.158095], [66.724241, 44.155353], [66.7243, 44.15531], [66.724262, 44.155243], [66.724189, 44.155222], [66.723525, 44.153577], [66.717669, 44.155469], [66.714984, 44.156348], [66.71544, 44.157085], [66.710483, 44.158713], [66.711794, 44.160818], [66.712049, 44.161229], [66.717006, 44.159624], [66.719017, 44.158082], [66.722099, 44.157053], [66.72159, 44.156171], [66.725023, 44.155051], [66.725358, 44.155022], [66.725023, 44.155051], [66.724068, 44.153445]]}, "properties": {"id": "feeder_0044", "name": "ф.Береке-1", "object_type": "feeder", "voltage": "10 кВ", "parent_id": null, "fed_from": null, "year": null, "power_kva": null, "balance": null, "inventory_no": null, "length": null, "description": "ВЛ-10 кВ от ПС 35/10 кВ «РП Береке»\nЯчейка №6 и №13", "links": [{"name": "Гео-схема", "url": "https://www.google.com/maps/d/viewer?hl=ru&mid=1jvdXUKosieiJJ8Q0_oJGvgeisaznwPU&ll=44.15650501774134%2C66.71075350000001&z=14"}], "source_folder": "ВЛ-10 кВ"}}, {"type": "Feature", "geometry": {"type": "LineString", "coordinates": [[66.720379, 44.188356], [66.721423, 44.188462], [66.722269, 44.188189], [66.723058, 44.187935], [66.723854, 44.187688], [66.724631, 44.187441], [66.725266, 44.187224], [66.725072, 44.186494], [66.724904, 44.185905], [66.724728, 44.185298], [66.72463, 44.184956], [66.724905, 44.184733], [66.725869, 44.184728], [66.726802, 44.184724], [66.727778, 44.184707], [66.728652, 44.184711], [66.729507, 44.184715], [66.730385, 44.184733], [66.731332, 44.184731], [66.732325, 44.184732], [66.73335, 44.184753], [66.733826, 44.18474], [66.734699, 44.184677], [66.735398, 44.184651], [66.736114, 44.184635], [66.737033, 44.184611], [66.737954, 44.184589], [66.738847, 44.184576], [66.739751, 44.184575], [66.740673, 44.184551], [66.741554, 44.184555], [66.74248, 44.184533], [66.743398, 44.18454], [66.744238, 44.184508], [66.745194, 44.184487], [66.746115, 44.184477], [66.747025, 44.18447], [66.747934, 44.184466], [66.748797, 44.184456], [66.74975, 44.184441], [66.750649, 44.184428], [66.75154, 44.184422], [66.752464, 44.184408], [66.753379, 44.184389], [66.754307, 44.184385], [66.755218, 44.18438], [66.756238, 44.184368], [66.757104, 44.184455], [66.757871, 44.184551], [66.758819, 44.184661], [66.759867, 44.184766], [66.761192, 44.185112], [66.761691, 44.18464], [66.762088, 44.184201], [66.762545, 44.183727], [66.763289, 44.182947], [66.7637208, 44.1824109], [66.764319, 44.181723], [66.765376, 44.180778], [66.765117, 44.180395], [66.764665, 44.179734], [66.7643, 44.179234], [66.763937, 44.17867], [66.763566, 44.178133], [66.763128, 44.177531], [66.762774, 44.177016], [66.762373, 44.176452], [66.762002, 44.175918], [66.761597, 44.175317], [66.761195, 44.174731], [66.760833, 44.174196], [66.760444, 44.173651], [66.760077, 44.173118], [66.759646, 44.172496], [66.759249, 44.171926], [66.758844, 44.171352], [66.758416, 44.170733], [66.758018, 44.17012], [66.757595, 44.169545], [66.757247, 44.169019], [66.758127, 44.168744], [66.758934, 44.168497], [66.759728, 44.168275], [66.760517, 44.168032], [66.761357, 44.167785], [66.761722, 44.16744], [66.762163, 44.167048], [66.762635, 44.166592], [66.763375, 44.16586], [66.762863, 44.165376], [66.762255, 44.164801], [66.761663, 44.164239], [66.761298, 44.163779], [66.760879, 44.163257], [66.760368, 44.162647], [66.759899, 44.162075], [66.759481, 44.161581], [66.759074, 44.161095], [66.759389, 44.160977], [66.759694, 44.160872], [66.759721, 44.16077], [66.758976, 44.160055], [66.758612, 44.15996], [66.758194, 44.159859], [66.757696, 44.160049], [66.756905, 44.160447], [66.756328, 44.160729], [66.755666, 44.161043], [66.754947, 44.161397], [66.754126, 44.161799], [66.753446, 44.16209], [66.752632, 44.162463], [66.751813, 44.162696], [66.751265, 44.162864], [66.751261, 44.163154], [66.751387, 44.163493], [66.751548, 44.163896], [66.750742, 44.16429], [66.749914, 44.164698], [66.749466, 44.164903], [66.74893, 44.165191], [66.748028, 44.165512], [66.747267, 44.165826], [66.746546, 44.166128], [66.746089, 44.166306], [66.745352, 44.166036], [66.744673, 44.165939], [66.743931, 44.165856], [66.743146, 44.165733], [66.742316, 44.16556], [66.741509, 44.165411], [66.740683, 44.165274], [66.740046, 44.16517], [66.73955, 44.165082]]}, "properties": {"id": "feeder_0045", "name": "ф.ЦРП Ввод-1 От ПС-220/110/35/10 кВ \"Шиели\"", "object_type": "feeder", "voltage": "10 кВ", "parent_id": null, "fed_from": null, "year": null, "power_kva": null, "balance": null, "inventory_no": null, "length": null, "description": "ВЛ-10 кВ от ПС 220/110/35/10 кВ «Шиели»\nЯчейка №31", "links": [{"name": "Гео-схема", "url": "https://www.google.com/maps/d/viewer?hl=ru&mid=1UqN86d6VyzQL0MXQDKVtVRaLhrjvZd4&ll=44.17740384068313%2C66.71204850000001&z=15"}], "source_folder": "ВЛ-10 кВ"}}, {"type": "Feature", "geometry": {"type": "LineString", "coordinates": [[66.718786, 44.187031], [66.718092, 44.187217], [66.717219, 44.187301], [66.716608, 44.187155], [66.716003, 44.186986], [66.715316, 44.186815], [66.714586, 44.186635], [66.713931, 44.186465], [66.713213, 44.186263], [66.712522, 44.186094], [66.711683, 44.185885], [66.710132, 44.185474], [66.709065, 44.185204], [66.709045, 44.18481], [66.709017, 44.184501], [66.708882, 44.184341], [66.708441, 44.183895], [66.707968, 44.183414], [66.707552, 44.182993], [66.707143, 44.182573], [66.706766, 44.182155], [66.706421, 44.181808], [66.706427, 44.181631], [66.706427, 44.181095], [66.706441, 44.180604], [66.706462, 44.179978], [66.706477, 44.179386], [66.706488, 44.178813], [66.706487, 44.178235], [66.706502, 44.177694], [66.70654, 44.177158], [66.706504, 44.176968], [66.706258, 44.176846], [66.706295, 44.176451], [66.706353, 44.175841], [66.706413, 44.17516], [66.70646, 44.174559], [66.706483, 44.174352], [66.706782, 44.174259], [66.706832, 44.173812], [66.706892, 44.17328], [66.706949, 44.172747], [66.706981, 44.172188], [66.707057, 44.171602], [66.707137, 44.170902], [66.707464, 44.170523], [66.708238, 44.17032], [66.708976, 44.170131], [66.709664, 44.169958], [66.710362, 44.169801], [66.711052, 44.169613], [66.711724, 44.169448], [66.712388, 44.169274], [66.71304, 44.169113], [66.713661, 44.168957], [66.714454, 44.16875], [66.714745, 44.168649], [66.715404, 44.16837], [66.716084, 44.1681], [66.716795, 44.167801]]}, "properties": {"id": "feeder_0046", "name": "ф.РП двухцепная", "object_type": "feeder", "voltage": "10 кВ", "parent_id": null, "fed_from": null, "year": null, "power_kva": null, "balance": null, "inventory_no": null, "length": null, "description": "ВЛ-10 кВ от ПС 220/110/35/10 кВ «Шиели»\nЯчейка №", "links": [{"name": "Гео-схема", "url": "https://www.google.com/maps/d/viewer?hl=ru&mid=1UqN86d6VyzQL0MXQDKVtVRaLhrjvZd4&ll=44.17740384068313%2C66.71204850000001&z=15"}], "source_folder": "ВЛ-10 кВ"}}, {"type": "Feature", "geometry": {"type": "LineString", "coordinates": [[66.719929, 44.188406], [66.72041, 44.188421], [66.720655, 44.188403], [66.72054, 44.18829], [66.720655, 44.188403], [66.721192, 44.188486], [66.721895, 44.188252], [66.722663, 44.187994], [66.723391, 44.187757], [66.723957, 44.187572], [66.724738, 44.187306], [66.725292, 44.187152], [66.725251, 44.187078], [66.725292, 44.187152], [66.725993, 44.187108], [66.727002, 44.187045], [66.72792, 44.187005], [66.72883, 44.186981], [66.729768, 44.186905], [66.730648, 44.186856], [66.731674, 44.186826], [66.732544, 44.186778], [66.733669, 44.186756], [66.73436, 44.186709], [66.735231, 44.186623], [66.73623, 44.186607], [66.737134, 44.186589], [66.738089, 44.18654], [66.739001, 44.186501], [66.739946, 44.186429], [66.740788, 44.186404], [66.741265, 44.18581], [66.741493, 44.185523], [66.741668, 44.185103], [66.742472, 44.184991], [66.743183, 44.184894], [66.743127, 44.184569], [66.743029, 44.184239], [66.742858, 44.184187], [66.743029, 44.184239], [66.742915, 44.183732], [66.742799, 44.183268], [66.74266, 44.182672], [66.742552, 44.182095], [66.742475, 44.181588], [66.742412, 44.181115], [66.742336, 44.180739], [66.742106, 44.18033], [66.741535, 44.180287], [66.741825, 44.179852], [66.741996, 44.179466], [66.742145, 44.179017], [66.742321, 44.178606], [66.742424, 44.178489], [66.742321, 44.178606], [66.742134, 44.179017], [66.741996, 44.179466], [66.741825, 44.179852], [66.741535, 44.180287], [66.742106, 44.18033], [66.742336, 44.180739], [66.742412, 44.181115], [66.742475, 44.181588], [66.742552, 44.182095], [66.74266, 44.182672], [66.742799, 44.183268], [66.742915, 44.183732], [66.743029, 44.184239], [66.743127, 44.184569], [66.743183, 44.184894], [66.742472, 44.184991], [66.741668, 44.185103], [66.741493, 44.185523], [66.741265, 44.185795], [66.740788, 44.186404], [66.741244, 44.186868], [66.741553, 44.187095], [66.741747, 44.187126], [66.742787, 44.187071], [66.743642, 44.187046], [66.745437, 44.186962], [66.747174, 44.186954], [66.747974, 44.186948], [66.748116, 44.186845], [66.749086, 44.186039], [66.753793, 44.185798], [66.756595, 44.185683], [66.757663, 44.185669], [66.758481, 44.185604], [66.760134, 44.185501], [66.761024, 44.185388], [66.761854, 44.185446], [66.763596, 44.185885], [66.767019, 44.186905], [66.767702, 44.187278], [66.76837, 44.187653], [66.769117, 44.187879], [66.769895, 44.188258], [66.770617, 44.188601], [66.771086, 44.189167], [66.77143, 44.189439], [66.772236, 44.18962], [66.772361, 44.189632], [66.772236, 44.18962], [66.77143, 44.189439], [66.772344, 44.189872], [66.772466, 44.189959], [66.77337, 44.1905]]}, "properties": {"id": "feeder_0047", "name": "ф.УП", "object_type": "feeder", "voltage": "10 кВ", "parent_id": null, "fed_from": null, "year": null, "power_kva": null, "balance": null, "inventory_no": null, "length": null, "description": "ВЛ-10 кВ от ПС 220/110/35/10 кВ «Шиели»\nЯчейка №7", "links": [{"name": "Гео-схема", "url": "https://www.google.com/maps/d/viewer?hl=ru&mid=1UqN86d6VyzQL0MXQDKVtVRaLhrjvZd4&ll=44.17740384068313%2C66.71204850000001&z=15"}], "source_folder": "ВЛ-10 кВ"}}, {"type": "Feature", "geometry": {"type": "LineString", "coordinates": [[66.720309, 44.187372], [66.720239, 44.18703], [66.720112, 44.186667], [66.719931, 44.186104], [66.720136, 44.186192], [66.720306, 44.186166], [66.720136, 44.186192], [66.719931, 44.186104], [66.72033, 44.186022], [66.720588, 44.185944], [66.721247, 44.185886], [66.721884, 44.185791], [66.722435, 44.185686], [66.723007, 44.185572], [66.723089, 44.185463], [66.723088, 44.185433], [66.723089, 44.185463], [66.723007, 44.185572], [66.723543, 44.185597], [66.724117, 44.185648], [66.724977, 44.185764], [66.725095, 44.186294], [66.725251, 44.18708], [66.724757, 44.187166], [66.724324, 44.187274], [66.724233, 44.187291], [66.724324, 44.187274], [66.724757, 44.187166], [66.725251, 44.18708], [66.725095, 44.186294], [66.724977, 44.185764], [66.725777, 44.185825], [66.725852, 44.185824], [66.725777, 44.185825], [66.72618, 44.18561], [66.726675, 44.185376], [66.726671, 44.18518], [66.726666, 44.185119], [66.726671, 44.18518], [66.726675, 44.185376], [66.726741, 44.185102], [66.726868, 44.18475], [66.727415, 44.18473], [66.727695, 44.184752], [66.727754, 44.184749], [66.727695, 44.184752], [66.727749, 44.184437], [66.727318, 44.184423], [66.72738, 44.184363], [66.727393, 44.18429], [66.727395, 44.184259], [66.727393, 44.18429], [66.72738, 44.184363], [66.727318, 44.184423], [66.726539, 44.184436], [66.725561, 44.184498], [66.724634, 44.184501], [66.724265, 44.18451], [66.723303, 44.184422], [66.723295, 44.184374], [66.723228, 44.184359], [66.723295, 44.184374], [66.723303, 44.184422], [66.723203, 44.184311], [66.723186, 44.184098], [66.723173, 44.183842], [66.723143, 44.183508], [66.723082, 44.183007], [66.723049, 44.182499], [66.722504, 44.182506], [66.722175, 44.182726], [66.721656, 44.182989], [66.721351, 44.183181], [66.721172, 44.183126], [66.720887, 44.182765], [66.720575, 44.182356], [66.720482, 44.182342], [66.720575, 44.182356], [66.720887, 44.182765], [66.721172, 44.183126], [66.721351, 44.183181], [66.721656, 44.182989], [66.722175, 44.182726], [66.722504, 44.182506], [66.723049, 44.182499], [66.722985, 44.182019], [66.722943, 44.181493], [66.722904, 44.180967], [66.722821, 44.180768], [66.72277, 44.180699], [66.722821, 44.180768], [66.722904, 44.180967], [66.722943, 44.181493], [66.722985, 44.182019], [66.723049, 44.182499], [66.723082, 44.183007], [66.723143, 44.183508], [66.723173, 44.183842], [66.723186, 44.184098], [66.723203, 44.184311], [66.723303, 44.184422], [66.724265, 44.18451], [66.724634, 44.184501], [66.725561, 44.184498], [66.726539, 44.184436], [66.727318, 44.184423], [66.727749, 44.184437], [66.728233, 44.18392], [66.72815, 44.183852], [66.728139, 44.183805], [66.72815, 44.183852], [66.728233, 44.18392], [66.728705, 44.183437], [66.72912, 44.182967], [66.729441, 44.182513], [66.729718, 44.182158], [66.729034, 44.181917], [66.728512, 44.181769], [66.727813, 44.181489], [66.727722, 44.181465], [66.727813, 44.181489], [66.728512, 44.181769], [66.729034, 44.181917], [66.729718, 44.182158], [66.729918, 44.182143], [66.730684, 44.181915], [66.730603, 44.181758], [66.730555, 44.181654], [66.730329, 44.18124], [66.730093, 44.180839], [66.729829, 44.18041], [66.729536, 44.180068], [66.729547, 44.180018], [66.729536, 44.180068], [66.729498, 44.180036], [66.72923, 44.179658], [66.728967, 44.179761], [66.728703, 44.179865], [66.728573, 44.179863], [66.728535, 44.179804], [66.728573, 44.179863], [66.728703, 44.179865], [66.728967, 44.179761], [66.72923, 44.179658], [66.729498, 44.180036], [66.729536, 44.180068], [66.729829, 44.18041], [66.730093, 44.180839], [66.730329, 44.18124], [66.730555, 44.181654], [66.730603, 44.181758], [66.730684, 44.181915], [66.731437, 44.181612], [66.732132, 44.18133], [66.732882, 44.181043], [66.733387, 44.180916], [66.733902, 44.180789], [66.734776, 44.180826], [66.735021, 44.180512], [66.735325, 44.180279], [66.735391, 44.179942], [66.735403, 44.179709], [66.735405, 44.179652], [66.735403, 44.179709], [66.735391, 44.179942], [66.735325, 44.180279], [66.735021, 44.180512], [66.734776, 44.180826], [66.735782, 44.180905], [66.736798, 44.181021], [66.737125, 44.181054], [66.737985, 44.181287], [66.738603, 44.181449], [66.739257, 44.181629], [66.739884, 44.181813], [66.739919, 44.182], [66.73982, 44.182177], [66.739287, 44.18253], [66.73863, 44.182297], [66.737773, 44.182116], [66.736888, 44.181827], [66.73658, 44.182288], [66.736605, 44.182758], [66.736249, 44.182904], [66.735761, 44.183091], [66.735129, 44.183397], [66.734801, 44.18348], [66.734709, 44.183516], [66.734662, 44.183541], [66.734709, 44.183516], [66.734801, 44.18348], [66.734617, 44.183343], [66.733863, 44.18319], [66.733752, 44.182951], [66.733743, 44.182887], [66.733752, 44.182951], [66.733863, 44.18319], [66.734617, 44.183343], [66.734801, 44.18348], [66.735129, 44.183397], [66.735761, 44.183091], [66.736249, 44.182904], [66.736605, 44.182758], [66.73658, 44.182288], [66.736888, 44.181827], [66.737773, 44.182116], [66.73863, 44.182297], [66.739287, 44.18253], [66.73982, 44.182177], [66.739919, 44.182], [66.740442, 44.18177], [66.740412, 44.181878], [66.740442, 44.18177], [66.739919, 44.182], [66.74023, 44.181671], [66.740668, 44.181265], [66.740917, 44.180595], [66.74113, 44.180013], [66.741314, 44.17942], [66.741541, 44.17883], [66.741735, 44.178454], [66.741859, 44.178089], [66.741964, 44.177545], [66.741096, 44.177502], [66.74025, 44.177431], [66.739498, 44.177358], [66.738637, 44.177303], [66.737869, 44.177239], [66.737747, 44.177177], [66.737239, 44.177122], [66.73706, 44.177178], [66.736959, 44.177174], [66.73706, 44.177178], [66.737239, 44.177122], [66.737747, 44.177177], [66.737869, 44.177239], [66.738637, 44.177303], [66.739498, 44.177358], [66.74025, 44.177431], [66.741096, 44.177502], [66.741964, 44.177545], [66.742006, 44.177433], [66.742147, 44.176958], [66.742789, 44.177029], [66.743382, 44.177133], [66.743821, 44.177188], [66.744286, 44.177267], [66.744826, 44.177345], [66.74494, 44.177352], [66.745372, 44.177445], [66.745774, 44.177542], [66.746648, 44.177753], [66.747598, 44.177973], [66.748485, 44.178177], [66.749336, 44.17837], [66.749493, 44.178427], [66.74945, 44.178541], [66.749342, 44.178825], [66.749231, 44.179078], [66.749106, 44.179369], [66.748991, 44.17963], [66.748968, 44.179701], [66.748991, 44.17963], [66.749106, 44.179369], [66.749231, 44.179078], [66.749342, 44.178825], [66.74945, 44.178541], [66.749493, 44.178427], [66.750128, 44.178562], [66.751004, 44.178723], [66.751534, 44.178858], [66.752175, 44.179011], [66.752664, 44.179108], [66.752796, 44.179072], [66.752892, 44.179034], [66.752796, 44.179072], [66.752664, 44.179108], [66.752638, 44.179152], [66.752556, 44.179295], [66.752568, 44.179343], [66.752556, 44.179295], [66.752638, 44.179152], [66.752664, 44.179108], [66.752175, 44.179011], [66.751534, 44.178858], [66.751004, 44.178723], [66.750128, 44.178562], [66.749493, 44.178427], [66.749336, 44.17837], [66.748485, 44.178177], [66.747598, 44.177973], [66.746648, 44.177753], [66.745774, 44.177542], [66.745372, 44.177445], [66.74494, 44.177352], [66.744826, 44.177345], [66.744286, 44.177267], [66.743821, 44.177188], [66.743382, 44.177133], [66.742789, 44.177029], [66.742147, 44.176958], [66.742356, 44.176477], [66.742431, 44.17622], [66.7419, 44.176115], [66.741321, 44.176039], [66.740844, 44.175966], [66.740389, 44.175901], [66.739944, 44.175835], [66.739856, 44.175803], [66.739806, 44.175775], [66.739856, 44.175803], [66.739944, 44.175835], [66.740389, 44.175901], [66.740844, 44.175966], [66.741321, 44.176039], [66.7419, 44.176115], [66.742431, 44.17622], [66.74248, 44.17602], [66.742618, 44.175609], [66.742815, 44.175091], [66.742953, 44.174684], [66.743817, 44.174138], [66.743325, 44.173554], [66.742979, 44.173131], [66.742626, 44.172662], [66.742269, 44.172238], [66.742081, 44.17205], [66.741715, 44.171663], [66.741236, 44.171184], [66.74118, 44.171132], [66.741236, 44.171184], [66.741715, 44.171663], [66.742081, 44.17205], [66.742269, 44.172238], [66.742626, 44.172662], [66.742979, 44.173131], [66.743325, 44.173554], [66.743817, 44.174138], [66.744474, 44.173901], [66.745378, 44.173614], [66.746107, 44.17335], [66.746996, 44.173025], [66.74782, 44.172683], [66.748573, 44.172435], [66.749412, 44.172187], [66.749349, 44.172139], [66.749288, 44.172157], [66.749349, 44.172139], [66.749249, 44.172218], [66.748969, 44.172293], [66.748898, 44.172325], [66.748969, 44.172293], [66.749249, 44.172218], [66.749349, 44.172139], [66.749412, 44.172187], [66.749737, 44.172083], [66.749896, 44.172002], [66.750052, 44.171481], [66.750171, 44.170957], [66.750253, 44.170666], [66.750309, 44.170393], [66.750324, 44.170357], [66.75041, 44.169835], [66.750535, 44.169282], [66.75022, 44.169187], [66.749933, 44.169124], [66.749634, 44.169035], [66.749258, 44.168922], [66.748964, 44.16884], [66.748653, 44.168748], [66.748348, 44.168659], [66.747871, 44.168522], [66.747476, 44.168416], [66.747227, 44.168403], [66.747476, 44.168416], [66.747871, 44.168522], [66.748348, 44.168659], [66.748653, 44.168748], [66.748964, 44.16884], [66.749258, 44.168922], [66.749634, 44.169035], [66.749933, 44.169124], [66.75022, 44.169187], [66.750535, 44.169282], [66.75041, 44.169835], [66.750324, 44.170357], [66.750309, 44.170393], [66.750253, 44.170666], [66.750426, 44.170649], [66.750818, 44.17063], [66.751542, 44.170547], [66.752132, 44.170553], [66.752781, 44.170663], [66.752773, 44.170913], [66.752746, 44.1711], [66.752766, 44.17115], [66.752746, 44.1711], [66.752773, 44.170913], [66.752781, 44.170663], [66.753422, 44.170722], [66.753969, 44.170225], [66.754366, 44.169895], [66.754816, 44.169541], [66.754786, 44.169429], [66.754622, 44.169066], [66.75447, 44.168716], [66.754311, 44.16836], [66.754154, 44.168024], [66.753975, 44.167606], [66.753807, 44.1673], [66.753702, 44.167173], [66.753538, 44.167122], [66.753475, 44.167082], [66.753538, 44.167122], [66.753702, 44.167173], [66.753807, 44.1673], [66.753975, 44.167606], [66.754154, 44.168024], [66.754311, 44.16836], [66.75447, 44.168716], [66.754622, 44.169066], [66.754786, 44.169429], [66.754816, 44.169541], [66.755566, 44.169292], [66.756538, 44.168976], [66.757374, 44.168673], [66.757946, 44.16847], [66.758172, 44.168483], [66.758367, 44.168733], [66.758676, 44.169168], [66.758979, 44.169618], [66.75925, 44.170034], [66.759529, 44.170453], [66.7598, 44.170827], [66.76008, 44.171222], [66.760361, 44.171653], [66.760652, 44.172067], [66.761014, 44.172579], [66.761323, 44.173048], [66.761524, 44.173054]]}, "properties": {"id": "feeder_0048", "name": "ф.Залинейный", "object_type": "feeder", "voltage": "10 кВ", "parent_id": null, "fed_from": null, "year": null, "power_kva": null, "balance": null, "inventory_no": null, "length": null, "description": "ВЛ-10 кВ от ПС 220/110/35/10 кВ «Шиели»\nЯчейка №27\nГод ввода: 08.04.1990\nИнвентарный №: 13215", "links": [{"name": "Гео-схема", "url": "https://www.google.com/maps/d/viewer?hl=ru&mid=1UqN86d6VyzQL0MXQDKVtVRaLhrjvZd4&ll=44.17740384068313%2C66.71204850000001&z=15"}], "source_folder": "ВЛ-10 кВ"}}, {"type": "Feature", "geometry": {"type": "LineString", "coordinates": [[66.71992, 44.18736], [66.71975, 44.18694], [66.718865, 44.186941], [66.717953, 44.187025], [66.71722, 44.18712], [66.7165, 44.18693], [66.71563, 44.18667], [66.7148, 44.18648], [66.71406, 44.18629], [66.71298, 44.18603], [66.71212, 44.1858], [66.71162, 44.18567], [66.71126, 44.18549], [66.7105, 44.18524], [66.70968, 44.18493], [66.709103, 44.184675], [66.708774, 44.184577], [66.708848, 44.184502], [66.708537, 44.184485], [66.708586, 44.18452], [66.708537, 44.184485], [66.708848, 44.184502], [66.708774, 44.184577], [66.708404, 44.184276], [66.708004, 44.183912], [66.707623, 44.18354], [66.707308, 44.183612], [66.706997, 44.183688], [66.706673, 44.183498], [66.705847, 44.183081], [66.704983, 44.182702], [66.704313, 44.182342], [66.704177, 44.182245], [66.704574, 44.181863], [66.704695, 44.181925], [66.705109, 44.18204], [66.705206, 44.18204], [66.705426, 44.181863], [66.705747, 44.181706], [66.706003, 44.181559], [66.706295, 44.18139], [66.706255, 44.181329], [66.706216, 44.181285], [66.706255, 44.181329], [66.706295, 44.18139], [66.706003, 44.181559], [66.705747, 44.181706], [66.705426, 44.181863], [66.705206, 44.18204], [66.705109, 44.18204], [66.704695, 44.181925], [66.704574, 44.181863], [66.705105, 44.181398], [66.706342, 44.180242], [66.706689, 44.179689], [66.707086, 44.179015], [66.70752, 44.178756], [66.707754, 44.178611], [66.708558, 44.178196], [66.709149, 44.177706], [66.709566, 44.177326], [66.709841, 44.177036], [66.709397, 44.17695], [66.708917, 44.176851], [66.708308, 44.176829], [66.707675, 44.176817], [66.707087, 44.176798], [66.706973, 44.176777], [66.707087, 44.176798], [66.707675, 44.176817], [66.708308, 44.176829], [66.708917, 44.176851], [66.709397, 44.17695], [66.709841, 44.177036], [66.710014, 44.177081], [66.710723, 44.177161], [66.711361, 44.177195], [66.712279, 44.177319], [66.71214, 44.17774], [66.711448, 44.178076], [66.711185, 44.178207], [66.711448, 44.178076], [66.71214, 44.17774], [66.712279, 44.177319], [66.713051, 44.177415], [66.713832, 44.177659], [66.71466, 44.177796], [66.714806, 44.177736], [66.71466, 44.177796], [66.714629, 44.178048], [66.714585, 44.178249], [66.714544, 44.178282], [66.714585, 44.178249], [66.714629, 44.178048], [66.71466, 44.177796], [66.713832, 44.177659], [66.713051, 44.177415], [66.712279, 44.177319], [66.711361, 44.177195], [66.710723, 44.177161], [66.710014, 44.177081], [66.709841, 44.177036], [66.709397, 44.17695], [66.708917, 44.176851], [66.708308, 44.176829], [66.707675, 44.176817], [66.707087, 44.176798], [66.707675, 44.176817], [66.708308, 44.176829], [66.708917, 44.176851], [66.709397, 44.17695], [66.709841, 44.177036], [66.710057, 44.176418], [66.710438, 44.176097], [66.710471, 44.175823], [66.71015, 44.175796], [66.710289, 44.175562], [66.710386, 44.175587], [66.710358, 44.175631], [66.710074, 44.175634], [66.710358, 44.175631], [66.710386, 44.175587], [66.71121, 44.175645], [66.711797, 44.175719], [66.711862, 44.176012], [66.711976, 44.176022], [66.711862, 44.176012], [66.711797, 44.175719], [66.71121, 44.175645], [66.710386, 44.175587], [66.710289, 44.175562], [66.710407, 44.175128], [66.710581, 44.174506], [66.710525, 44.174516], [66.710305, 44.174541], [66.710174, 44.174558], [66.710106, 44.174574], [66.710174, 44.174558], [66.710305, 44.174541], [66.710525, 44.174516], [66.710581, 44.174506], [66.710808, 44.17383], [66.710911, 44.173463], [66.711041, 44.172919], [66.711228, 44.172356], [66.711352, 44.171785], [66.711446, 44.1712], [66.711699, 44.170716], [66.712191, 44.170739], [66.712631, 44.170726], [66.712796, 44.170697], [66.712631, 44.170726], [66.712191, 44.170739], [66.711699, 44.170716], [66.711571, 44.170135], [66.712023, 44.169689], [66.712225, 44.169527], [66.712953, 44.169301], [66.713668, 44.169131], [66.714403, 44.168912], [66.715044, 44.168738], [66.715044, 44.168789], [66.71478, 44.168872], [66.714927, 44.169196], [66.715182, 44.169701], [66.715419, 44.17014], [66.715623, 44.170559], [66.715837, 44.170991], [66.716067, 44.171434], [66.716279, 44.171879], [66.716457, 44.172246], [66.716624, 44.172575], [66.716786, 44.172913], [66.71714, 44.172829], [66.717413, 44.172822], [66.717435, 44.172767], [66.717413, 44.172822], [66.71714, 44.172829], [66.716786, 44.172913], [66.716624, 44.172575], [66.716457, 44.172246], [66.716279, 44.171879], [66.716067, 44.171434], [66.715837, 44.170991], [66.715623, 44.170559], [66.715419, 44.17014], [66.715182, 44.169701], [66.714927, 44.169196], [66.71478, 44.168872], [66.715044, 44.168789], [66.715044, 44.168738], [66.71562, 44.168575], [66.716302, 44.168306], [66.716991, 44.168008], [66.717045, 44.168036], [66.716991, 44.168008], [66.7177, 44.167687], [66.718268, 44.167446], [66.718518, 44.167829], [66.718567, 44.167816]]}, "properties": {"id": "feeder_0049", "name": "ф.Аэропорт", "object_type": "feeder", "voltage": "10 кВ", "parent_id": null, "fed_from": null, "year": null, "power_kva": null, "balance": null, "inventory_no": null, "length": null, "description": "ВЛ-10 кВ от ПС 220/110/35/10 кВ «Шиели»\nЯчейка №20\nПротяженность: 8,7 км\nГод ввода: 1983 г.\nЗав/Инв №: 10046", "links": [{"name": "Гео-схема", "url": "https://www.google.com/maps/d/viewer?hl=ru&mid=1UqN86d6VyzQL0MXQDKVtVRaLhrjvZd4&ll=44.17740384068313%2C66.71204850000001&z=15"}], "source_folder": "ВЛ-10 кВ"}}, {"type": "Feature", "geometry": {"type": "LineString", "coordinates": [[66.7199, 44.18734], [66.71972, 44.18698], [66.71897, 44.18702], [66.71812, 44.18713], [66.71724, 44.18724], [66.71642, 44.18703], [66.7159, 44.18688], [66.71526, 44.18673], [66.71485, 44.18663], [66.714153, 44.186398], [66.71358, 44.18625], [66.71294, 44.18613], [66.71252, 44.186], [66.71185, 44.18583], [66.71147, 44.18573], [66.71103, 44.18553], [66.7105, 44.18524], [66.70968, 44.18493], [66.708917, 44.184682], [66.7086974, 44.184645], [66.70862, 44.18456], [66.7086974, 44.184645], [66.708917, 44.184682], [66.708779, 44.184574], [66.708398, 44.184231], [66.708023, 44.18389], [66.707614, 44.18352], [66.707301, 44.183608], [66.707013, 44.183679], [66.706759, 44.183749], [66.706726, 44.183794], [66.706378, 44.185012], [66.706228, 44.185054], [66.706133, 44.185077], [66.706228, 44.185054], [66.706378, 44.185012], [66.706395, 44.185391], [66.70638, 44.185735], [66.706399, 44.185976], [66.705451, 44.186458], [66.704521, 44.186926], [66.703554, 44.187401], [66.704521, 44.186926], [66.704396, 44.186844], [66.703922, 44.186592], [66.703222, 44.186223], [66.703122, 44.186225], [66.703222, 44.186223], [66.702363, 44.185802], [66.701783, 44.185363], [66.701269, 44.185218], [66.700892, 44.185053], [66.700371, 44.184786], [66.699965, 44.184526], [66.699871, 44.184592], [66.699965, 44.184526], [66.700371, 44.184786], [66.700892, 44.185053], [66.701269, 44.185218], [66.701783, 44.185363], [66.702363, 44.185802], [66.703222, 44.186223], [66.703922, 44.186592], [66.704396, 44.186844], [66.704521, 44.186926], [66.705451, 44.186458], [66.7049625, 44.1859132], [66.705451, 44.186458], [66.706399, 44.185976], [66.70638, 44.185735], [66.706395, 44.185391], [66.706378, 44.185012], [66.706726, 44.183794], [66.706759, 44.183749], [66.706246, 44.1835], [66.705761, 44.18326], [66.705292, 44.183012], [66.704778, 44.182754], [66.704347, 44.182545], [66.703895, 44.182297], [66.703439, 44.182109], [66.702762, 44.181728], [66.702086, 44.181412], [66.70129, 44.180995], [66.700589, 44.180609], [66.700475, 44.180063], [66.700463, 44.179749], [66.700526, 44.179743], [66.700595, 44.179729], [66.700526, 44.179743], [66.700463, 44.179749], [66.700409, 44.179341], [66.70033, 44.178591], [66.700243, 44.177765], [66.700157, 44.177077], [66.700036, 44.176267], [66.699989, 44.175778], [66.700383, 44.175411], [66.700915, 44.174868], [66.701239, 44.174344], [66.701539, 44.173963], [66.701533, 44.173469], [66.701494, 44.172904], [66.701832, 44.172875], [66.701884, 44.172872], [66.701832, 44.172875], [66.701494, 44.172904], [66.701452, 44.172366], [66.701509, 44.172324], [66.701688, 44.172126], [66.702101, 44.172074], [66.702644, 44.172013], [66.702545, 44.171676], [66.702409, 44.171295], [66.702265, 44.17087], [66.702133, 44.170434], [66.702004, 44.170043], [66.702757, 44.169794], [66.703137, 44.169703], [66.703524, 44.169594], [66.703137, 44.169703], [66.702757, 44.169794], [66.702004, 44.170043], [66.702133, 44.170434], [66.702265, 44.17087], [66.702409, 44.171295], [66.702545, 44.171676], [66.702644, 44.172013], [66.702101, 44.172074], [66.701688, 44.172126], [66.701509, 44.172324], [66.701452, 44.172366], [66.701414, 44.172325], [66.701295, 44.172207], [66.700672, 44.172336], [66.700004, 44.172441], [66.699356, 44.172523], [66.699233, 44.172124], [66.69912, 44.171711], [66.699038, 44.171353], [66.69892, 44.170844], [66.698782, 44.170337], [66.698848, 44.170234], [66.698782, 44.170337], [66.69892, 44.170844], [66.699038, 44.171353], [66.69912, 44.171711], [66.699233, 44.172124], [66.699356, 44.172523], [66.700004, 44.172441], [66.700672, 44.172336], [66.701295, 44.172207], [66.701414, 44.172325], [66.701452, 44.172366], [66.701494, 44.172904], [66.701533, 44.173469], [66.701539, 44.173963], [66.701239, 44.174344], [66.700915, 44.174868], [66.700383, 44.175411], [66.699989, 44.175778], [66.699915, 44.175756], [66.699228, 44.175789], [66.698871, 44.175825], [66.698501, 44.175857], [66.698124, 44.175884], [66.697792, 44.175916], [66.697391, 44.175947], [66.697019, 44.175978], [66.696634, 44.17601], [66.696285, 44.176056], [66.695895, 44.176083], [66.695516, 44.176099], [66.695139, 44.176136], [66.694813, 44.176152], [66.694843, 44.17603], [66.694754, 44.17563], [66.694617, 44.175163], [66.694649, 44.174755], [66.694679, 44.174338], [66.69466, 44.174183], [66.69469, 44.174068], [66.69466, 44.174183], [66.694449, 44.173871], [66.694287, 44.173602], [66.694041, 44.173083], [66.693938, 44.172716], [66.693852, 44.172333], [66.693795, 44.171918], [66.693761, 44.171834], [66.693835, 44.171828], [66.693761, 44.171834], [66.693795, 44.171918], [66.693044, 44.171917], [66.692358, 44.171963], [66.691636, 44.171955], [66.69096, 44.171953], [66.690355, 44.171958], [66.69019, 44.171364], [66.690197, 44.170794], [66.690102, 44.170193], [66.689974, 44.169616], [66.689767, 44.169082], [66.690622, 44.16889], [66.6912, 44.168794], [66.692038, 44.168668], [66.6912, 44.168794], [66.690622, 44.16889], [66.689767, 44.169082], [66.689974, 44.169616], [66.690102, 44.170193], [66.690197, 44.170794], [66.69019, 44.171364], [66.690355, 44.171958], [66.69096, 44.171953], [66.691636, 44.171955], [66.692358, 44.171963], [66.693044, 44.171917], [66.693795, 44.171918], [66.693852, 44.172333], [66.693938, 44.172716], [66.694041, 44.173083], [66.694287, 44.173602], [66.694449, 44.173871], [66.69466, 44.174183], [66.694679, 44.174338], [66.694649, 44.174755], [66.694617, 44.175163], [66.694754, 44.17563], [66.694843, 44.17603], [66.694813, 44.176152], [66.694612, 44.176165], [66.694037, 44.176253], [66.693547, 44.176326], [66.693046, 44.176396], [66.692492, 44.176466], [66.691951, 44.176539], [66.691451, 44.176608], [66.690965, 44.176671], [66.69047, 44.176734], [66.690396, 44.176445], [66.690334, 44.175968], [66.690256, 44.1753], [66.690161, 44.174856], [66.690129, 44.174197], [66.690244, 44.174194], [66.690129, 44.174197], [66.690161, 44.174856], [66.690256, 44.1753], [66.690334, 44.175968], [66.690396, 44.176445], [66.69047, 44.176734], [66.689866, 44.176836], [66.689251, 44.176919], [66.688784, 44.176972], [66.688146, 44.177076], [66.687551, 44.177184], [66.686964, 44.177257], [66.686351, 44.177357], [66.685852, 44.177437], [66.684827, 44.177582], [66.684005, 44.177694], [66.683871, 44.177396], [66.683334, 44.176702], [66.682964, 44.176264], [66.682603, 44.175778], [66.682158, 44.1753], [66.681746, 44.174564], [66.681246, 44.173977], [66.680723, 44.173489], [66.680113, 44.172841], [66.679766, 44.172478], [66.679486, 44.172161], [66.679171, 44.171786], [66.678976, 44.171501], [66.679747, 44.171407], [66.680375, 44.171226], [66.681103, 44.171015], [66.681798, 44.171004], [66.682456, 44.170983], [66.682976, 44.170991], [66.683658, 44.170976], [66.683991, 44.170984], [66.68409, 44.170973]]}, "properties": {"id": "feeder_0050", "name": "ф.Кызылту", "object_type": "feeder", "voltage": "10 кВ", "parent_id": null, "fed_from": null, "year": null, "power_kva": null, "balance": null, "inventory_no": null, "length": null, "description": "ВЛ-10 кВ от ПС 220/110/35/10 кВ «Шиели»\nЯчейка №14\nПротяженность: 9,1 км\nГод ввода: 1987 г.\nЗав/Инв №: 12021", "links": [{"name": "Гео-схема", "url": "https://www.google.com/maps/d/viewer?hl=ru&mid=1UqN86d6VyzQL0MXQDKVtVRaLhrjvZd4&ll=44.17740384068313%2C66.71204850000001&z=15"}], "source_folder": "ВЛ-10 кВ"}}, {"type": "Feature", "geometry": {"type": "LineString", "coordinates": [[66.500154, 44.219246], [66.500199, 44.21915], [66.499388, 44.218821], [66.498852, 44.218588], [66.49818, 44.218321], [66.496906, 44.217752], [66.491806, 44.209982], [66.49193, 44.209378], [66.49232, 44.207485], [66.492419, 44.206894], [66.493937, 44.205437], [66.49413, 44.205532]]}, "properties": {"id": "feeder_0051", "name": "яч-8 ф.Школа от ПС \"Ортакшыл\"", "object_type": "feeder", "voltage": "10 кВ", "parent_id": null, "fed_from": null, "year": null, "power_kva": null, "balance": null, "inventory_no": null, "length": null, "description": null, "links": [], "source_folder": "ВЛ-10 кВ"}}, {"type": "Feature", "geometry": {"type": "LineString", "coordinates": [[66.500203, 44.219264], [66.500251, 44.219191], [66.500741, 44.218773], [66.500489, 44.217918], [66.500593, 44.21727], [66.500718, 44.216642], [66.500981, 44.216244], [66.501065, 44.216342], [66.501129, 44.216342], [66.501065, 44.216342], [66.500981, 44.216244], [66.500718, 44.216642], [66.500593, 44.21727], [66.500489, 44.217918], [66.500741, 44.218773], [66.500251, 44.219191], [66.500393, 44.218515], [66.499633, 44.218179], [66.499524, 44.217673], [66.499046, 44.21562], [66.499071, 44.214749], [66.498982, 44.213908], [66.498932, 44.213277], [66.498807, 44.21186], [66.49876, 44.211523], [66.498933, 44.211531], [66.500502, 44.211758], [66.501333, 44.211904], [66.502149, 44.21205], [66.503004, 44.212166], [66.504432, 44.212469], [66.504208, 44.212576], [66.504432, 44.212469], [66.503004, 44.212166], [66.502149, 44.21205], [66.501333, 44.211904], [66.500502, 44.211758], [66.498933, 44.211531], [66.49876, 44.211523], [66.498719, 44.211191], [66.498654, 44.210566], [66.498571, 44.210393], [66.498307, 44.210194], [66.498022, 44.210114], [66.49793, 44.21005], [66.498022, 44.210114], [66.498307, 44.210194], [66.498403, 44.210096], [66.498459, 44.210042], [66.498403, 44.210096], [66.498307, 44.210194], [66.498571, 44.210393], [66.498654, 44.210566], [66.498735, 44.210382], [66.49907, 44.209966], [66.500684, 44.207975], [66.500857, 44.208138]]}, "properties": {"id": "feeder_0052", "name": "яч-4 ф.Ортакшыл", "object_type": "feeder", "voltage": "10 кВ", "parent_id": null, "fed_from": null, "year": null, "power_kva": null, "balance": null, "inventory_no": null, "length": null, "description": null, "links": [], "source_folder": "ВЛ-10 кВ"}}, {"type": "Feature", "geometry": {"type": "LineString", "coordinates": [[66.500187, 44.219246], [66.500246, 44.219153], [66.500042, 44.218892], [66.499667, 44.218709], [66.498949, 44.21839], [66.498364, 44.218148], [66.4972, 44.217688], [66.493442, 44.21102], [66.494496, 44.209551], [66.494895, 44.209063], [66.49564, 44.208233], [66.495902, 44.207944], [66.496066, 44.207765], [66.496125, 44.207707], [66.496066, 44.207765], [66.495902, 44.207944], [66.49564, 44.208233], [66.495464, 44.208041], [66.494215, 44.207102], [66.493569, 44.206629], [66.492533, 44.206278], [66.488985, 44.203189], [66.487684, 44.202221], [66.484519, 44.19988], [66.482695, 44.198459], [66.479823, 44.196295], [66.477297, 44.194313], [66.475196, 44.192737], [66.474052, 44.191825], [66.467351, 44.186612], [66.461519, 44.181609], [66.461178, 44.18129], [66.458137, 44.178568], [66.455616, 44.176052], [66.454552, 44.174965], [66.454007, 44.174416], [66.452926, 44.173352], [66.451162, 44.171582], [66.450614, 44.171043], [66.4505626, 44.1711369], [66.4505004, 44.1713636], [66.4505626, 44.1711369], [66.450614, 44.171043], [66.449118, 44.170442], [66.447751, 44.169894], [66.445048, 44.168821], [66.443791, 44.168294], [66.44373, 44.167245], [66.443584, 44.161809], [66.442649, 44.160694], [66.441653, 44.15962], [66.440645, 44.15855], [66.4329681, 44.1498528], [66.4343132, 44.1495263], [66.4329681, 44.1498528], [66.432156, 44.148839], [66.425349, 44.150103], [66.421911, 44.147471], [66.421447, 44.14695], [66.421465, 44.146558], [66.421537, 44.145242], [66.421556, 44.144568], [66.423847, 44.144545], [66.423935, 44.144605], [66.423847, 44.144545], [66.421556, 44.144568], [66.421596, 44.143985], [66.421653, 44.142849], [66.421656, 44.142763]]}, "properties": {"id": "feeder_0053", "name": "яч-5 ф.Кызыл-кайын", "object_type": "feeder", "voltage": "10 кВ", "parent_id": null, "fed_from": null, "year": null, "power_kva": null, "balance": null, "inventory_no": null, "length": "10 км", "description": null, "links": [], "source_folder": "ВЛ-10 кВ"}}, {"type": "Feature", "geometry": {"type": "LineString", "coordinates": [[66.499962, 44.219215], [66.49932, 44.219241], [66.498493, 44.219506], [66.497769, 44.219779], [66.493111, 44.223694], [66.491185, 44.224898], [66.484862, 44.228333], [66.478103, 44.235017], [66.476907, 44.239058], [66.467971, 44.254251], [66.4678, 44.25425], [66.463711, 44.253011], [66.4678, 44.25425], [66.467971, 44.254251], [66.46835, 44.254419], [66.459861, 44.268894], [66.456803, 44.274087], [66.455981, 44.276604], [66.451912, 44.277294], [66.450526, 44.277194], [66.43084, 44.280493], [66.430431, 44.280806], [66.430296, 44.281178], [66.429109, 44.281825], [66.430506, 44.28327], [66.43354, 44.284963], [66.430506, 44.28327], [66.429109, 44.281825], [66.428197, 44.28253], [66.426003, 44.284079], [66.425449, 44.284481], [66.426003, 44.284079], [66.42563, 44.283771], [66.425169, 44.28403], [66.424584, 44.284135], [66.425169, 44.28403], [66.42563, 44.283771], [66.424925, 44.28358], [66.424276, 44.283521], [66.423686, 44.28362], [66.423571, 44.283844], [66.41992, 44.286047], [66.419343, 44.286393], [66.420243, 44.287269], [66.423781, 44.290781], [66.423969, 44.290639], [66.424121, 44.290599], [66.423969, 44.290639], [66.423781, 44.290781], [66.424716, 44.291708], [66.425434, 44.290413], [66.42635, 44.28979], [66.426909, 44.290027], [66.42635, 44.28979], [66.427983, 44.288692], [66.428083, 44.28882], [66.428826, 44.28931], [66.428701, 44.289414], [66.428805, 44.289495], [66.428701, 44.289414], [66.428826, 44.28931], [66.428083, 44.28882], [66.427983, 44.288692], [66.428691, 44.288216], [66.427983, 44.288692], [66.42635, 44.28979], [66.425434, 44.290413], [66.424716, 44.291708], [66.428821, 44.295727], [66.429171, 44.296176], [66.429327, 44.296307]]}, "properties": {"id": "feeder_0054", "name": "ф.Джулек (кольцевая линия)", "object_type": "feeder", "voltage": "10 кВ", "parent_id": null, "fed_from": null, "year": "1974", "power_kva": null, "balance": null, "inventory_no": "3833", "length": "2 км", "description": null, "links": [], "source_folder": "ВЛ-10 кВ"}}, {"type": "Feature", "geometry": {"type": "LineString", "coordinates": [[66.429269, 44.29633], [66.42912, 44.296208], [66.42869, 44.295869], [66.427862, 44.295123], [66.427009, 44.294383], [66.423771, 44.291571], [66.422165, 44.289944], [66.420531, 44.288288], [66.420068, 44.287812], [66.42002, 44.28775]]}, "properties": {"id": "feeder_0055", "name": "яч-10 ф.Водазабор (Скважина)", "object_type": "feeder", "voltage": "10 кВ", "parent_id": null, "fed_from": null, "year": null, "power_kva": null, "balance": null, "inventory_no": null, "length": null, "description": null, "links": [], "source_folder": "ВЛ-10 кВ"}}, {"type": "Feature", "geometry": {"type": "LineString", "coordinates": [[66.429358, 44.296292], [66.429347, 44.296185], [66.42944, 44.296172], [66.429855, 44.296582], [66.431447, 44.297416], [66.432966, 44.297817], [66.434558, 44.298191], [66.435235, 44.298574], [66.4366, 44.299232], [66.437424, 44.299], [66.438325, 44.299121], [66.439008, 44.299431], [66.442195, 44.300768], [66.450024, 44.303477], [66.455264, 44.306234], [66.455115, 44.306368], [66.454447, 44.306888], [66.452965, 44.307982], [66.455757, 44.309655], [66.456523, 44.310104], [66.457604, 44.310771], [66.458238, 44.311108], [66.459878, 44.312093], [66.459941, 44.311889], [66.460015, 44.311836], [66.459941, 44.311889], [66.459878, 44.312093], [66.45989, 44.312251], [66.459551, 44.312644], [66.45989, 44.312251], [66.459878, 44.312093], [66.458238, 44.311108], [66.457604, 44.310771], [66.456523, 44.310104], [66.455757, 44.309655], [66.452965, 44.307982], [66.448724, 44.311131], [66.448714, 44.311301], [66.454634, 44.314928], [66.45535, 44.31537], [66.456287, 44.314778], [66.456862, 44.314408], [66.456967, 44.314439], [66.456862, 44.314408], [66.456287, 44.314778], [66.45535, 44.31537], [66.456056, 44.315819], [66.460821, 44.31873], [66.462174, 44.31955], [66.463259, 44.318889], [66.466386, 44.317023], [66.466155, 44.316205], [66.468269, 44.314486], [66.468335, 44.314521], [66.468269, 44.314486], [66.468863, 44.314021], [66.46847, 44.313776], [66.466913, 44.312871], [66.466858, 44.312922], [66.466913, 44.312871], [66.467025, 44.312716], [66.467225, 44.312445], [66.46853, 44.312133], [66.46907, 44.311873], [66.46908, 44.311837], [66.46907, 44.311873], [66.46853, 44.312133], [66.467225, 44.312445], [66.467025, 44.312716], [66.466913, 44.312871], [66.46847, 44.313776], [66.468863, 44.314021], [66.469311, 44.31392], [66.470745, 44.313578], [66.471449, 44.313396], [66.472216, 44.313224], [66.4739, 44.312495], [66.474474, 44.311689], [66.481071, 44.308834], [66.48127, 44.308834], [66.481071, 44.308834], [66.483545, 44.307743], [66.486041, 44.306606], [66.48616, 44.306553], [66.486041, 44.306606], [66.486509, 44.306599], [66.490242, 44.304987], [66.492779, 44.302902], [66.49395, 44.301874], [66.496883, 44.30049], [66.496953, 44.30037], [66.496505, 44.299708], [66.496473, 44.299629], [66.496505, 44.299708], [66.496953, 44.30037], [66.496883, 44.30049], [66.502785, 44.297736], [66.504956, 44.29669], [66.505685, 44.296344], [66.506603, 44.29479], [66.506636, 44.294681]]}, "properties": {"id": "feeder_0056", "name": "яч-3 ф.Байгекум", "object_type": "feeder", "voltage": "10 кВ", "parent_id": null, "fed_from": null, "year": null, "power_kva": null, "balance": null, "inventory_no": null, "length": null, "description": null, "links": [], "source_folder": "ВЛ-10 кВ"}}, {"type": "Feature", "geometry": {"type": "LineString", "coordinates": [[66.429209, 44.296365], [66.429072, 44.296241], [66.428036, 44.295562], [66.424972, 44.294462], [66.410472, 44.29029], [66.410247, 44.290102], [66.402779, 44.287894], [66.391058, 44.284468], [66.378897, 44.285777], [66.372972, 44.281861], [66.372221, 44.279858], [66.371869, 44.279724], [66.370283, 44.277932], [66.3694015, 44.2775524], [66.370283, 44.277932], [66.371869, 44.279724], [66.372221, 44.279858], [66.372608, 44.279741], [66.374596, 44.278403], [66.374873, 44.277858], [66.372954, 44.272427], [66.366129, 44.271467], [66.366178, 44.271088], [66.358572, 44.269977], [66.357668, 44.270342], [66.340143, 44.268157], [66.327378, 44.268253], [66.318779, 44.267662], [66.316035, 44.267427], [66.314204, 44.266782], [66.310652, 44.267467], [66.310855, 44.267972]]}, "properties": {"id": "feeder_0057", "name": "ф.Ферма-2", "object_type": "feeder", "voltage": "10 кВ", "parent_id": null, "fed_from": null, "year": null, "power_kva": null, "balance": null, "inventory_no": null, "length": null, "description": null, "links": [], "source_folder": "ВЛ-10 кВ"}}, {"type": "Feature", "geometry": {"type": "LineString", "coordinates": [[66.4292, 44.296367], [66.429017, 44.296275], [66.428835, 44.296835], [66.428871, 44.297042], [66.429417, 44.2975], [66.431494, 44.299122], [66.431952, 44.299054], [66.432478, 44.299127], [66.433147, 44.29973], [66.437427, 44.303606], [66.439431, 44.305393], [66.440823, 44.306137], [66.444373, 44.307978], [66.446426, 44.309434], [66.448203, 44.310681], [66.448398, 44.31082], [66.440767, 44.316382], [66.441259, 44.317791], [66.441218, 44.31805], [66.442726, 44.320914], [66.444434, 44.324152], [66.446683, 44.328373], [66.448958, 44.329631], [66.45042, 44.330532], [66.451251, 44.331086], [66.45184, 44.331368], [66.453869, 44.33184], [66.454743, 44.331829], [66.46212, 44.331785], [66.473715, 44.331721], [66.477398, 44.331708], [66.477442, 44.331617], [66.475465, 44.325699], [66.474807, 44.323708], [66.474345, 44.322401], [66.473618, 44.322467], [66.4735541, 44.3224062], [66.471398, 44.322451], [66.4735541, 44.3224062], [66.473618, 44.322467], [66.4727398, 44.3225436], [66.4712394, 44.3237562], [66.4714302, 44.3239516], [66.4712394, 44.3237562], [66.4727398, 44.3225436], [66.473618, 44.322467], [66.474345, 44.322401], [66.474661, 44.321988], [66.476278, 44.319858], [66.47834, 44.317106], [66.4779409, 44.316881], [66.478103, 44.316419], [66.483851, 44.3129], [66.48546, 44.312198], [66.495775, 44.308444], [66.48546, 44.312198], [66.483851, 44.3129], [66.478103, 44.316419], [66.4779409, 44.316881], [66.4767244, 44.3162395], [66.476275, 44.3159589], [66.4751732, 44.315226], [66.476275, 44.3159589], [66.4747494, 44.3168381], [66.4742073, 44.3171157], [66.4730428, 44.3176179], [66.4742073, 44.3171157], [66.4747494, 44.3168381], [66.476275, 44.3159589], [66.4751732, 44.315226], [66.4832712, 44.3100604], [66.4885403, 44.3094293], [66.4883763, 44.3096883], [66.4882873, 44.309717], [66.4883763, 44.3096883], [66.4885403, 44.3094293], [66.4894964, 44.3094967], [66.4885403, 44.3094293], [66.4832712, 44.3100604], [66.4751732, 44.315226], [66.4754464, 44.3151177], [66.4830614, 44.3102911], [66.4865611, 44.3100159], [66.4830614, 44.3102911], [66.4754464, 44.3151177], [66.4751732, 44.315226], [66.4672685, 44.317658], [66.4751732, 44.315226], [66.476275, 44.3159589], [66.4763096, 44.3160423], [66.4766846, 44.3162822], [66.4763096, 44.3160423], [66.476275, 44.3159589], [66.4767244, 44.3162395], [66.4779409, 44.316881], [66.47834, 44.317106], [66.478453, 44.3170229], [66.4792982, 44.3175079], [66.478453, 44.3170229], [66.47834, 44.317106], [66.476278, 44.319858], [66.474661, 44.321988], [66.474345, 44.322401], [66.474807, 44.323708], [66.475465, 44.325699], [66.477442, 44.331617], [66.477398, 44.331708], [66.479244, 44.331977], [66.485243, 44.332876], [66.498271, 44.327204], [66.498752, 44.327402], [66.499448, 44.327742], [66.500833, 44.328416], [66.502354, 44.329159]]}, "properties": {"id": "feeder_0058", "name": "ф.30 лет Казахстана", "object_type": "feeder", "voltage": "10 кВ", "parent_id": null, "fed_from": null, "year": null, "power_kva": null, "balance": null, "inventory_no": null, "length": null, "description": null, "links": [], "source_folder": "ВЛ-10 кВ"}}, {"type": "Feature", "geometry": {"type": "LineString", "coordinates": [[66.507753, 44.347299], [66.507816, 44.347306], [66.509826, 44.346502], [66.509709, 44.346493], [66.509678, 44.346439], [66.509709, 44.346493], [66.509826, 44.346502], [66.519132, 44.342642], [66.519203, 44.342791], [66.519231, 44.342844], [66.519203, 44.342791], [66.519132, 44.342642], [66.51876, 44.342169], [66.518395, 44.34175], [66.518059, 44.34141], [66.518042, 44.341263], [66.518258, 44.341046], [66.518336, 44.341121], [66.518273, 44.341393], [66.518297, 44.341497], [66.518273, 44.341393], [66.518336, 44.341121], [66.518258, 44.341046], [66.517729, 44.340601], [66.517973, 44.340394], [66.518157, 44.340283], [66.518248, 44.340209], [66.518157, 44.340283], [66.517973, 44.340394], [66.518272, 44.340451], [66.518815, 44.340159], [66.519359, 44.339874], [66.522928, 44.338014], [66.522975, 44.338056], [66.522928, 44.338014], [66.519359, 44.339874], [66.518815, 44.340159], [66.518272, 44.340451], [66.517973, 44.340394], [66.517499, 44.340076], [66.517137, 44.339797], [66.516174, 44.339332], [66.515646, 44.338918], [66.515111, 44.338999], [66.514267, 44.338731], [66.514218, 44.338768], [66.514165, 44.338787], [66.514218, 44.338768], [66.514267, 44.338731], [66.514151, 44.338681], [66.51375, 44.338294], [66.513341, 44.337903], [66.513485, 44.337682], [66.513819, 44.337529], [66.513812, 44.337445], [66.513751, 44.337413], [66.513812, 44.337445], [66.514145, 44.337255], [66.513881, 44.337021], [66.513626, 44.336797], [66.513302, 44.336479], [66.514056, 44.335903], [66.514645, 44.335458], [66.515153, 44.335076], [66.515689, 44.334561], [66.516198, 44.334298], [66.516816, 44.334669], [66.517387, 44.334994], [66.517866, 44.335293], [66.518362, 44.335585], [66.518413, 44.33562], [66.518362, 44.335585], [66.517866, 44.335293], [66.517387, 44.334994], [66.516816, 44.334669], [66.516198, 44.334298], [66.515689, 44.334561], [66.515153, 44.335076], [66.514645, 44.335458], [66.514056, 44.335903], [66.513302, 44.336479], [66.513626, 44.336797], [66.513881, 44.337021], [66.514145, 44.337255], [66.513812, 44.337445], [66.513819, 44.337529], [66.513485, 44.337682], [66.513341, 44.337903], [66.513046, 44.337618], [66.51325, 44.337376], [66.513503, 44.33708], [66.51377, 44.336773], [66.514211, 44.336264], [66.514614, 44.335806], [66.51497, 44.335402], [66.515666, 44.334702], [66.516365, 44.333645], [66.517034, 44.332712], [66.519731, 44.330819], [66.519776, 44.32873], [66.515072, 44.326591], [66.516652, 44.323094], [66.516614, 44.322971]]}, "properties": {"id": "feeder_0059", "name": "ф.Школа от ПС \"Бала би\"", "object_type": "feeder", "voltage": "10 кВ", "parent_id": null, "fed_from": null, "year": null, "power_kva": null, "balance": null, "inventory_no": null, "length": null, "description": null, "links": [], "source_folder": "ВЛ-10 кВ"}}, {"type": "Feature", "geometry": {"type": "LineString", "coordinates": [[66.516486, 44.323], [66.516484, 44.32308], [66.516199, 44.323694], [66.514713, 44.326875], [66.51311, 44.326821], [66.512453, 44.326752], [66.51256, 44.326654], [66.512596, 44.326619], [66.51256, 44.326654], [66.512453, 44.326752], [66.512378, 44.326728], [66.511887, 44.327136], [66.510498, 44.328702], [66.508449, 44.328755], [66.50791, 44.328792], [66.50721, 44.328838], [66.506676, 44.328818], [66.50581, 44.328933], [66.505843, 44.328991], [66.50592, 44.329111], [66.505649, 44.329285], [66.505417, 44.329468], [66.505653, 44.329665], [66.505606, 44.329691], [66.505653, 44.329665], [66.505417, 44.329468], [66.505649, 44.329285], [66.50592, 44.329111], [66.505843, 44.328991], [66.50581, 44.328933], [66.505148, 44.328969], [66.504764, 44.328526], [66.50431, 44.327853], [66.504279, 44.327831], [66.50431, 44.327853], [66.504764, 44.328526], [66.505148, 44.328969], [66.504201, 44.329087], [66.503744, 44.329067], [66.503017, 44.329155], [66.502341, 44.329167], [66.502688, 44.329672], [66.502772, 44.329629], [66.503117, 44.329461], [66.503219, 44.329405], [66.503117, 44.329461], [66.502772, 44.329629], [66.502688, 44.329672], [66.503111, 44.33034], [66.503446, 44.330851], [66.504624, 44.332693], [66.506178, 44.33516], [66.506817, 44.33623], [66.511912, 44.337046], [66.512774, 44.337188], [66.513681, 44.337331], [66.514145, 44.337255]]}, "properties": {"id": "feeder_0060", "name": "ф.30 лет Казахстана", "object_type": "feeder", "voltage": "10 кВ", "parent_id": null, "fed_from": null, "year": null, "power_kva": null, "balance": null, "inventory_no": null, "length": null, "description": null, "links": [], "source_folder": "ВЛ-10 кВ"}}, {"type": "Feature", "geometry": {"type": "LineString", "coordinates": [[66.516426, 44.323013], [66.516429, 44.323089], [66.516039, 44.323471], [66.515585, 44.323903], [66.515137, 44.324325], [66.514182, 44.325227], [66.513113, 44.326151], [66.512239, 44.32707], [66.511731, 44.327549], [66.511232, 44.328012], [66.50985, 44.328663], [66.50916, 44.328979], [66.508303, 44.328809], [66.507465, 44.328715], [66.50651, 44.328659], [66.505913, 44.329002], [66.50531, 44.329365], [66.504698, 44.329734], [66.504118, 44.33005], [66.503483, 44.330069], [66.502684, 44.330067], [66.502825, 44.330235]]}, "properties": {"id": "feeder_0061", "name": "ф.Водазабор от ПС Бала би", "object_type": "feeder", "voltage": "10 кВ", "parent_id": null, "fed_from": null, "year": null, "power_kva": null, "balance": null, "inventory_no": null, "length": null, "description": null, "links": [], "source_folder": "ВЛ-10 кВ"}}, {"type": "Feature", "geometry": {"type": "LineString", "coordinates": [[66.258204, 44.457556], [66.257325, 44.457928], [66.254024, 44.46086], [66.251531, 44.459526], [66.252879, 44.458228], [66.251363, 44.456024], [66.252109, 44.452029], [66.25092, 44.451259]]}, "properties": {"id": "feeder_0062", "name": "ф.Школа от ПС Тартогай", "object_type": "feeder", "voltage": "10 кВ", "parent_id": null, "fed_from": null, "year": null, "power_kva": null, "balance": null, "inventory_no": null, "length": null, "description": null, "links": [], "source_folder": "ВЛ-10 кВ"}}, {"type": "Feature", "geometry": {"type": "LineString", "coordinates": [[66.258268, 44.457632], [66.258131, 44.457805], [66.258942, 44.457557], [66.259639, 44.457092], [66.259618, 44.457041], [66.259206, 44.457032], [66.259618, 44.457041], [66.259639, 44.457092], [66.260298, 44.456521], [66.268927, 44.449999], [66.272896, 44.447029], [66.273925, 44.446233], [66.27569, 44.446475], [66.27624, 44.446194], [66.281146, 44.441878], [66.280465, 44.441241], [66.279881, 44.440153], [66.285625, 44.435614], [66.279881, 44.440153], [66.280465, 44.441241], [66.281146, 44.441878], [66.281851, 44.442426], [66.28505, 44.44057], [66.288361, 44.438452], [66.293133, 44.435435], [66.295299, 44.434017], [66.295305, 44.433397], [66.295299, 44.434017], [66.294624, 44.433539]]}, "properties": {"id": "feeder_0063", "name": "ф.РРС", "object_type": "feeder", "voltage": "10 кВ", "parent_id": null, "fed_from": null, "year": null, "power_kva": null, "balance": null, "inventory_no": null, "length": null, "description": null, "links": [], "source_folder": "ВЛ-10 кВ"}}, {"type": "Feature", "geometry": {"type": "LineString", "coordinates": [[66.25817, 44.457449], [66.258092, 44.457398], [66.25807, 44.457308], [66.257787, 44.4571], [66.259644, 44.455323], [66.261499, 44.453611], [66.265637, 44.449774], [66.265551, 44.449481], [66.264514, 44.448823], [66.263953, 44.448472], [66.261876, 44.447577], [66.261088, 44.447172], [66.25738, 44.447278], [66.256935, 44.450516], [66.255139, 44.450365], [66.25519, 44.450465], [66.255214, 44.450585], [66.25519, 44.450465], [66.255139, 44.450365], [66.254653, 44.450052], [66.254178, 44.450279], [66.253157, 44.450208], [66.253293, 44.450167], [66.253157, 44.450208], [66.252224, 44.450151], [66.251304, 44.44994], [66.251368, 44.449865], [66.251304, 44.44994], [66.248766, 44.449159], [66.245849, 44.448133], [66.245495, 44.448358], [66.241797, 44.451], [66.241212, 44.451423], [66.241187, 44.451514], [66.241212, 44.451423], [66.241797, 44.451], [66.245495, 44.448358], [66.245849, 44.448133]]}, "properties": {"id": "feeder_0064", "name": "ф.Кирпич-завод", "object_type": "feeder", "voltage": "10 кВ", "parent_id": null, "fed_from": null, "year": null, "power_kva": null, "balance": null, "inventory_no": null, "length": null, "description": null, "links": [], "source_folder": "ВЛ-10 кВ"}}, {"type": "Feature", "geometry": {"type": "LineString", "coordinates": [[66.258385, 44.457303], [66.258333, 44.457214], [66.258206, 44.457231], [66.257978, 44.457055], [66.259767, 44.455374], [66.26164, 44.453664], [66.265907, 44.449749], [66.266156, 44.449522], [66.268835, 44.447773], [66.268923, 44.447825], [66.268835, 44.447773], [66.266156, 44.449522], [66.265907, 44.449749], [66.265551, 44.449481], [66.264514, 44.448823], [66.264068, 44.448387], [66.26255, 44.447452], [66.261695, 44.446993], [66.25854, 44.446878], [66.258577, 44.446694], [66.25854, 44.446878], [66.257473, 44.446839], [66.257294, 44.446688], [66.257668, 44.444451], [66.254636, 44.443575], [66.25533, 44.442329], [66.255427, 44.442343], [66.25533, 44.442329], [66.254636, 44.443575], [66.257668, 44.444451], [66.257294, 44.446688], [66.257473, 44.446839], [66.249477, 44.446569], [66.249375, 44.446736], [66.249561, 44.44675], [66.249375, 44.446736], [66.248653, 44.446801], [66.248967, 44.446643], [66.249524, 44.443096], [66.249279, 44.442932], [66.249524, 44.443096], [66.2492463, 44.4448698], [66.2495443, 44.4447986], [66.2492463, 44.4448698], [66.248967, 44.446643], [66.248653, 44.446801], [66.2476879, 44.446768], [66.2476903, 44.4466948], [66.2476879, 44.446768], [66.244733, 44.446802], [66.243894, 44.446877], [66.244408, 44.447467], [66.244606, 44.447471], [66.244408, 44.447467], [66.243894, 44.446877], [66.243823, 44.446778], [66.240716, 44.444333], [66.240845, 44.444193], [66.240508, 44.443589], [66.240845, 44.444193], [66.240716, 44.444333], [66.239992, 44.443715], [66.240177, 44.443585], [66.241317, 44.442753], [66.240177, 44.443585], [66.239992, 44.443715], [66.230367, 44.436171], [66.230208, 44.436294], [66.230367, 44.436171], [66.224632, 44.431676], [66.222133, 44.43025], [66.220384, 44.428226], [66.218013, 44.426544], [66.216034, 44.422692], [66.216949, 44.42256], [66.216034, 44.422692], [66.216088, 44.419733], [66.218222, 44.418524], [66.217042, 44.41597], [66.217533, 44.414536], [66.218362, 44.412061], [66.218849, 44.410628], [66.218658, 44.408389], [66.217719, 44.405573], [66.21656, 44.401959], [66.215058, 44.397152], [66.213057, 44.390931], [66.212671, 44.389708], [66.211249, 44.385143], [66.210101, 44.3815], [66.208535, 44.37665], [66.20736, 44.372854], [66.205772, 44.367766], [66.202614, 44.356428], [66.202238, 44.354912], [66.202075, 44.354468], [66.200894, 44.354879], [66.193758, 44.357512], [66.192609, 44.356863], [66.192578, 44.356822], [66.19261, 44.356864], [66.193758, 44.357512], [66.200894, 44.354879], [66.202075, 44.354468], [66.201261, 44.353548], [66.200474, 44.352934], [66.200443, 44.352873], [66.200474, 44.352934], [66.199996, 44.352205], [66.199617, 44.352308], [66.199314, 44.352102], [66.198789, 44.352164], [66.198015, 44.352657], [66.197914, 44.352595], [66.198015, 44.352657], [66.198789, 44.352164], [66.199314, 44.352102], [66.199617, 44.352308], [66.199996, 44.352205], [66.200474, 44.352934], [66.2009, 44.35263], [66.200654, 44.351797], [66.200173, 44.350315], [66.199971, 44.349672], [66.199651, 44.348696], [66.199261, 44.348446], [66.198538, 44.347961], [66.197801, 44.348448], [66.197695, 44.348505], [66.197801, 44.348448], [66.198538, 44.347961], [66.199261, 44.348446], [66.199651, 44.348696], [66.199888, 44.348332], [66.201742, 44.345901], [66.2018, 44.345881], [66.201742, 44.345901]]}, "properties": {"id": "feeder_0065", "name": "ф.Тартогай", "object_type": "feeder", "voltage": "10 кВ", "parent_id": null, "fed_from": null, "year": null, "power_kva": null, "balance": null, "inventory_no": null, "length": null, "description": null, "links": [], "source_folder": "ВЛ-10 кВ"}}, {"type": "Feature", "geometry": {"type": "LineString", "coordinates": [[66.258294, 44.457637], [66.258131, 44.457805], [66.256313, 44.459893], [66.255883, 44.460516], [66.2532, 44.464036], [66.192243, 44.515176]]}, "properties": {"id": "feeder_0066", "name": "ф.Солу-тобе", "object_type": "feeder", "voltage": "10 кВ", "parent_id": null, "fed_from": null, "year": null, "power_kva": null, "balance": null, "inventory_no": null, "length": null, "description": null, "links": [], "source_folder": "ВЛ-10 кВ"}}, {"type": "Feature", "geometry": {"type": "LineString", "coordinates": [[66.192243, 44.515176], [66.186858, 44.519881], [66.186297, 44.520467], [66.185733, 44.520927], [66.184151, 44.518955], [66.183429, 44.518417], [66.183099, 44.517989], [66.182729, 44.51749], [66.181466, 44.515775], [66.179858, 44.513633], [66.178572, 44.511885], [66.179206, 44.510704], [66.180343, 44.51034], [66.180785, 44.510436], [66.180817, 44.510477], [66.180518, 44.510626], [66.180817, 44.510477], [66.180785, 44.510436], [66.181454, 44.510633], [66.182337, 44.510464], [66.182955, 44.510355], [66.183122, 44.510319], [66.182955, 44.510355], [66.182337, 44.510464], [66.182361, 44.510295], [66.182397, 44.50894], [66.182472, 44.506548], [66.182486, 44.505984], [66.181357, 44.50389], [66.18198, 44.502713], [66.1824848, 44.5020375], [66.18198, 44.502713], [66.181357, 44.50389], [66.181141, 44.503891], [66.18072, 44.504563], [66.179219, 44.506841], [66.179641, 44.507057], [66.179778, 44.506931], [66.179641, 44.507057], [66.179219, 44.506841], [66.18072, 44.504563], [66.181141, 44.503891], [66.181357, 44.50389], [66.182486, 44.505984], [66.182472, 44.506548], [66.182397, 44.50894], [66.182361, 44.510295], [66.182337, 44.510464], [66.181454, 44.510633], [66.180785, 44.510436], [66.180343, 44.51034], [66.179206, 44.510704], [66.178572, 44.511885], [66.179858, 44.513633], [66.181466, 44.515775], [66.182729, 44.51749], [66.183099, 44.517989], [66.183429, 44.518417], [66.184151, 44.518955], [66.185733, 44.520927], [66.185187, 44.521391], [66.173938, 44.530596], [66.172613, 44.531667], [66.172733, 44.53168], [66.17282, 44.531718], [66.172733, 44.53168], [66.172613, 44.531667], [66.169525, 44.534331], [66.164586, 44.538781], [66.162692, 44.540495], [66.161549, 44.541654], [66.161081, 44.542045], [66.156912, 44.545611], [66.156383, 44.545514], [66.155746, 44.546025], [66.154571, 44.546948], [66.082795, 44.607519], [66.082287, 44.607942], [66.082501, 44.608054], [66.083103, 44.608404], [66.083598, 44.608678], [66.083506, 44.608732], [66.083598, 44.608678], [66.084482, 44.609188], [66.083867, 44.609739], [66.083307, 44.610272], [66.083867, 44.609739], [66.084482, 44.609188], [66.085319, 44.609672], [66.086984, 44.610614], [66.086903, 44.610687], [66.08656, 44.611516], [66.086743, 44.611628], [66.08656, 44.611516], [66.086903, 44.610687], [66.086984, 44.610614], [66.087864, 44.611117], [66.089469, 44.612022], [66.090326, 44.61251], [66.09123, 44.613015], [66.090309, 44.613557], [66.089381, 44.61417], [66.090309, 44.613557], [66.09123, 44.613015], [66.092606, 44.613812], [66.094396, 44.614826], [66.095997, 44.61572], [66.096541, 44.616691], [66.096936, 44.617456], [66.096541, 44.616691], [66.095997, 44.61572], [66.094396, 44.614826], [66.092606, 44.613812], [66.09123, 44.613015], [66.090326, 44.61251], [66.089469, 44.612022], [66.087864, 44.611117], [66.086984, 44.610614], [66.085319, 44.609672], [66.084482, 44.609188], [66.083598, 44.608678], [66.083103, 44.608404], [66.082501, 44.608054], [66.082287, 44.607942], [66.081418, 44.608648], [66.07862, 44.610947], [66.077177, 44.612131], [66.077263, 44.612211], [66.078314, 44.61268], [66.07992, 44.61339], [66.081712, 44.614183], [66.082285, 44.614562], [66.083122, 44.615148], [66.083323, 44.61572], [66.084822, 44.615395], [66.083323, 44.61572], [66.083122, 44.615148], [66.082285, 44.614562], [66.081712, 44.614183], [66.07992, 44.61339], [66.078314, 44.61268], [66.077263, 44.612211], [66.077177, 44.612131], [66.076398, 44.612759], [66.068922, 44.618991], [66.065162, 44.623449], [66.065177, 44.626232], [66.065195, 44.628529], [66.06518, 44.630574], [66.065063, 44.630999], [66.064924, 44.631403], [66.06436, 44.631356], [66.063701, 44.631297], [66.062276, 44.631113], [66.062401, 44.630122], [66.062466, 44.629628], [66.061878, 44.629402], [66.058754, 44.628178], [66.058327, 44.628017], [66.058218, 44.627966], [66.058327, 44.628017], [66.058754, 44.628178], [66.061878, 44.629402], [66.062466, 44.629628], [66.062401, 44.630122], [66.062276, 44.631113], [66.061155, 44.631252], [66.060641, 44.631291], [66.059388, 44.631426], [66.058782, 44.631494], [66.058676, 44.631497], [66.058782, 44.631494], [66.059388, 44.631426], [66.060641, 44.631291], [66.061155, 44.631252], [66.062276, 44.631113], [66.063701, 44.631297], [66.06436, 44.631356], [66.064924, 44.631403], [66.06452, 44.631678], [66.064123, 44.631912], [66.063293, 44.6324], [66.061789, 44.633321], [66.060953, 44.633812], [66.059935, 44.634427], [66.060953, 44.633812], [66.061789, 44.633321], [66.063293, 44.6324], [66.064123, 44.631912], [66.06452, 44.631678], [66.064286, 44.632627], [66.063447, 44.634237], [66.063075, 44.634866], [66.061811, 44.636163], [66.060539, 44.637442], [66.059517, 44.638486], [66.05731, 44.640698], [66.056754, 44.641235], [66.0566, 44.641257], [66.056754, 44.641235], [66.05731, 44.640698], [66.057184, 44.640633], [66.055174, 44.640291], [66.053448, 44.641795], [66.052778, 44.64241], [66.05094, 44.640866], [66.049159, 44.639388], [66.048775, 44.639065], [66.048659, 44.638996], [66.048627, 44.638966], [66.048659, 44.638996], [66.048775, 44.639065], [66.048797, 44.639016], [66.048393, 44.637858], [66.048725, 44.63823], [66.048904, 44.63853], [66.04894, 44.638572], [66.048904, 44.63853], [66.048725, 44.63823], [66.048393, 44.637858], [66.048592, 44.636759], [66.049986, 44.635909], [66.051309, 44.635485], [66.051399, 44.635474]]}, "properties": {"id": "feeder_0067", "name": "ф.Стар-Поселок", "object_type": "feeder", "voltage": "10 кВ", "parent_id": null, "fed_from": null, "year": "1972", "power_kva": null, "balance": null, "inventory_no": "2758", "length": "38,5 км", "description": null, "links": [], "source_folder": "ВЛ-10 кВ"}}, {"type": "Feature", "geometry": {"type": "LineString", "coordinates": [[66.04858, 44.63899], [66.048624, 44.639019], [66.048716, 44.639071], [66.049089, 44.639775], [66.049728, 44.640987], [66.050353, 44.642158], [66.051286, 44.643967], [66.051937, 44.645219], [66.052439, 44.646113], [66.052512, 44.646281], [66.052805, 44.647542], [66.05551, 44.6505], [66.056903, 44.652192], [66.05782, 44.653312], [66.059954, 44.655901], [66.060538, 44.655695], [66.062357, 44.655037], [66.065113, 44.654076], [66.067683, 44.653142], [66.073205, 44.651094], [66.07455, 44.650592], [66.07891, 44.648063], [66.08141, 44.646589], [66.083322, 44.645494], [66.08141, 44.646589], [66.07891, 44.648063], [66.07455, 44.650592], [66.073205, 44.651094], [66.067683, 44.653142], [66.065113, 44.654076], [66.062357, 44.655037], [66.060538, 44.655695], [66.059954, 44.655901], [66.060952, 44.657108], [66.061697, 44.658017], [66.067438, 44.66594], [66.068045, 44.666771], [66.069309, 44.66859], [66.069613, 44.669024], [66.06952, 44.669214], [66.068919, 44.668876], [66.067659, 44.668109], [66.064307, 44.666017], [66.067659, 44.668109], [66.068919, 44.668876], [66.06952, 44.669214], [66.07081, 44.670636], [66.073045, 44.673278], [66.076643, 44.677432], [66.077904, 44.678897], [66.080012, 44.681368], [66.081019, 44.682538], [66.081536, 44.683142], [66.081938, 44.683667], [66.083368, 44.684861], [66.084057, 44.685478], [66.084129, 44.685536], [66.084057, 44.685478], [66.084127, 44.68562], [66.083413, 44.686318], [66.082011, 44.687694], [66.081161, 44.688497], [66.080908, 44.688737], [66.080815, 44.688756]]}, "properties": {"id": "feeder_0068", "name": "ф.Бырказан", "object_type": "feeder", "voltage": "10 кВ", "parent_id": null, "fed_from": null, "year": "1972", "power_kva": null, "balance": null, "inventory_no": "186", "length": "7,5 км", "description": null, "links": [], "source_folder": "ВЛ-10 кВ"}}, {"type": "Feature", "geometry": {"type": "LineString", "coordinates": [[66.048542, 44.639022], [66.048575, 44.639051], [66.048624, 44.639117], [66.046734, 44.640456], [66.044587, 44.641798], [66.043297, 44.642617], [66.040393, 44.644431], [66.039211, 44.645193], [66.035831, 44.647296], [66.033703, 44.648628], [66.032923, 44.649091], [66.031555, 44.649717], [66.029834, 44.650478], [66.026317, 44.652081], [66.025336, 44.65248], [66.022635, 44.653365], [66.020015, 44.654206], [66.017352, 44.655065], [66.015062, 44.655801], [66.014446, 44.655379], [66.014588, 44.654474], [66.014868, 44.654117], [66.01596, 44.65276], [66.016868, 44.651612], [66.018259, 44.649865], [66.01984, 44.647874], [66.020702, 44.646797], [66.023193, 44.643687], [66.023823, 44.642884], [66.025123, 44.641249], [66.025674, 44.640597], [66.02627, 44.640123], [66.028711, 44.637792], [66.029074, 44.637513], [66.02954, 44.637691], [66.030345, 44.637105], [66.030492, 44.636987], [66.030345, 44.637105], [66.030748, 44.637796], [66.031304, 44.639419], [66.030748, 44.637796], [66.030345, 44.637105], [66.030492, 44.636987], [66.031241, 44.637492], [66.032022, 44.638017], [66.033544, 44.639031], [66.034177, 44.639356], [66.036766, 44.641147], [66.037476, 44.641628], [66.038254, 44.642162], [66.037476, 44.641628], [66.036766, 44.641147], [66.03745, 44.640647], [66.038212, 44.640096], [66.039657, 44.638975], [66.038212, 44.640096], [66.03745, 44.640647], [66.036766, 44.641147], [66.034177, 44.639356], [66.033544, 44.639031], [66.032022, 44.638017], [66.031241, 44.637492], [66.030492, 44.636987], [66.031287, 44.636494], [66.031144, 44.636306], [66.031287, 44.636494], [66.033652, 44.634999], [66.036051, 44.633517], [66.036695, 44.633097], [66.037499, 44.632606], [66.038034, 44.632177], [66.037944, 44.632192], [66.038034, 44.632177], [66.038214, 44.632146], [66.038424, 44.632204], [66.039543, 44.632677], [66.040678, 44.633167], [66.041809, 44.633677], [66.041716, 44.633835], [66.041809, 44.633677], [66.040678, 44.633167], [66.039543, 44.632677], [66.038424, 44.632204], [66.038214, 44.632146], [66.039711, 44.631209], [66.039864, 44.631301], [66.041019, 44.631855], [66.042758, 44.63272], [66.042863, 44.632774], [66.042758, 44.63272], [66.041019, 44.631855], [66.039864, 44.631301], [66.039711, 44.631209], [66.040562, 44.630695], [66.042143, 44.62968], [66.042968, 44.629166], [66.043712, 44.628712], [66.043574, 44.628583], [66.043712, 44.628712], [66.044376, 44.629181], [66.045035, 44.629682], [66.045767, 44.630246], [66.046481, 44.630794], [66.046587, 44.630681], [66.047338, 44.629872], [66.047633, 44.629541], [66.047581, 44.629404], [66.047655, 44.629436], [66.047581, 44.629404], [66.047633, 44.629541], [66.047338, 44.629872], [66.046587, 44.630681], [66.046481, 44.630794], [66.04718, 44.631316], [66.047268, 44.631383], [66.04718, 44.631316], [66.046481, 44.630794], [66.045767, 44.630246], [66.045035, 44.629682], [66.044376, 44.629181], [66.043712, 44.628712], [66.046108, 44.627013], [66.046764, 44.626525], [66.046853, 44.626473], [66.046764, 44.626525], [66.047045, 44.626541], [66.048299, 44.626578], [66.050276, 44.626582], [66.052196, 44.626606], [66.053104, 44.626623], [66.054475, 44.625735], [66.054962, 44.625281], [66.054923, 44.625206]]}, "properties": {"id": "feeder_0069", "name": "ф.Усадьба", "object_type": "feeder", "voltage": "10 кВ", "parent_id": null, "fed_from": null, "year": null, "power_kva": null, "balance": null, "inventory_no": null, "length": null, "description": null, "links": [], "source_folder": "ВЛ-10 кВ"}}, {"type": "Feature", "geometry": {"type": "LineString", "coordinates": [[66.727333, 44.169548], [66.727093, 44.169845], [66.726876, 44.170247], [66.7262, 44.16999], [66.726876, 44.170247], [66.726088, 44.171425], [66.7260085, 44.1714], [66.726088, 44.171425], [66.725772, 44.17192], [66.725391, 44.172488], [66.725121, 44.172886], [66.72512, 44.173106], [66.72511, 44.173152], [66.724829, 44.173056], [66.724358, 44.172337], [66.724002, 44.171783], [66.72397, 44.17168], [66.724002, 44.171783], [66.724358, 44.172337], [66.724829, 44.173056], [66.72511, 44.173152], [66.72521, 44.17322], [66.72511, 44.173152], [66.725058, 44.173469], [66.725304, 44.173599], [66.725198, 44.1739], [66.72492, 44.174109], [66.725038, 44.174209], [66.72502, 44.17424], [66.725038, 44.174209], [66.72492, 44.174109], [66.725198, 44.1739], [66.725304, 44.173599], [66.725058, 44.173469], [66.724509, 44.173741], [66.724121, 44.173974], [66.723584, 44.174332], [66.722736, 44.174837], [66.722395, 44.175068], [66.722018, 44.175283], [66.721637, 44.17554], [66.721361, 44.175701], [66.720895, 44.175901], [66.720563, 44.176195], [66.720205, 44.175794], [66.71975, 44.175402], [66.719282, 44.174996], [66.718977, 44.17473], [66.719021, 44.174587], [66.7189295, 44.1745248], [66.719021, 44.174587], [66.718977, 44.17473], [66.719282, 44.174996], [66.71975, 44.175402], [66.720205, 44.175794], [66.720563, 44.176195], [66.720824, 44.176534], [66.721087, 44.176812], [66.721365, 44.177107], [66.721889, 44.177702], [66.722051, 44.177908], [66.722278, 44.178231], [66.722233, 44.178289], [66.722578, 44.178056], [66.723172, 44.177734], [66.723592, 44.17742], [66.723865, 44.177211], [66.724255, 44.176949], [66.724537, 44.176758], [66.7245556, 44.1767207], [66.724537, 44.176758], [66.724568, 44.176663], [66.724813, 44.176493], [66.725218, 44.176196], [66.725342, 44.17604], [66.725714, 44.175894], [66.726094, 44.17572], [66.726532, 44.175445], [66.726915, 44.175279], [66.727306, 44.175054], [66.727567, 44.174921], [66.72745, 44.17485], [66.727567, 44.174921], [66.727306, 44.175054], [66.726915, 44.175279], [66.726532, 44.175445], [66.726094, 44.17572], [66.725714, 44.175894], [66.725342, 44.17604], [66.725218, 44.176196], [66.724813, 44.176493], [66.724568, 44.176663], [66.724537, 44.176758], [66.724255, 44.176949], [66.723865, 44.177211], [66.723592, 44.17742], [66.723172, 44.177734], [66.722578, 44.178056], [66.722233, 44.178289], [66.7212835, 44.1787894], [66.720918, 44.1784818], [66.7208743, 44.178382], [66.720918, 44.1784818], [66.7212835, 44.1787894], [66.72097, 44.178901], [66.720509, 44.179151], [66.719916, 44.179458], [66.719296, 44.179737], [66.718747, 44.180027], [66.718298, 44.180259], [66.717774, 44.180501], [66.717194, 44.1808], [66.71664, 44.181073], [66.716187, 44.1813], [66.715487, 44.18164], [66.714959, 44.18191], [66.714335, 44.182204], [66.713617, 44.182574], [66.713311, 44.182224], [66.713032, 44.181948], [66.71286, 44.18188], [66.713032, 44.181948], [66.713311, 44.182224], [66.713617, 44.182574], [66.713107, 44.182822], [66.712417, 44.183189], [66.712323, 44.183233], [66.712191, 44.183245], [66.71183, 44.183391], [66.711445, 44.183601], [66.710941, 44.183849], [66.710543, 44.184032], [66.710441, 44.183936], [66.710264, 44.183722], [66.71004, 44.18347], [66.710264, 44.183722], [66.710441, 44.183936], [66.710543, 44.184032], [66.710032, 44.184285], [66.709608, 44.184487], [66.709347, 44.184619], [66.709249, 44.184528], [66.7091808, 44.1844442], [66.709249, 44.184528], [66.709347, 44.184619], [66.70968, 44.18493], [66.7105, 44.18524], [66.711636, 44.185497], [66.711805, 44.185433], [66.71187, 44.18541], [66.711805, 44.185433], [66.711636, 44.185497], [66.712321, 44.185643], [66.713234, 44.185933], [66.713813, 44.1858247], [66.713234, 44.185933], [66.714183, 44.1862], [66.714895, 44.186395], [66.715704, 44.186599], [66.716489, 44.186802], [66.717317, 44.18703], [66.718136, 44.187001], [66.718997, 44.186927], [66.71978, 44.186883], [66.720028, 44.187098], [66.719973, 44.18736], [66.719935, 44.1874231]]}, "properties": {"id": "feeder_0070", "name": "ф.Райцентр", "object_type": "feeder", "voltage": "10 кВ", "parent_id": null, "fed_from": null, "year": null, "power_kva": null, "balance": null, "inventory_no": null, "length": null, "description": "ВЛ-10 кВ от ПС 220/110/35/10 кВ «Шиели»\nЯчейка №29\nПротяженность: 6,2 км\nГод ввода: 1989 г.\nЗав/Инв №: 1350", "links": [{"name": "Гео-схема", "url": "https://www.google.com/maps/d/viewer?hl=ru&mid=1UqN86d6VyzQL0MXQDKVtVRaLhrjvZd4&ll=44.17740384068313%2C66.71204850000001&z=15"}], "source_folder": "ВЛ-10 кВ"}}, {"type": "Feature", "geometry": {"type": "LineString", "coordinates": [[66.502194, 44.326241], [66.50256, 44.326528], [66.502859, 44.326786], [66.503134, 44.327061], [66.503459, 44.327284], [66.503823, 44.327586], [66.504105, 44.327843], [66.504268, 44.327832], [66.504105, 44.327843], [66.503705, 44.32809], [66.503337, 44.328292], [66.503069, 44.328051], [66.502757, 44.327812], [66.502425, 44.32753], [66.502093, 44.327274], [66.501732, 44.326979], [66.501426, 44.326735], [66.501093, 44.326446], [66.500786, 44.326199], [66.500474, 44.325926], [66.500183, 44.32566], [66.499873, 44.325426], [66.49961, 44.325208], [66.499338, 44.32497], [66.499439, 44.324772], [66.499338, 44.32497], [66.49961, 44.325208], [66.499873, 44.325426], [66.500183, 44.32566], [66.500474, 44.325926], [66.500786, 44.326199], [66.501093, 44.326446], [66.501426, 44.326735], [66.501732, 44.326979], [66.502093, 44.327274], [66.502425, 44.32753], [66.502757, 44.327812], [66.503069, 44.328051], [66.503337, 44.328292], [66.502996, 44.328497], [66.502659, 44.328275], [66.502361, 44.328014], [66.502024, 44.327785], [66.501713, 44.327547], [66.501267, 44.327213], [66.500869, 44.326925], [66.500416, 44.326585], [66.500067, 44.326333], [66.500416, 44.326585], [66.500869, 44.326925], [66.501267, 44.327213], [66.501713, 44.327547], [66.502024, 44.327785], [66.502361, 44.328014], [66.502659, 44.328275], [66.502996, 44.328497], [66.503167, 44.328629], [66.50345, 44.328869], [66.503732, 44.329069], [66.5039, 44.329279], [66.503732, 44.329069], [66.50345, 44.328869], [66.503167, 44.328629], [66.502996, 44.328497], [66.503337, 44.328292], [66.503766, 44.328604], [66.503337, 44.328292], [66.503705, 44.32809], [66.504105, 44.327843], [66.50427, 44.327832], [66.50424, 44.327769], [66.505212, 44.327076], [66.505521, 44.326854], [66.504817, 44.326331], [66.504148, 44.325858], [66.503485, 44.325373], [66.503151, 44.325123], [66.502788, 44.32487], [66.502448, 44.324601], [66.502016, 44.324332], [66.501643, 44.324041], [66.502016, 44.324332], [66.501256, 44.324483], [66.502016, 44.324332], [66.502448, 44.324601], [66.502788, 44.32487], [66.503151, 44.325123], [66.503485, 44.325373], [66.504148, 44.325858], [66.504817, 44.326331], [66.505521, 44.326854], [66.505146, 44.326572], [66.506012, 44.326304], [66.506846, 44.326049], [66.507301, 44.325908], [66.507554, 44.325833], [66.507301, 44.325908], [66.506933, 44.325448], [66.506681, 44.325025], [66.506481, 44.324745], [66.506296, 44.324473], [66.506544, 44.324378], [66.506296, 44.324473], [66.505719, 44.323673], [66.505317, 44.323104], [66.505116, 44.322821], [66.505469, 44.322755], [66.505116, 44.322821], [66.505317, 44.323104], [66.505719, 44.323673], [66.506296, 44.324473], [66.506481, 44.324745], [66.506681, 44.325025], [66.506933, 44.325448], [66.507301, 44.325908], [66.506846, 44.326049], [66.506012, 44.326304], [66.505146, 44.326572], [66.505521, 44.326854], [66.505818, 44.327129], [66.506086, 44.327386], [66.506305, 44.327582], [66.506557, 44.327778], [66.506907, 44.328013], [66.507211, 44.328218], [66.507588, 44.328487], [66.507211, 44.328218], [66.506907, 44.328013], [66.506557, 44.327778], [66.506305, 44.327582], [66.506086, 44.327386], [66.505818, 44.327129], [66.505521, 44.326854], [66.505212, 44.327076], [66.50424, 44.327769], [66.50427, 44.327831], [66.504325, 44.327843], [66.504521, 44.328026], [66.504854, 44.328317], [66.505148, 44.328593], [66.505553, 44.32899], [66.505766, 44.329111], [66.506085, 44.329336], [66.506423, 44.329613], [66.506796, 44.329336], [66.507035, 44.329133], [66.506796, 44.329336], [66.506423, 44.329613], [66.506697, 44.329807], [66.507006, 44.330055], [66.50739, 44.330343], [66.507681, 44.330571], [66.508015, 44.330834], [66.508404, 44.331132], [66.508761, 44.33141], [66.509086, 44.331659], [66.509447, 44.331934], [66.508864, 44.332034], [66.509447, 44.331934], [66.509786, 44.332086], [66.509676, 44.332237], [66.509786, 44.332086], [66.510141, 44.332233], [66.510586, 44.332433], [66.510953, 44.332602], [66.511431, 44.332802], [66.511856, 44.33299], [66.512325, 44.333205], [66.512532, 44.332925], [66.512325, 44.333205], [66.512703, 44.333471], [66.513055, 44.333737], [66.513453, 44.334037], [66.513837, 44.33433], [66.514143, 44.334557], [66.514389, 44.334219], [66.514633, 44.333898], [66.51486, 44.33359], [66.515249, 44.333747], [66.515605, 44.333858], [66.516081, 44.334029], [66.516416, 44.334182], [66.516671, 44.334356], [66.516819, 44.334668], [66.51739, 44.334995], [66.518327, 44.335612]]}, "properties": {"id": "line04_0001", "name": "110", "object_type": "line04", "voltage": "0,4 кВ", "parent_id": null, "fed_from": null, "year": null, "power_kva": null, "balance": null, "inventory_no": null, "length": null, "description": null, "links": [{"name": "Ссылка", "url": "https://www.google.com/maps/d/viewer?hl=ru&mid=1oDOLmbGHhuX_m3x60fGNtRfbJVLvJmo&ll=44.329183852286796%2C66.5088325&z=15"}], "source_folder": "ВЛ-0.4 кВ"}}, {"type": "Feature", "geometry": {"type": "LineString", "coordinates": [[66.517425, 44.339324], [66.517765, 44.339669], [66.518094, 44.33995], [66.518167, 44.34017], [66.51824, 44.340202], [66.518309, 44.340272], [66.518436, 44.340387], [66.51879, 44.340189], [66.519266, 44.33994], [66.519356, 44.339886], [66.519894, 44.339602], [66.520398, 44.339332], [66.520923, 44.339057], [66.521427, 44.338796], [66.521856, 44.338574], [66.522336, 44.338426], [66.522563, 44.338658], [66.522803, 44.338915], [66.523037, 44.339162], [66.523244, 44.339371], [66.523445, 44.33959], [66.523636, 44.339792], [66.523898, 44.340065], [66.523636, 44.339792], [66.523445, 44.33959], [66.523244, 44.339371], [66.523037, 44.339162], [66.522803, 44.338915], [66.522563, 44.338658], [66.522336, 44.338426], [66.521856, 44.338574], [66.521427, 44.338796], [66.520923, 44.339057], [66.520398, 44.339332], [66.519894, 44.339602], [66.519356, 44.339886], [66.519266, 44.33994], [66.51879, 44.340189], [66.518436, 44.340387], [66.518309, 44.340272], [66.51824, 44.340201], [66.518384, 44.340229], [66.518753, 44.340057], [66.519145, 44.339847], [66.519068, 44.339776], [66.518732, 44.339556], [66.518383, 44.339318], [66.518732, 44.339556], [66.519068, 44.339776], [66.519145, 44.339847], [66.519454, 44.339681], [66.519716, 44.339546], [66.519565, 44.339417], [66.519312, 44.339188], [66.518961, 44.338897], [66.518677, 44.338629], [66.518405, 44.338408], [66.518109, 44.338581], [66.517768, 44.338811], [66.518109, 44.338581], [66.518405, 44.338408], [66.518677, 44.338629], [66.518961, 44.338897], [66.519312, 44.339188], [66.519565, 44.339417], [66.519716, 44.339546], [66.520181, 44.33931], [66.52062, 44.339072], [66.521018, 44.338868], [66.521215, 44.338767], [66.521156, 44.338692], [66.520935, 44.338436], [66.52061, 44.338105], [66.520363, 44.337825], [66.520115, 44.33755], [66.519787, 44.337207], [66.520115, 44.33755], [66.520363, 44.337825], [66.52061, 44.338105], [66.520935, 44.338436], [66.521156, 44.338692], [66.521215, 44.338767], [66.521666, 44.338534], [66.52216, 44.338265], [66.522072, 44.338198], [66.521899, 44.338012], [66.521634, 44.337729], [66.521362, 44.33744], [66.521076, 44.337143], [66.520734, 44.336804], [66.521076, 44.337143], [66.521362, 44.33744], [66.521634, 44.337729], [66.521899, 44.338012], [66.522072, 44.338198], [66.52216, 44.338265], [66.522454, 44.338147], [66.522819, 44.337951]]}, "properties": {"id": "line04_0002", "name": "Линия 1", "object_type": "line04", "voltage": "0,4 кВ", "parent_id": null, "fed_from": null, "year": null, "power_kva": null, "balance": null, "inventory_no": null, "length": null, "description": null, "links": [], "source_folder": "ВЛ-0.4 кВ"}}, {"type": "Feature", "geometry": {"type": "LineString", "coordinates": [[66.522971, 44.33805], [66.523011, 44.338069], [66.523146, 44.337926], [66.523557, 44.338344], [66.524125, 44.338922], [66.524409, 44.339218], [66.524125, 44.338922], [66.523557, 44.338344], [66.523146, 44.337926], [66.524157, 44.337399], [66.524596, 44.337181], [66.524693, 44.337267], [66.525312, 44.337922], [66.525895, 44.338539], [66.526217, 44.338894], [66.526735, 44.339448], [66.527194, 44.339928], [66.527616, 44.34039], [66.52752, 44.340641], [66.527616, 44.34039], [66.527194, 44.339928], [66.526735, 44.339448], [66.526217, 44.338894], [66.52633, 44.338787], [66.526548, 44.338526], [66.526962, 44.338206], [66.527101, 44.338315], [66.527342, 44.338521], [66.527608, 44.338757], [66.52788, 44.338976], [66.528137, 44.339206], [66.528404, 44.339452], [66.528718, 44.339725], [66.528404, 44.339452], [66.528137, 44.339206], [66.52788, 44.338976], [66.527608, 44.338757], [66.527342, 44.338521], [66.527101, 44.338315], [66.526962, 44.338206], [66.526548, 44.338526], [66.52633, 44.338787], [66.526217, 44.338894], [66.525895, 44.338539], [66.525312, 44.337922], [66.524693, 44.337267], [66.524596, 44.337181], [66.525021, 44.336968], [66.525508, 44.336714], [66.525605, 44.336816], [66.525863, 44.337071], [66.526085, 44.337307], [66.526404, 44.337177], [66.52666, 44.337314], [66.526404, 44.337177], [66.526659, 44.337009], [66.526947, 44.336813], [66.527213, 44.336653], [66.527501, 44.33638], [66.527213, 44.336653], [66.526947, 44.336813], [66.526659, 44.337009], [66.526404, 44.337177], [66.526085, 44.337307], [66.525863, 44.337071], [66.525605, 44.336816], [66.525508, 44.336714], [66.525924, 44.336497], [66.52637, 44.33623], [66.526716, 44.336025], [66.52705, 44.335832], [66.526783, 44.33558], [66.527125, 44.335135], [66.527531, 44.334597], [66.527944, 44.33405], [66.528368, 44.333483], [66.528773, 44.332943], [66.529058, 44.33257], [66.529281, 44.33228], [66.529604, 44.33212]]}, "properties": {"id": "line04_0003", "name": "Линия 1", "object_type": "line04", "voltage": "0,4 кВ", "parent_id": null, "fed_from": null, "year": null, "power_kva": null, "balance": null, "inventory_no": null, "length": null, "description": null, "links": [{"name": "Ссылка", "url": "https://www.google.com/maps/d/viewer?hl=ru&mid=1oDOLmbGHhuX_m3x60fGNtRfbJVLvJmo&ll=44.329183852286796%2C66.5088325&z=15"}], "source_folder": "ВЛ-0.4 кВ"}}, {"type": "Feature", "geometry": {"type": "LineString", "coordinates": [[66.507867, 44.333756], [66.508152, 44.334037], [66.508477, 44.334339], [66.509069, 44.334873], [66.509619, 44.335398], [66.510109, 44.335862], [66.510757, 44.336449], [66.51128, 44.336933], [66.511939, 44.337576], [66.512145, 44.337736], [66.512287, 44.337904], [66.512634, 44.338015], [66.512191, 44.338241], [66.511844, 44.337904], [66.511616, 44.337572], [66.511154, 44.337069], [66.51084, 44.336749], [66.510245, 44.336196], [66.50964, 44.335653], [66.509014, 44.335075], [66.508437, 44.334532], [66.508104, 44.334233], [66.508437, 44.334532], [66.509014, 44.335075], [66.50964, 44.335653], [66.510245, 44.336196], [66.51084, 44.336749], [66.511154, 44.337069], [66.511616, 44.337572], [66.511844, 44.337904], [66.512191, 44.338241], [66.512634, 44.338015], [66.513017, 44.337823], [66.51344, 44.337611], [66.513732, 44.337471], [66.513746, 44.33742], [66.513682, 44.337403], [66.51396, 44.337303], [66.514148, 44.337261], [66.514422, 44.337471], [66.514945, 44.337903], [66.515469, 44.338352], [66.515992, 44.338797], [66.515469, 44.338352], [66.514945, 44.337903], [66.514422, 44.337471], [66.514148, 44.337261], [66.513617, 44.336804], [66.513254, 44.336502], [66.512857, 44.3364], [66.512216, 44.335861], [66.511505, 44.335274], [66.510873, 44.334767], [66.510201, 44.334213], [66.509543, 44.33368], [66.508854, 44.333119], [66.508212, 44.332566], [66.508854, 44.333119], [66.509543, 44.33368], [66.510201, 44.334213], [66.510873, 44.334767], [66.511505, 44.335274], [66.512216, 44.335861], [66.512857, 44.3364], [66.513254, 44.336502], [66.512909, 44.336216], [66.512256, 44.335675], [66.511586, 44.335126], [66.510906, 44.334564], [66.510236, 44.334021], [66.50956, 44.333481], [66.508817, 44.332864], [66.508079, 44.33224], [66.507341, 44.331631], [66.506603, 44.331015]]}, "properties": {"id": "line04_0004", "name": "Линия 84", "object_type": "line04", "voltage": "0,4 кВ", "parent_id": null, "fed_from": null, "year": null, "power_kva": null, "balance": null, "inventory_no": null, "length": null, "description": null, "links": [], "source_folder": "ВЛ-0.4 кВ"}}, {"type": "Feature", "geometry": {"type": "LineString", "coordinates": [[66.503505, 44.344865], [66.503793, 44.34515], [66.504367, 44.345685], [66.504901, 44.346188], [66.505182, 44.346454], [66.505306, 44.34675], [66.504989, 44.346816], [66.504725, 44.346862], [66.504989, 44.346816], [66.505306, 44.34675], [66.505661, 44.346911], [66.505936, 44.347161], [66.506179, 44.34739], [66.50646, 44.347609], [66.506831, 44.347821], [66.506758, 44.348152], [66.507016, 44.348403], [66.507522, 44.348916], [66.508127, 44.34943], [66.508549, 44.349838], [66.509101, 44.350371], [66.508549, 44.349838], [66.508127, 44.34943], [66.507522, 44.348916], [66.507016, 44.348403], [66.506758, 44.348152], [66.506831, 44.347821], [66.507353, 44.347567], [66.50737, 44.347691], [66.507353, 44.347567], [66.507694, 44.347399], [66.507755, 44.347299], [66.508075, 44.347401], [66.508743, 44.348081], [66.509322, 44.34867], [66.509909, 44.349264], [66.510465, 44.349802], [66.510978, 44.350348], [66.511563, 44.350919], [66.510978, 44.350348], [66.510465, 44.349802], [66.509909, 44.349264], [66.509322, 44.34867], [66.508743, 44.348081], [66.508075, 44.347401], [66.508226, 44.347322], [66.508855, 44.347962], [66.509438, 44.34855], [66.510003, 44.349113], [66.510555, 44.349672], [66.511127, 44.35026], [66.511728, 44.350861], [66.512218, 44.351367], [66.512254, 44.351827], [66.512507, 44.352094], [66.513232, 44.352805], [66.513943, 44.353469], [66.513232, 44.352805], [66.512507, 44.352094], [66.512254, 44.351827], [66.512218, 44.351367], [66.511728, 44.350861], [66.511127, 44.35026], [66.510555, 44.349672], [66.510003, 44.349113], [66.509438, 44.34855], [66.508855, 44.347962], [66.508226, 44.347322], [66.508075, 44.347401], [66.507755, 44.347299], [66.507772, 44.347233], [66.508064, 44.347155], [66.50759, 44.346658], [66.507363, 44.346433], [66.507069, 44.346141], [66.506775, 44.345848], [66.506452, 44.345518], [66.506168, 44.345238], [66.505606, 44.344669], [66.505078, 44.344123], [66.504748, 44.343805], [66.504867, 44.343516], [66.505143, 44.343295], [66.505484, 44.343043], [66.505143, 44.343295], [66.505033, 44.342926], [66.504828, 44.342199], [66.5047, 44.341815], [66.504828, 44.342199], [66.505033, 44.342926], [66.505143, 44.343295], [66.504867, 44.343516], [66.504748, 44.343805], [66.505078, 44.344123], [66.505606, 44.344669], [66.506168, 44.345238], [66.506452, 44.345518], [66.506775, 44.345848], [66.507069, 44.346141], [66.507363, 44.346433], [66.50759, 44.346658], [66.508064, 44.347155], [66.507772, 44.347233], [66.507788, 44.34704], [66.507514, 44.34676], [66.506943, 44.346179], [66.506453, 44.345687], [66.505956, 44.345168], [66.505432, 44.344656], [66.50493, 44.344151], [66.504681, 44.34391], [66.504343, 44.343441], [66.504203, 44.343111], [66.504003, 44.342805], [66.503818, 44.342486], [66.503604, 44.34217], [66.503414, 44.3419], [66.503249, 44.3416], [66.502752, 44.34169], [66.502228, 44.341778], [66.501812, 44.341906], [66.501406, 44.34204], [66.500989, 44.342185], [66.500639, 44.342089], [66.500989, 44.342185], [66.50055, 44.342311], [66.500989, 44.342185], [66.500996, 44.342451], [66.501016, 44.342752], [66.501035, 44.343118], [66.501051, 44.343464], [66.500822, 44.343583]]}, "properties": {"id": "line04_0005", "name": "Линия 1", "object_type": "line04", "voltage": "0,4 кВ", "parent_id": null, "fed_from": null, "year": null, "power_kva": null, "balance": null, "inventory_no": null, "length": null, "description": null, "links": [], "source_folder": "ВЛ-0.4 кВ"}}, {"type": "Feature", "geometry": {"type": "LineString", "coordinates": [[66.507042, 44.344036], [66.50762, 44.344647], [66.508246, 44.345293], [66.508869, 44.345937], [66.509497, 44.346588], [66.509626, 44.34649], [66.509669, 44.346443], [66.509721, 44.346446], [66.509827, 44.3465], [66.510492, 44.346236], [66.510683, 44.346347], [66.510972, 44.346696], [66.51144, 44.347291], [66.511906, 44.347851], [66.512156, 44.348126], [66.511906, 44.347851], [66.51144, 44.347291], [66.510972, 44.346696], [66.510683, 44.346347], [66.510492, 44.346236], [66.511119, 44.345941], [66.511081, 44.345891], [66.510668, 44.345557], [66.510352, 44.3452], [66.510307, 44.345316], [66.509945, 44.345036], [66.50963, 44.344791], [66.509295, 44.344521], [66.508969, 44.344266], [66.508704, 44.344069], [66.508004, 44.343527], [66.508704, 44.344069], [66.508969, 44.344266], [66.509295, 44.344521], [66.50963, 44.344791], [66.509945, 44.345036], [66.510307, 44.345316], [66.510352, 44.3452], [66.510668, 44.345557], [66.510893, 44.345784], [66.511081, 44.345891], [66.511495, 44.345737], [66.511877, 44.345575], [66.512286, 44.345427], [66.512741, 44.345209], [66.513022, 44.345085], [66.513199, 44.345218], [66.513022, 44.345085], [66.512741, 44.345209], [66.512589, 44.344808], [66.512436, 44.344509], [66.51222, 44.344165], [66.512023, 44.343835], [66.511819, 44.343527]]}, "properties": {"id": "line04_0006", "name": "Линия 1", "object_type": "line04", "voltage": "0,4 кВ", "parent_id": null, "fed_from": null, "year": null, "power_kva": null, "balance": null, "inventory_no": null, "length": null, "description": null, "links": [], "source_folder": "ВЛ-0.4 кВ"}}, {"type": "Feature", "geometry": {"type": "LineString", "coordinates": [[66.525331, 44.348897], [66.525322, 44.348571], [66.525347, 44.348068], [66.525098, 44.347632], [66.524878, 44.347262], [66.524637, 44.346873], [66.524451, 44.346563], [66.524281, 44.346248], [66.524109, 44.345964], [66.523918, 44.345637], [66.523692, 44.345298], [66.523421, 44.344951], [66.523113, 44.344561], [66.52281, 44.344224], [66.522574, 44.343936], [66.522283, 44.343583], [66.522022, 44.343273], [66.521778, 44.342981], [66.521537, 44.342727], [66.521255, 44.342394], [66.520926, 44.341985], [66.52129, 44.341814], [66.521782, 44.341608], [66.522203, 44.341438], [66.522557, 44.341251], [66.522879, 44.341119], [66.522557, 44.341251], [66.522203, 44.341438], [66.521782, 44.341608], [66.52129, 44.341814], [66.520926, 44.341985], [66.520207, 44.342291], [66.519748, 44.342512], [66.519295, 44.342709], [66.519229, 44.342842], [66.519333, 44.342823], [66.519361, 44.343228], [66.519394, 44.343615], [66.519697, 44.343895], [66.52005, 44.344245], [66.520389, 44.34458], [66.519697, 44.343895], [66.519394, 44.343615], [66.519361, 44.343228], [66.519333, 44.342823], [66.519647, 44.343132], [66.519983, 44.343462], [66.520301, 44.343783], [66.520621, 44.34411], [66.520963, 44.344453], [66.521287, 44.344781], [66.521572, 44.345071], [66.521867, 44.34535], [66.521504, 44.345491], [66.521106, 44.345644], [66.521504, 44.345491], [66.521867, 44.34535], [66.52215, 44.345639], [66.522517, 44.345622], [66.52215, 44.345639], [66.521867, 44.34535], [66.521287, 44.344781], [66.520963, 44.344453], [66.520621, 44.34411], [66.520301, 44.343783], [66.519983, 44.343462], [66.519647, 44.343132], [66.519333, 44.342823], [66.519229, 44.342842], [66.519112, 44.342784], [66.518947, 44.342834], [66.518559, 44.343003], [66.518144, 44.343181], [66.517694, 44.343368], [66.517123, 44.343609], [66.516563, 44.343846], [66.516168, 44.344019], [66.515729, 44.344197], [66.516168, 44.344019], [66.516563, 44.343846], [66.516942, 44.344152], [66.517504, 44.344547], [66.516946, 44.34488], [66.516896, 44.345221], [66.516602, 44.345542], [66.516896, 44.345221], [66.516946, 44.34488], [66.517504, 44.344547], [66.51815, 44.344771], [66.518402, 44.345015], [66.518699, 44.345294], [66.518986, 44.345582], [66.519228, 44.345829], [66.519571, 44.346156], [66.519836, 44.346442], [66.520092, 44.3467], [66.520356, 44.346968], [66.52066, 44.347278], [66.520983, 44.347606]]}, "properties": {"id": "line04_0007", "name": "Линия 1", "object_type": "line04", "voltage": "0,4 кВ", "parent_id": null, "fed_from": null, "year": null, "power_kva": null, "balance": null, "inventory_no": null, "length": null, "description": null, "links": [], "source_folder": "ВЛ-0.4 кВ"}}, {"type": "Feature", "geometry": {"type": "LineString", "coordinates": [[66.518415, 44.335624], [66.518475, 44.335631], [66.518912, 44.335775], [66.519301, 44.335908], [66.519792, 44.336067], [66.520282, 44.336074], [66.520923, 44.336127], [66.521386, 44.33614], [66.521673, 44.335998], [66.521976, 44.335885], [66.522154, 44.336002], [66.521976, 44.335885], [66.521673, 44.335998], [66.521386, 44.33614], [66.521692, 44.336425], [66.521972, 44.336707], [66.522252, 44.337005], [66.522549, 44.337304], [66.522819, 44.337588], [66.523027, 44.337795], [66.523095, 44.337811], [66.523572, 44.337559], [66.523948, 44.337362], [66.524163, 44.337264], [66.524349, 44.33715], [66.524408, 44.336979], [66.524129, 44.33668], [66.523859, 44.336406], [66.523636, 44.336166], [66.523999, 44.335965], [66.524351, 44.335729], [66.524554, 44.335613], [66.52496, 44.335915], [66.524554, 44.335613], [66.524228, 44.335348], [66.523834, 44.335074], [66.523484, 44.334823], [66.523128, 44.334572], [66.52265, 44.334117], [66.522362, 44.333915], [66.522191, 44.333701], [66.521772, 44.333827], [66.521889, 44.333581], [66.522027, 44.333225], [66.521889, 44.333581], [66.52275, 44.333375], [66.523219, 44.333371], [66.523634, 44.333158], [66.523862, 44.333035], [66.523634, 44.333158], [66.523219, 44.333371], [66.523087, 44.333058], [66.523002, 44.332767], [66.523087, 44.333058], [66.523219, 44.333371], [66.52275, 44.333375], [66.521889, 44.333581], [66.521772, 44.333827], [66.52119, 44.333807], [66.520796, 44.333808], [66.520438, 44.333967], [66.520169, 44.334113], [66.519887, 44.334262], [66.520169, 44.334113], [66.520438, 44.333967], [66.520796, 44.333808], [66.52119, 44.333807], [66.521772, 44.333827], [66.522021, 44.334177], [66.522267, 44.334541], [66.522447, 44.334875], [66.522646, 44.335206], [66.523001, 44.335527], [66.522646, 44.335206], [66.522298, 44.335388], [66.522646, 44.335206], [66.523001, 44.335527], [66.523364, 44.335868], [66.523636, 44.336166], [66.523364, 44.335868], [66.523001, 44.335527], [66.522646, 44.335206], [66.522298, 44.335388], [66.521952, 44.335582], [66.521562, 44.335808], [66.521386, 44.33614]]}, "properties": {"id": "line04_0008", "name": "Линия 1", "object_type": "line04", "voltage": "0,4 кВ", "parent_id": null, "fed_from": null, "year": null, "power_kva": null, "balance": null, "inventory_no": null, "length": null, "description": null, "links": [], "source_folder": "ВЛ-0.4 кВ"}}, {"type": "Feature", "geometry": {"type": "LineString", "coordinates": [[66.514168, 44.338793], [66.51419, 44.338866], [66.513937, 44.339033], [66.513879, 44.339418], [66.513544, 44.33957], [66.513171, 44.339676], [66.512796, 44.339768], [66.51244, 44.339865], [66.512145, 44.339486], [66.51244, 44.339865], [66.512762, 44.340236], [66.512899, 44.340415], [66.51304, 44.340613], [66.51316, 44.340906], [66.513414, 44.341142], [66.513634, 44.341442], [66.513871, 44.341746], [66.514101, 44.342027], [66.514331, 44.342323], [66.514534, 44.34259], [66.514331, 44.342323], [66.514704, 44.342185], [66.515096, 44.342013], [66.514704, 44.342185], [66.514331, 44.342323], [66.514534, 44.34259], [66.514848, 44.342711], [66.514791, 44.342924], [66.514848, 44.342711], [66.515226, 44.342542], [66.515557, 44.342449], [66.515722, 44.342664], [66.515557, 44.342449], [66.516125, 44.342207], [66.516677, 44.342246]]}, "properties": {"id": "line04_0009", "name": "Линия 2", "object_type": "line04", "voltage": "0,4 кВ", "parent_id": null, "fed_from": null, "year": null, "power_kva": null, "balance": null, "inventory_no": null, "length": null, "description": null, "links": [], "source_folder": "ВЛ-0.4 кВ"}}, {"type": "Feature", "geometry": {"type": "LineString", "coordinates": [[66.730763, 44.165875], [66.730698, 44.16594], [66.730638, 44.166106], [66.730605, 44.166232], [66.730324, 44.166182], [66.730047, 44.166134], [66.730014, 44.166295], [66.729979, 44.166485], [66.730014, 44.166295], [66.730047, 44.166134], [66.730324, 44.166182], [66.730605, 44.166232], [66.730677, 44.166457], [66.730702, 44.16673], [66.730733, 44.166902], [66.730675, 44.167183], [66.730614, 44.167393], [66.730504, 44.167629], [66.730159, 44.167689], [66.729931, 44.16746], [66.730159, 44.167689], [66.730504, 44.167629], [66.730614, 44.167393], [66.730675, 44.167183], [66.730733, 44.166902], [66.730702, 44.16673], [66.730677, 44.166457], [66.730605, 44.166232], [66.730966, 44.166329], [66.731235, 44.166381], [66.731737, 44.166503], [66.731693, 44.166727], [66.731606, 44.167022], [66.731693, 44.166727], [66.731737, 44.166503], [66.731235, 44.166381], [66.730966, 44.166329], [66.730605, 44.166232], [66.730638, 44.166106], [66.730332, 44.16601], [66.730638, 44.166106], [66.730605, 44.166232], [66.730966, 44.166329], [66.731235, 44.166381], [66.731737, 44.166503], [66.731819, 44.166322], [66.731907, 44.166021], [66.732019, 44.165636], [66.731907, 44.166021], [66.731819, 44.166322], [66.731737, 44.166503], [66.73149, 44.166441], [66.731235, 44.166381], [66.730966, 44.166329], [66.730605, 44.166232], [66.730638, 44.166106], [66.730332, 44.16601], [66.730072, 44.165949], [66.729604, 44.165852], [66.729499, 44.165705], [66.729125, 44.165643], [66.728752, 44.165567], [66.728462, 44.165501], [66.728124, 44.165427], [66.728077, 44.165525], [66.728024, 44.165715], [66.728011, 44.165824], [66.728135, 44.165842], [66.728011, 44.165824], [66.728024, 44.165715], [66.728077, 44.165525], [66.728124, 44.165427], [66.727612, 44.165285], [66.727245, 44.165133], [66.727043, 44.165044], [66.727245, 44.165133], [66.727612, 44.165285], [66.728124, 44.165427], [66.728462, 44.165501], [66.728752, 44.165567], [66.729125, 44.165643], [66.729499, 44.165705], [66.729716, 44.165639], [66.729849, 44.165318], [66.729949, 44.165046], [66.730041, 44.164789], [66.730108, 44.164624]]}, "properties": {"id": "line04_0010", "name": "ВЛ 0,4 кВ от КТПБ-10/0,4 кВ №489", "object_type": "line04", "voltage": "0,4 кВ", "parent_id": null, "fed_from": null, "year": null, "power_kva": null, "balance": null, "inventory_no": null, "length": null, "description": null, "links": [{"name": "Ссылка", "url": "https://www.google.com/maps/d/u/0/viewer?hl=ru&mid=1NZv8tC4Vxc3DvNdk9IvL6ABhtI7L7t0&ll=44.16615651990699%2C66.729531&z=18"}], "source_folder": "ВЛ-0.4 кВ"}}, {"type": "Feature", "geometry": {"type": "LineString", "coordinates": [[66.717061, 44.16804], [66.717081, 44.168059], [66.717227, 44.168302], [66.71737, 44.168543], [66.717444, 44.168658], [66.7177, 44.168589], [66.717954, 44.168519], [66.719397, 44.16812], [66.717954, 44.168519], [66.718057, 44.168393], [66.719871, 44.167893], [66.718057, 44.168393], [66.717954, 44.168519], [66.717444, 44.168658], [66.71482, 44.169324], [66.712395, 44.169975], [66.712696, 44.170577], [66.715016, 44.169968], [66.717606, 44.169291], [66.719, 44.168941]]}, "properties": {"id": "line04_0011", "name": "ВЛ 0,4 кВ от КТПН-10/0,4 кВ №113", "object_type": "line04", "voltage": "0,4 кВ", "parent_id": null, "fed_from": null, "year": null, "power_kva": null, "balance": null, "inventory_no": null, "length": null, "description": null, "links": [{"name": "Гео-схема", "url": "https://www.google.com/maps/d/viewer?hl=ru&mid=1FKo-ulhFAxqA6lQlGtMeEMcG0E7bCAI&ll=44.16919801612057%2C66.71613300000003&z=18"}, {"name": "По опорную схема", "url": "https://docs.google.com/drawings/d/1PyvdMZT1Tr4OiSKoxPROlVIBCpdeP7dp6w6no1Wqmzc/edit?usp=sharing"}, {"name": "Таблица данных по опорам", "url": "https://docs.google.com/spreadsheets/d/1roTjYnERUEPvwfadRqAPdmBBHrHU-5KXc7MSCqP9Etg/edit?usp=sharing"}], "source_folder": "ВЛ-0.4 кВ"}}, {"type": "Feature", "geometry": {"type": "LineString", "coordinates": [[66.718928, 44.169057], [66.718563, 44.169146], [66.718349, 44.169199], [66.717976, 44.169295], [66.717647, 44.169371], [66.717309, 44.169456], [66.716997, 44.169536], [66.716697, 44.169611], [66.71637, 44.169695], [66.71596, 44.169812], [66.715658, 44.169905], [66.715419, 44.169963], [66.715196, 44.170032], [66.71489, 44.17009], [66.714582, 44.170182], [66.714263, 44.170249], [66.713972, 44.170326], [66.713684, 44.170413], [66.713361, 44.170513], [66.713027, 44.170591], [66.712749, 44.170662], [66.712769, 44.170682], [66.712749, 44.170662], [66.712702, 44.170573], [66.712434, 44.17065], [66.712169, 44.170711], [66.711865, 44.170792], [66.711768, 44.170909], [66.712092, 44.17082], [66.712346, 44.170767]]}, "properties": {"id": "line04_0012", "name": "ВЛ 0,4 кВ от КТПБ 10/0,4 кВ №371", "object_type": "line04", "voltage": "0,4 кВ", "parent_id": null, "fed_from": null, "year": null, "power_kva": null, "balance": null, "inventory_no": null, "length": null, "description": null, "links": [{"name": "Гео-схема", "url": "https://www.google.com/maps/d/viewer?hl=ru&mid=1OQxpoWyJZ7rfBiKzvFNnqWZ-z3u6Xco&ll=44.17146789927494%2C66.71402629999999&z=17"}, {"name": "По опорная схема", "url": "https://docs.google.com/drawings/d/1PiYscOhJuK36S2MsGv-rpQ0Nnn0qSMDqO-omXM6jNk0/edit?usp=sharing"}, {"name": "Таблица данных по опорам", "url": "https://docs.google.com/spreadsheets/d/1iWtd2GoU0b-dkd669MCGUTbqbp0l_H7GdWPhcQjSwM8/edit?usp=sharing"}], "source_folder": "ВЛ-0.4 кВ"}}, {"type": "Feature", "geometry": {"type": "LineString", "coordinates": [[66.717884, 44.170861], [66.717584, 44.170927], [66.717377, 44.170993], [66.717005, 44.171078], [66.716707, 44.171151], [66.716442, 44.171224], [66.716154, 44.171302], [66.715889, 44.171369], [66.715646, 44.171426], [66.715388, 44.171504], [66.715113, 44.171579], [66.714888, 44.171653], [66.714582, 44.171722], [66.714255, 44.171802], [66.713943, 44.171893], [66.713681, 44.171978], [66.713424, 44.172055], [66.713365, 44.171948], [66.713651, 44.171862], [66.713989, 44.171777], [66.714264, 44.171696], [66.714533, 44.171628], [66.714812, 44.171558], [66.715101, 44.171474], [66.715319, 44.17143], [66.71557, 44.171355], [66.715787, 44.171301], [66.716065, 44.171225], [66.716369, 44.171151], [66.716659, 44.171071], [66.71696, 44.170987], [66.717219, 44.170935], [66.717513, 44.170861], [66.717825, 44.170774], [66.71808, 44.170708], [66.718301, 44.170647], [66.71808, 44.170708], [66.717825, 44.170774], [66.717513, 44.170861], [66.717219, 44.170935], [66.71696, 44.170987], [66.716659, 44.171071], [66.716369, 44.171151], [66.716065, 44.171225], [66.715787, 44.171301], [66.71557, 44.171355], [66.715319, 44.17143], [66.715101, 44.171474], [66.714812, 44.171558], [66.714533, 44.171628], [66.714264, 44.171696], [66.713989, 44.171777], [66.713651, 44.171862], [66.713365, 44.171948], [66.713263, 44.171753], [66.713151, 44.171532], [66.713076, 44.171359], [66.713334, 44.17128], [66.713576, 44.171219], [66.71387, 44.171133], [66.714203, 44.171052], [66.714436, 44.170986], [66.714735, 44.170911], [66.714994, 44.170853], [66.715278, 44.170775], [66.715547, 44.170704], [66.715706, 44.170669], [66.715819, 44.170628], [66.716069, 44.170566], [66.716387, 44.17049], [66.716731, 44.170397], [66.717035, 44.170317], [66.717366, 44.17023], [66.717621, 44.170164], [66.717906, 44.170083], [66.718149, 44.170007], [66.718458, 44.169931], [66.718753, 44.169855], [66.718458, 44.169931], [66.718149, 44.170007], [66.717906, 44.170083], [66.717621, 44.170164], [66.717366, 44.17023], [66.717035, 44.170317], [66.716731, 44.170397], [66.716387, 44.17049], [66.716069, 44.170566], [66.715819, 44.170628], [66.715706, 44.170669], [66.715547, 44.170704], [66.715278, 44.170775], [66.714994, 44.170853], [66.714735, 44.170911], [66.714436, 44.170986], [66.714203, 44.171052], [66.71387, 44.171133], [66.713576, 44.171219], [66.713334, 44.17128], [66.713076, 44.171359], [66.713023, 44.171259], [66.713277, 44.171193], [66.713023, 44.171259], [66.712931, 44.17108], [66.712854, 44.170906], [66.712807, 44.170806], [66.712792, 44.170728], [66.712807, 44.170806], [66.712854, 44.170906], [66.712931, 44.17108], [66.713023, 44.171259], [66.713277, 44.171193], [66.713559, 44.171121], [66.713872, 44.171033], [66.714246, 44.170929], [66.714527, 44.170852], [66.715014, 44.17075], [66.71526, 44.170677], [66.715515, 44.170616], [66.715787, 44.170543], [66.716047, 44.170479], [66.716345, 44.170395], [66.716645, 44.170313], [66.716944, 44.17024], [66.717229, 44.170168], [66.71751, 44.170095], [66.717786, 44.170033], [66.718067, 44.169949], [66.718348, 44.169875], [66.718635, 44.169796], [66.718886, 44.169736]]}, "properties": {"id": "line04_0013", "name": "ВЛ 0,4 кВ от КТПБ 10/0,4 кВ №371", "object_type": "line04", "voltage": "0,4 кВ", "parent_id": null, "fed_from": null, "year": null, "power_kva": null, "balance": null, "inventory_no": null, "length": null, "description": null, "links": [{"name": "Гео-схема", "url": "https://www.google.com/maps/d/viewer?hl=ru&mid=1OQxpoWyJZ7rfBiKzvFNnqWZ-z3u6Xco&ll=44.17146789927494%2C66.71402629999999&z=17"}, {"name": "По опорная схема", "url": "https://docs.google.com/drawings/d/1PiYscOhJuK36S2MsGv-rpQ0Nnn0qSMDqO-omXM6jNk0/edit?usp=sharing"}, {"name": "Таблица данных по опорам", "url": "https://docs.google.com/spreadsheets/d/1iWtd2GoU0b-dkd669MCGUTbqbp0l_H7GdWPhcQjSwM8/edit?usp=sharing"}], "source_folder": "ВЛ-0.4 кВ"}}, {"type": "Feature", "geometry": {"type": "LineString", "coordinates": [[66.712792, 44.170728], [66.712692, 44.170783], [66.712919, 44.171271], [66.711868, 44.171579], [66.712919, 44.171271], [66.712972, 44.171387], [66.711919, 44.171672], [66.712972, 44.171387], [66.713262, 44.17197], [66.711631, 44.172376], [66.713262, 44.17197], [66.713319, 44.172073], [66.710689, 44.172747], [66.713319, 44.172073], [66.713585, 44.172625], [66.711446, 44.173199], [66.713585, 44.172625], [66.713631, 44.172728], [66.710636, 44.173514], [66.709125, 44.173879], [66.710636, 44.173514], [66.713631, 44.172728], [66.713973, 44.173378], [66.713631, 44.172728], [66.716211, 44.172068], [66.716383, 44.172034], [66.716786, 44.172913], [66.7169025, 44.1727671], [66.7175769, 44.1724288], [66.7169025, 44.1727671], [66.716786, 44.172913], [66.716383, 44.172034], [66.717872, 44.171635], [66.716383, 44.172034], [66.716211, 44.172068], [66.713631, 44.172728], [66.713585, 44.172625], [66.714514, 44.172386], [66.716181, 44.171985], [66.718132, 44.171467]]}, "properties": {"id": "line04_0014", "name": "ВЛ 0,4 кВ от КТПБ 10/0,4 кВ №371", "object_type": "line04", "voltage": "0,4 кВ", "parent_id": null, "fed_from": null, "year": null, "power_kva": null, "balance": null, "inventory_no": null, "length": null, "description": null, "links": [{"name": "Гео-схема", "url": "https://www.google.com/maps/d/viewer?hl=ru&mid=1OQxpoWyJZ7rfBiKzvFNnqWZ-z3u6Xco&ll=44.17146789927494%2C66.71402629999999&z=17"}, {"name": "По опорная схема", "url": "https://docs.google.com/drawings/d/1PiYscOhJuK36S2MsGv-rpQ0Nnn0qSMDqO-omXM6jNk0/edit?usp=sharing"}, {"name": "Таблица данных по опорам", "url": "https://docs.google.com/spreadsheets/d/1iWtd2GoU0b-dkd669MCGUTbqbp0l_H7GdWPhcQjSwM8/edit?usp=sharing"}], "source_folder": "ВЛ-0.4 кВ"}}, {"type": "Feature", "geometry": {"type": "LineString", "coordinates": [[66.719121, 44.165844], [66.71678, 44.164694], [66.713851, 44.163209], [66.71678, 44.164694], [66.716874, 44.164607], [66.718601, 44.165479], [66.716874, 44.164607], [66.714159, 44.163249], [66.714902, 44.162766], [66.714159, 44.163249], [66.713655, 44.162984], [66.713235, 44.162663], [66.71346, 44.162074], [66.714534, 44.161825], [66.714939, 44.161753], [66.714534, 44.161825], [66.71346, 44.162074], [66.713235, 44.162663], [66.713655, 44.162984], [66.714159, 44.163249], [66.716874, 44.164607], [66.717332, 44.164079], [66.718355, 44.164536], [66.717485, 44.16415], [66.717576, 44.164096], [66.718426, 44.164453], [66.717576, 44.164096], [66.717485, 44.16415], [66.717332, 44.164079], [66.717075, 44.163951], [66.716993, 44.163995]]}, "properties": {"id": "line04_0015", "name": "ВЛ-0,4 кВ от ТП-10/0,4 кВ №286", "object_type": "line04", "voltage": "0,4 кВ", "parent_id": null, "fed_from": null, "year": null, "power_kva": null, "balance": null, "inventory_no": null, "length": null, "description": null, "links": [{"name": "Гео-схема", "url": "https://www.google.com/maps/d/edit?hl=ru&mid=1pg09iu5_y3ayN6VhT9dyX8y28_8cax8&ll=44.16348753903636%2C66.71762854387701&z=17"}, {"name": "По опорная схема", "url": "https://docs.google.com/drawings/d/1ydgCmzv9iOKhz-Azpv_rN0QJN_yzcv5_KdlecSV3MmY/edit"}, {"name": "Таблица данный по опорам", "url": "https://docs.google.com/spreadsheets/d/1c9dYZvEYm9fYA7IXm7PfO1AiwAVE_6xZVnN5GfeVU_k/edit?gid=0#gid=0"}], "source_folder": "ВЛ-0.4 кВ"}}, {"type": "Feature", "geometry": {"type": "LineString", "coordinates": [[66.716993, 44.163995], [66.717075, 44.163951], [66.717163, 44.163884], [66.715703, 44.163184], [66.717163, 44.163884], [66.717415, 44.164014], [66.717744, 44.16366], [66.717874, 44.163489], [66.718045, 44.163502], [66.719344, 44.164121], [66.720259, 44.164549], [66.719344, 44.164121], [66.718045, 44.163502], [66.717874, 44.163489], [66.717531, 44.163287], [66.717333, 44.163192], [66.717477, 44.163076], [66.716939, 44.162881], [66.717477, 44.163076], [66.717756, 44.163091], [66.718141, 44.163044], [66.719346, 44.162984], [66.71961, 44.162959], [66.719846, 44.162966], [66.720164, 44.16295], [66.720992, 44.163208]]}, "properties": {"id": "line04_0016", "name": "ВЛ-0,4 кВ от ТП-10/0,4 кВ №286", "object_type": "line04", "voltage": "0,4 кВ", "parent_id": null, "fed_from": null, "year": null, "power_kva": null, "balance": null, "inventory_no": null, "length": null, "description": null, "links": [{"name": "Гео-схема", "url": "https://www.google.com/maps/d/edit?hl=ru&mid=1pg09iu5_y3ayN6VhT9dyX8y28_8cax8&ll=44.16348753903636%2C66.71762854387701&z=17"}, {"name": "По опорная схема", "url": "https://docs.google.com/drawings/d/1ydgCmzv9iOKhz-Azpv_rN0QJN_yzcv5_KdlecSV3MmY/edit"}, {"name": "Таблица данный по опорам", "url": "https://docs.google.com/spreadsheets/d/1c9dYZvEYm9fYA7IXm7PfO1AiwAVE_6xZVnN5GfeVU_k/edit?gid=0#gid=0"}], "source_folder": "ВЛ-0.4 кВ"}}, {"type": "Feature", "geometry": {"type": "LineString", "coordinates": [[66.716993, 44.163995], [66.717032, 44.163939], [66.715331, 44.163121]]}, "properties": {"id": "line04_0017", "name": "ВЛ-0,4 кВ от ТП-10/0,4 кВ №286", "object_type": "line04", "voltage": "0,4 кВ", "parent_id": null, "fed_from": null, "year": null, "power_kva": null, "balance": null, "inventory_no": null, "length": null, "description": null, "links": [{"name": "Гео-схема", "url": "https://www.google.com/maps/d/edit?hl=ru&mid=1pg09iu5_y3ayN6VhT9dyX8y28_8cax8&ll=44.16348753903636%2C66.71762854387701&z=17"}, {"name": "По опорная схема", "url": "https://docs.google.com/drawings/d/1ydgCmzv9iOKhz-Azpv_rN0QJN_yzcv5_KdlecSV3MmY/edit"}, {"name": "Таблица данный по опорам", "url": "https://docs.google.com/spreadsheets/d/1c9dYZvEYm9fYA7IXm7PfO1AiwAVE_6xZVnN5GfeVU_k/edit?gid=0#gid=0"}], "source_folder": "ВЛ-0.4 кВ"}}, {"type": "Feature", "geometry": {"type": "LineString", "coordinates": [[66.712531, 44.16882], [66.712431, 44.168595], [66.71169, 44.166867], [66.711422, 44.165961], [66.711692, 44.166868], [66.71253, 44.166646], [66.712622, 44.16664]]}, "properties": {"id": "line04_0018", "name": "ВЛ-0,4 кВ от КТПН-10/0,4 кВ №661", "object_type": "line04", "voltage": "0,4 кВ", "parent_id": null, "fed_from": null, "year": null, "power_kva": null, "balance": null, "inventory_no": null, "length": null, "description": null, "links": [{"name": "Гео-схема", "url": "https://www.google.com/maps/d/edit?hl=ru&mid=1M9fDh_HkTcZ0W60M9sWdTZRD9SStm1A&ll=44.16572111133702%2C66.71517480688478&z=17"}, {"name": "По опорная схема", "url": "https://docs.google.com/drawings/d/1eFuUWTHDSA01Fnz97_rS7t_oz0ty6p6U82WXMYbb_q8/edit"}], "source_folder": "ВЛ-0.4 кВ"}}, {"type": "Feature", "geometry": {"type": "LineString", "coordinates": [[66.71299, 44.167175], [66.712671, 44.166679], [66.712647, 44.166653]]}, "properties": {"id": "line04_0019", "name": "ВЛ-0,4 кВ от КТПН-10/0,4 кВ №661", "object_type": "line04", "voltage": "0,4 кВ", "parent_id": null, "fed_from": null, "year": null, "power_kva": null, "balance": null, "inventory_no": null, "length": null, "description": null, "links": [{"name": "Гео-схема", "url": "https://www.google.com/maps/d/edit?hl=ru&mid=1M9fDh_HkTcZ0W60M9sWdTZRD9SStm1A&ll=44.16572111133702%2C66.71517480688478&z=17"}, {"name": "По опорная схема", "url": "https://docs.google.com/drawings/d/1eFuUWTHDSA01Fnz97_rS7t_oz0ty6p6U82WXMYbb_q8/edit"}], "source_folder": "ВЛ-0.4 кВ"}}, {"type": "Feature", "geometry": {"type": "LineString", "coordinates": [[66.712632, 44.166618], [66.712595, 44.166528], [66.71285, 44.166424], [66.712538, 44.166033], [66.71236, 44.165885], [66.711345, 44.165539], [66.71236, 44.165885], [66.712538, 44.166033], [66.71285, 44.166424], [66.714181, 44.16593], [66.710983, 44.164406], [66.714181, 44.16593], [66.714797, 44.165698], [66.716504, 44.167639], [66.714797, 44.165698], [66.715018, 44.165593], [66.711202, 44.1637], [66.715018, 44.165593], [66.71765, 44.166881], [66.715018, 44.165593], [66.715788, 44.165296], [66.717512, 44.166217], [66.715788, 44.165296], [66.716179, 44.165137], [66.716537, 44.164996], [66.716179, 44.165137], [66.713122, 44.163675], [66.712699, 44.16352], [66.712343, 44.163349], [66.712015, 44.163234]]}, "properties": {"id": "line04_0020", "name": "ВЛ-0,4 кВ от КТПН-10/0,4 кВ №661", "object_type": "line04", "voltage": "0,4 кВ", "parent_id": null, "fed_from": null, "year": null, "power_kva": null, "balance": null, "inventory_no": null, "length": null, "description": null, "links": [{"name": "Гео-схема", "url": "https://www.google.com/maps/d/edit?hl=ru&mid=1M9fDh_HkTcZ0W60M9sWdTZRD9SStm1A&ll=44.16572111133702%2C66.71517480688478&z=17"}, {"name": "По опорная схема", "url": "https://docs.google.com/drawings/d/1eFuUWTHDSA01Fnz97_rS7t_oz0ty6p6U82WXMYbb_q8/edit"}], "source_folder": "ВЛ-0.4 кВ"}}, {"type": "Feature", "geometry": {"type": "LineString", "coordinates": [[66.712645, 44.166623], [66.712641, 44.166593], [66.714606, 44.165845], [66.714991, 44.16572], [66.715753, 44.165422], [66.716598, 44.165092]]}, "properties": {"id": "line04_0021", "name": "ВЛ-0,4 кВ от КТПН-10/0,4 кВ №661", "object_type": "line04", "voltage": "0,4 кВ", "parent_id": null, "fed_from": null, "year": null, "power_kva": null, "balance": null, "inventory_no": null, "length": null, "description": null, "links": [{"name": "Гео-схема", "url": "https://www.google.com/maps/d/edit?hl=ru&mid=1M9fDh_HkTcZ0W60M9sWdTZRD9SStm1A&ll=44.16572111133702%2C66.71517480688478&z=17"}, {"name": "По опорная схема", "url": "https://docs.google.com/drawings/d/1eFuUWTHDSA01Fnz97_rS7t_oz0ty6p6U82WXMYbb_q8/edit"}], "source_folder": "ВЛ-0.4 кВ"}}, {"type": "Feature", "geometry": {"type": "LineString", "coordinates": [[66.720614, 44.165082], [66.721101, 44.164463], [66.720965, 44.164342], [66.720932, 44.164317], [66.720923, 44.164257], [66.720004, 44.163991], [66.720111, 44.163861], [66.720004, 44.163991], [66.718729, 44.163537]]}, "properties": {"id": "line04_0022", "name": "ВЛ-0,4 кВ от КТП-10/0,4 кВ 112", "object_type": "line04", "voltage": "0,4 кВ", "parent_id": null, "fed_from": null, "year": null, "power_kva": null, "balance": null, "inventory_no": null, "length": null, "description": null, "links": [{"name": "Гео-схема", "url": "https://www.google.com/maps/d/edit?hl=ru&mid=1r-WHaVB7WstqHSnl7V0lVWYkPOEFhqs&ll=44.16360138154499%2C66.72209776205631&z=16"}, {"name": "По опорная схема", "url": "https://docs.google.com/drawings/d/1WLPqaP1lH6mzBGjXcryPm1_YuIxehIx0LOuPkPH37EA/edit"}], "source_folder": "ВЛ-0.4 кВ"}}, {"type": "Feature", "geometry": {"type": "LineString", "coordinates": [[66.720947, 44.164312], [66.720992, 44.164285], [66.721459, 44.164022], [66.721584, 44.164187], [66.722269, 44.164492], [66.721584, 44.164187], [66.721459, 44.164022], [66.721801, 44.163827], [66.722058, 44.163575], [66.722965, 44.163987], [66.722058, 44.163575], [66.722826, 44.162826], [66.72359, 44.163104], [66.722826, 44.162826], [66.723233, 44.162403], [66.723323, 44.162181], [66.723549, 44.161874], [66.72422, 44.162038], [66.72467, 44.16145], [66.72422, 44.162038], [66.723549, 44.161874], [66.723783, 44.161571], [66.724124, 44.161637]]}, "properties": {"id": "line04_0023", "name": "ВЛ-0,4 кВ от КТП-10/0,4 кВ 112", "object_type": "line04", "voltage": "0,4 кВ", "parent_id": null, "fed_from": null, "year": null, "power_kva": null, "balance": null, "inventory_no": null, "length": null, "description": null, "links": [{"name": "Гео-схема", "url": "https://www.google.com/maps/d/edit?hl=ru&mid=1r-WHaVB7WstqHSnl7V0lVWYkPOEFhqs&ll=44.16360138154499%2C66.72209776205631&z=16"}, {"name": "По опорная схема", "url": "https://docs.google.com/drawings/d/1WLPqaP1lH6mzBGjXcryPm1_YuIxehIx0LOuPkPH37EA/edit"}], "source_folder": "ВЛ-0.4 кВ"}}, {"type": "Feature", "geometry": {"type": "LineString", "coordinates": [[66.721064, 44.160721], [66.721088, 44.160834], [66.72164, 44.161242], [66.722186, 44.161771], [66.722364, 44.162052], [66.721594, 44.162645], [66.721732, 44.16278], [66.722308, 44.163084], [66.721732, 44.16278], [66.721594, 44.162645], [66.720464, 44.161852]]}, "properties": {"id": "line04_0024", "name": "ВЛ-0,4 кВ от КТП(Н)-10/0,4 кВ №699", "object_type": "line04", "voltage": "0,4 кВ", "parent_id": null, "fed_from": null, "year": null, "power_kva": null, "balance": null, "inventory_no": null, "length": null, "description": null, "links": [{"name": "Гео-схема", "url": "https://www.google.com/maps/d/edit?hl=ru&mid=1-dcMs2o-DfoOYmmHEQA-wc-H3IFO9hU&ll=44.16195073075047%2C66.72127144560768&z=17"}, {"name": "По опорная схема", "url": "https://docs.google.com/drawings/d/1DxefA8SMdyqh3r0NbfLIU9AwGYTALaCzjLjXvrrR0zQ/edit"}], "source_folder": "ВЛ-0.4 кВ"}}, {"type": "Feature", "geometry": {"type": "LineString", "coordinates": [[66.725444, 44.158106], [66.725493, 44.158183], [66.725612, 44.157963], [66.726154, 44.158063], [66.726361, 44.158417], [66.726963, 44.158648], [66.726361, 44.158417], [66.726154, 44.158063], [66.726611, 44.157804], [66.72728, 44.157889], [66.727583, 44.157439], [66.72728, 44.157889], [66.726611, 44.157804], [66.726154, 44.158063], [66.725612, 44.157963], [66.725493, 44.158183], [66.72556, 44.158336], [66.725438, 44.158569], [66.725846, 44.158716], [66.726105, 44.158897], [66.72643, 44.159034], [66.726507, 44.159282], [66.72643, 44.159034], [66.726105, 44.158897], [66.725846, 44.158716], [66.725438, 44.158569], [66.725058, 44.158468], [66.725438, 44.158569], [66.725317, 44.15882], [66.724913, 44.158703], [66.725317, 44.15882], [66.725162, 44.159102], [66.724745, 44.158962], [66.725162, 44.159102], [66.724996, 44.15945], [66.724548, 44.159285], [66.724996, 44.15945], [66.724845, 44.159759], [66.724333, 44.159629], [66.724845, 44.159759], [66.725917, 44.160029], [66.724845, 44.159759], [66.724703, 44.160041], [66.725632, 44.160482], [66.724703, 44.160041], [66.724427, 44.160632], [66.724063, 44.160389], [66.724427, 44.160632], [66.72428, 44.160908], [66.72388, 44.160837]]}, "properties": {"id": "line04_0025", "name": "ВЛ-0,4 кВ от КТПН-10/0,4 кВ №482", "object_type": "line04", "voltage": "0,4 кВ", "parent_id": null, "fed_from": null, "year": null, "power_kva": null, "balance": null, "inventory_no": null, "length": null, "description": null, "links": [{"name": "Гео-схема", "url": "https://www.google.com/maps/d/edit?hl=ru&mid=11whK37-L4CpVBCj0__dTiqW0fmHM7LA&ll=44.15750774118479%2C66.72508100000002&z=16"}, {"name": "Ссылка", "url": "https://docs.google.com/drawings/d/1slbZfuYy3ayg8zDzdNtaz2UI85_wp9NnLdzmaypC93I/edit"}], "source_folder": "ВЛ-0.4 кВ"}}, {"type": "Feature", "geometry": {"type": "LineString", "coordinates": [[66.724057, 44.168313], [66.724036, 44.167966], [66.724057, 44.167862], [66.724026, 44.167852], [66.724057, 44.167862], [66.724143, 44.167756], [66.724351, 44.167825], [66.72481, 44.167451], [66.725253, 44.167625], [66.725416, 44.167827], [66.725253, 44.167625], [66.72481, 44.167451], [66.724994, 44.167267], [66.725126, 44.167032], [66.726471, 44.166892], [66.726645, 44.166974], [66.726664, 44.167965], [66.725967, 44.168147], [66.726664, 44.167965], [66.726957, 44.16839], [66.726664, 44.167965], [66.726645, 44.166974], [66.726471, 44.166892], [66.726977, 44.166857], [66.727602, 44.166655], [66.727662, 44.1665], [66.726913, 44.165788], [66.726613, 44.165687], [66.726369, 44.165369], [66.726613, 44.165687], [66.726741, 44.165914], [66.726575, 44.16605], [66.726741, 44.165914], [66.726613, 44.165687], [66.726913, 44.165788], [66.727662, 44.1665], [66.727602, 44.166655], [66.726977, 44.166857], [66.726471, 44.166892], [66.725126, 44.167032], [66.725396, 44.166662], [66.725697, 44.166008]]}, "properties": {"id": "line04_0026", "name": "ВЛ-0,4 кВ от КТПН-10/0,4 кВ №81", "object_type": "line04", "voltage": "0,4 кВ", "parent_id": null, "fed_from": null, "year": null, "power_kva": null, "balance": null, "inventory_no": null, "length": null, "description": null, "links": [{"name": "Гео-схема", "url": "https://www.google.com/maps/d/edit?hl=ru&mid=1zxNRbzcyzg6Rpv9G7U0_WTp19zkFNQ4&ll=44.168179500805124%2C66.72426515741941&z=16"}, {"name": "По опорная схема", "url": "https://docs.google.com/drawings/d/1iguyCgrE6c-by-EdepRm4v4kMyz7NP3Sy23jmyH0koU/edit"}], "source_folder": "ВЛ-0.4 кВ"}}, {"type": "Feature", "geometry": {"type": "LineString", "coordinates": [[66.723995, 44.167846], [66.72391, 44.167779], [66.723947, 44.167534], [66.724159, 44.167066], [66.72375, 44.166919], [66.724159, 44.167066], [66.724606, 44.166404], [66.724738, 44.166263], [66.724498, 44.166076], [66.723546, 44.165705], [66.72432, 44.166004], [66.724418, 44.165926], [66.724927, 44.165269], [66.725257, 44.164722], [66.72546, 44.164599], [66.725257, 44.164722], [66.724841, 44.164496]]}, "properties": {"id": "line04_0027", "name": "ВЛ-0,4 кВ от КТПН-10/0,4 кВ №81", "object_type": "line04", "voltage": "0,4 кВ", "parent_id": null, "fed_from": null, "year": null, "power_kva": null, "balance": null, "inventory_no": null, "length": null, "description": null, "links": [{"name": "Гео-схема", "url": "https://www.google.com/maps/d/edit?hl=ru&mid=1zxNRbzcyzg6Rpv9G7U0_WTp19zkFNQ4&ll=44.168179500805124%2C66.72426515741941&z=16"}, {"name": "По опорная схема", "url": "https://docs.google.com/drawings/d/1iguyCgrE6c-by-EdepRm4v4kMyz7NP3Sy23jmyH0koU/edit"}], "source_folder": "ВЛ-0.4 кВ"}}, {"type": "Feature", "geometry": {"type": "LineString", "coordinates": [[66.723995, 44.167846], [66.723899, 44.167788], [66.722669, 44.167324], [66.722497, 44.167822], [66.722456, 44.168043], [66.722448, 44.168725], [66.722806, 44.168718], [66.723083, 44.16869], [66.723433, 44.16867], [66.723083, 44.16869], [66.722806, 44.168718], [66.722448, 44.168725], [66.722456, 44.168043], [66.722497, 44.167822], [66.722669, 44.167324], [66.721817, 44.167011], [66.72231, 44.166398], [66.722885, 44.166648], [66.722938, 44.166816], [66.722885, 44.166648], [66.72231, 44.166398], [66.721817, 44.167011], [66.721261, 44.166806], [66.721028, 44.167016], [66.720882, 44.167314], [66.719901, 44.169533]]}, "properties": {"id": "line04_0028", "name": "ВЛ-0,4 кВ от КТПН-10/0,4 кВ №81", "object_type": "line04", "voltage": "0,4 кВ", "parent_id": null, "fed_from": null, "year": null, "power_kva": null, "balance": null, "inventory_no": null, "length": null, "description": null, "links": [{"name": "Гео-схема", "url": "https://www.google.com/maps/d/edit?hl=ru&mid=1zxNRbzcyzg6Rpv9G7U0_WTp19zkFNQ4&ll=44.168179500805124%2C66.72426515741941&z=16"}, {"name": "По опорная схема", "url": "https://docs.google.com/drawings/d/1iguyCgrE6c-by-EdepRm4v4kMyz7NP3Sy23jmyH0koU/edit"}], "source_folder": "ВЛ-0.4 кВ"}}, {"type": "Feature", "geometry": {"type": "LineString", "coordinates": [[66.7166271, 44.1676338], [66.7167192, 44.1675882]]}, "properties": {"id": "line10_0001", "name": "Линия 1", "object_type": "line10", "voltage": "10 кВ", "parent_id": null, "fed_from": null, "year": null, "power_kva": null, "balance": null, "inventory_no": null, "length": null, "description": null, "links": [], "source_folder": "КЛ-10 кВ, КЛ-0,4 кВ"}}, {"type": "Feature", "geometry": {"type": "LineString", "coordinates": [[66.7166539, 44.1676848], [66.716726, 44.1675994]]}, "properties": {"id": "line10_0002", "name": "Линия 2", "object_type": "line10", "voltage": "10 кВ", "parent_id": null, "fed_from": null, "year": null, "power_kva": null, "balance": null, "inventory_no": null, "length": null, "description": null, "links": [], "source_folder": "КЛ-10 кВ, КЛ-0,4 кВ"}}, {"type": "Feature", "geometry": {"type": "LineString", "coordinates": [[66.716674, 44.167705], [66.716738, 44.1676148]]}, "properties": {"id": "line10_0003", "name": "Линия 3", "object_type": "line10", "voltage": "10 кВ", "parent_id": null, "fed_from": null, "year": null, "power_kva": null, "balance": null, "inventory_no": null, "length": null, "description": null, "links": [], "source_folder": "КЛ-10 кВ, КЛ-0,4 кВ"}}, {"type": "Feature", "geometry": {"type": "LineString", "coordinates": [[66.741314, 44.17942], [66.7420291, 44.1796174], [66.7423188, 44.1800867], [66.7430216, 44.1802752], [66.7432736, 44.1803339], [66.7433783, 44.1803493]]}, "properties": {"id": "line10_0004", "name": "КЛ-10 кВ отпайка от опоры №44", "object_type": "line10", "voltage": "10 кВ", "parent_id": null, "fed_from": null, "year": null, "power_kva": null, "balance": null, "inventory_no": null, "length": null, "description": null, "links": [], "source_folder": "КЛ-10 кВ, КЛ-0,4 кВ"}}, {"type": "Feature", "geometry": {"type": "LineString", "coordinates": [[66.725422, 44.158081], [66.725404, 44.158072], [66.725135, 44.157405], [66.724673, 44.157197], [66.724065, 44.157826], [66.72359, 44.158427], [66.724065, 44.157826], [66.723447, 44.156778], [66.724065, 44.157826], [66.724673, 44.157197], [66.725135, 44.157405], [66.724918, 44.156852], [66.725967, 44.155723], [66.726377, 44.155216], [66.726592, 44.155266], [66.726377, 44.155216], [66.725484, 44.155074], [66.726377, 44.155216], [66.726775, 44.154108], [66.726377, 44.155216], [66.725967, 44.155723], [66.724918, 44.156852], [66.724723, 44.156777], [66.723829, 44.155429], [66.724018, 44.155358], [66.723602, 44.154764], [66.724018, 44.155358], [66.723829, 44.155429], [66.722815, 44.155773], [66.723264, 44.156495], [66.722815, 44.155773], [66.722579, 44.155845], [66.722995, 44.156473]]}, "properties": {"id": "input04_0001", "name": "Ввод 0,4 кВ от КТПН-10/0,4 кВ №482", "object_type": "input04", "voltage": "0,4 кВ", "parent_id": null, "fed_from": null, "year": null, "power_kva": null, "balance": null, "inventory_no": null, "length": null, "description": null, "links": [{"name": "Гео-схема", "url": "https://www.google.com/maps/d/edit?hl=ru&mid=11whK37-L4CpVBCj0__dTiqW0fmHM7LA&ll=44.15750774118479%2C66.72508100000002&z=16"}, {"name": "Ссылка", "url": "https://docs.google.com/drawings/d/1slbZfuYy3ayg8zDzdNtaz2UI85_wp9NnLdzmaypC93I/edit"}], "source_folder": "Ввод-0,4 кВ"}}]}
